txn_id,user_id,timestamp,amount,channel,beneficiary_id,beneficiary_is_new,merchant_category,user_avg_txn_amount,is_attack_scenario,attack_type
txn_0002551,U1095,2026-01-01 08:04:00,4069.68,web,B_U1095_5,False,dining,4619.02,False,normal
txn_0001810,U1067,2026-01-01 08:09:00,2447.35,web,B_U1067_9,False,fuel,2136.18,False,normal
txn_0002187,U1081,2026-01-01 08:11:00,3810.02,web,B_U1081_13,False,travel,4023.78,False,normal
txn_0000028,U1001,2026-01-01 08:16:00,2781.05,mobile,B_U1001_10,False,electronics,2959.57,False,normal
txn_0003149,U1118,2026-01-01 08:56:00,3975.08,mobile,B_U1118_6,False,fuel,3428.82,False,normal
txn_0001324,U1049,2026-01-01 09:19:00,1460.48,web,B_U1049_10,False,dining,1500.95,False,normal
txn_0000730,U1027,2026-01-01 09:23:00,3902.32,mobile,B_U1027_4,False,dining,2802.86,False,normal
txn_0001189,U1044,2026-01-01 09:24:00,4402.59,web,B_U1044_3,False,peer_transfer,6443.21,False,normal
txn_0001594,U1059,2026-01-01 09:45:00,2409.03,web,B_U1059_16,False,dining,2320.66,False,normal
txn_0001945,U1072,2026-01-01 09:59:00,8543.78,mobile,B_U1072_4,False,electronics,5461.96,False,normal
txn_0001432,U1053,2026-01-01 10:00:00,2117.05,atm,B_U1053_6,False,fuel,3360.77,False,normal
txn_0000514,U1019,2026-01-01 10:02:00,3003.46,web,B_U1019_9,False,dining,4323.75,False,normal
txn_0002317,U1086,2026-01-01 10:13:00,4874.64,web,B_U1086_7,False,groceries,4347.82,False,normal
txn_0000325,U1012,2026-01-01 10:21:00,1380.43,mobile,B_U1012_17,False,electronics,2152.49,False,normal
txn_0000001,U1000,2026-01-01 10:23:00,966.01,web,B_U1000_5,False,dining,3431.57,False,normal
txn_0001864,U1069,2026-01-01 10:36:00,4244.01,mobile,B_U1069_12,False,travel,5981.69,False,normal
txn_0001972,U1073,2026-01-01 10:52:00,3557.78,mobile,B_U1073_12,False,utilities,3306.92,False,normal
txn_0002603,U1097,2026-01-01 10:54:00,711.57,mobile,B_U1097_18,False,fuel,1723.17,False,normal
txn_0000271,U1010,2026-01-01 11:14:00,5550.73,web,B_U1010_15,False,travel,4545.51,False,normal
txn_0002552,U1095,2026-01-01 11:22:00,2223.5,web,B_U1095_4,False,travel,4619.02,False,normal
txn_0003123,U1117,2026-01-01 11:27:00,2856.88,web,B_U1117_2,False,groceries,3396.23,False,normal
txn_0000217,U1008,2026-01-01 11:45:00,3252.02,mobile,B_U1008_59550,True,utilities,3573.17,False,normal
txn_0001756,U1065,2026-01-01 12:08:00,4295.22,mobile,B_U1065_9,False,peer_transfer,2907.56,False,normal
txn_0001270,U1047,2026-01-01 12:11:00,6363.32,mobile,B_U1047_7,False,electronics,2870.56,False,normal
txn_0001999,U1074,2026-01-01 12:11:00,1848.17,web,B_U1074_2,False,fuel,2873.53,False,normal
txn_0000595,U1022,2026-01-01 12:15:00,14351.32,web,B_U1022_4,False,investment,4140.87,False,normal
txn_0001081,U1040,2026-01-01 12:23:00,3027.05,web,B_U1040_4,False,electronics,3480.98,False,normal
txn_0001729,U1064,2026-01-01 12:36:00,6114.46,mobile,B_U1064_17,False,groceries,7922.85,False,normal
txn_0001082,U1040,2026-01-01 12:41:00,3667.36,mobile,B_U1040_2,False,travel,3480.98,False,normal
txn_0001271,U1047,2026-01-01 12:41:00,2673.23,atm,B_U1047_17,False,travel,2870.56,False,normal
txn_0002421,U1090,2026-01-01 12:55:00,2214.79,atm,B_U1090_68675,True,fuel,3957.38,False,normal
txn_0001567,U1058,2026-01-01 13:00:00,2342.87,mobile,B_U1058_9,False,fuel,4002.51,False,normal
txn_0002785,U1104,2026-01-01 13:02:00,3758.66,mobile,B_U1104_2,False,investment,1958.45,False,normal
txn_0000136,U1005,2026-01-01 13:08:00,1759.89,web,B_U1005_8,False,peer_transfer,2618.11,False,normal
txn_0002265,U1084,2026-01-01 13:15:00,1909.96,web,B_U1084_2,False,electronics,1662.97,False,normal
txn_0000082,U1003,2026-01-01 13:42:00,2606.78,atm,B_U1003_16,False,dining,2001.51,False,normal
txn_0000622,U1023,2026-01-01 13:44:00,2177.28,mobile,B_U1023_4,False,peer_transfer,3158.77,False,normal
txn_0002604,U1097,2026-01-01 13:58:00,1854.79,web,B_U1097_5,False,travel,1723.17,False,normal
txn_0002605,U1097,2026-01-01 14:03:00,1762.31,mobile,B_U1097_1,False,utilities,1723.17,False,normal
txn_0001891,U1070,2026-01-01 14:20:00,2536.87,atm,B_U1070_2,False,peer_transfer,4224.9,False,normal
txn_0000596,U1022,2026-01-01 14:23:00,4089.92,web,B_U1022_1,False,utilities,4140.87,False,normal
txn_0001272,U1047,2026-01-01 14:24:00,1560.43,mobile,B_U1047_6,False,utilities,2870.56,False,normal
txn_0002239,U1083,2026-01-01 14:33:00,2227.56,mobile,B_U1083_16,False,peer_transfer,3626.19,False,normal
txn_0000272,U1010,2026-01-01 15:02:00,4660.76,web,B_U1010_15,False,travel,4545.51,False,normal
txn_0001162,U1043,2026-01-01 15:05:00,5662.04,web,B_U1043_4,False,dining,6061.22,False,normal
txn_0001675,U1062,2026-01-01 15:14:00,5799.59,web,B_U1062_10,False,dining,5313.72,False,normal
txn_0002733,U1102,2026-01-01 15:15:00,3647.38,mobile,B_U1102_26969,True,utilities,4673.84,False,normal
txn_0000055,U1002,2026-01-01 15:16:00,2484.22,mobile,B_U1002_6,False,dining,4906.58,False,normal
txn_0002473,U1092,2026-01-01 15:20:00,1202.53,atm,B_U1092_1,False,investment,2917.77,False,normal
txn_0002553,U1095,2026-01-01 15:20:00,2868.76,web,B_U1095_16,False,peer_transfer,4619.02,False,normal
txn_0000273,U1010,2026-01-01 15:30:00,6981.06,web,B_U1010_9,False,travel,4545.51,False,normal
txn_0001459,U1054,2026-01-01 15:30:00,2585.26,atm,B_U1054_16,False,groceries,2347.07,False,normal
txn_0001351,U1050,2026-01-01 15:37:00,2113.04,mobile,B_U1050_6,False,peer_transfer,3695.41,False,normal
txn_0002681,U1100,2026-01-01 15:44:00,3154.57,mobile,B_U1100_16,False,utilities,3364.39,False,normal
txn_0001190,U1044,2026-01-01 16:01:00,13655.56,mobile,B_U1044_16,False,groceries,6443.21,False,normal
txn_0001191,U1044,2026-01-01 16:18:00,4018.18,web,B_U1044_4,False,dining,6443.21,False,normal
txn_0002606,U1097,2026-01-01 16:44:00,955.3,mobile,B_U1097_6,False,utilities,1723.17,False,normal
txn_0000568,U1021,2026-01-01 16:50:00,1092.66,mobile,B_U1021_9,False,dining,2094.79,False,normal
txn_0000083,U1003,2026-01-01 16:54:00,1312.39,mobile,B_U1003_8,False,fuel,2001.51,False,normal
txn_0002499,U1093,2026-01-01 16:54:00,8523.88,mobile,B_U1093_17,False,investment,3053.67,False,normal
txn_0001216,U1045,2026-01-01 16:59:00,2978.51,mobile,B_U1045_6,False,fuel,3817.05,False,normal
txn_0001273,U1047,2026-01-01 17:01:00,3546.93,web,B_U1047_8,False,peer_transfer,2870.56,False,normal
txn_0002941,U1110,2026-01-01 17:29:00,1444.02,mobile,B_U1110_13,False,utilities,2501.88,False,normal
txn_0001192,U1044,2026-01-01 17:33:00,5008.23,mobile,B_U1044_11,False,travel,6443.21,False,normal
txn_0001648,U1061,2026-01-01 17:59:00,9723.22,web,B_U1061_4,False,travel,13171.59,False,normal
txn_0001217,U1045,2026-01-01 18:00:00,1400.52,atm,B_U1045_10,False,travel,3817.05,False,normal
txn_0002266,U1084,2026-01-01 18:05:00,1995.33,mobile,B_U1084_2,False,groceries,1662.97,False,normal
txn_0001946,U1072,2026-01-01 18:17:00,4284.19,mobile,B_U1072_13,False,electronics,5461.96,False,normal
txn_0000109,U1004,2026-01-01 18:30:00,1794.83,mobile,B_U1004_5,False,dining,2852.1,False,normal
txn_0001621,U1060,2026-01-01 18:32:00,1171.86,mobile,B_U1060_18,False,groceries,2200.45,False,normal
txn_0000865,U1032,2026-01-01 18:45:00,3716.46,mobile,B_U1032_9,False,investment,1492.58,False,normal
txn_0000703,U1026,2026-01-01 18:46:00,1976.37,web,B_U1026_11,False,utilities,2270.01,False,normal
txn_0001730,U1064,2026-01-01 18:57:00,2755.65,mobile,B_U1064_14,False,investment,7922.85,False,normal
txn_0002525,U1094,2026-01-01 19:01:00,3540.14,atm,B_U1094_6,False,travel,2174.74,False,normal
txn_0001595,U1059,2026-01-01 19:04:00,1422.16,mobile,B_U1059_9,False,groceries,2320.66,False,normal
txn_0000029,U1001,2026-01-01 19:30:00,5502.5,mobile,B_U1001_6,False,electronics,2959.57,False,normal
txn_0000433,U1016,2026-01-01 19:34:00,1168.71,mobile,B_U1016_6,False,electronics,2121.6,False,normal
txn_0000866,U1032,2026-01-01 19:35:00,871.59,mobile,B_U1032_3,False,peer_transfer,1492.58,False,normal
txn_0002267,U1084,2026-01-01 19:48:00,1761.28,mobile,B_U1084_4,False,utilities,1662.97,False,normal
txn_0001865,U1069,2026-01-01 19:57:00,4560.75,web,B_U1069_15,False,dining,5981.69,False,normal
txn_0002577,U1096,2026-01-01 20:00:00,6365.07,mobile,B_U1096_9,False,electronics,4725.77,False,normal
txn_0000298,U1011,2026-01-01 20:05:00,8974.25,web,B_U1011_1,False,peer_transfer,9375.34,False,normal
txn_0002026,U1075,2026-01-01 20:14:00,3333.14,atm,B_U1075_7,False,dining,3596.75,False,normal
txn_0002682,U1100,2026-01-01 20:18:00,1848.22,web,B_U1100_8,False,travel,3364.39,False,normal
txn_0000757,U1028,2026-01-01 20:20:00,5480.29,web,B_U1028_15,False,fuel,4440.68,False,normal
txn_0001918,U1071,2026-01-01 20:26:00,4159.51,mobile,B_U1071_3,False,utilities,4084.71,False,normal
txn_0002655,U1099,2026-01-01 20:26:00,5738.34,mobile,B_U1099_2,False,fuel,7588.88,False,normal
txn_0000163,U1006,2026-01-01 20:36:00,1378.94,web,B_U1006_6,False,fuel,2287.03,False,normal
txn_0000569,U1021,2026-01-01 20:38:00,1364.38,web,B_U1021_9,False,utilities,2094.79,False,normal
txn_0003019,U1113,2026-01-01 20:39:00,871.05,mobile,B_U1113_6,False,groceries,1261.03,False,normal
txn_0000137,U1005,2026-01-01 20:58:00,1982.43,mobile,B_U1005_9,False,fuel,2618.11,False,normal
txn_0001297,U1048,2026-01-01 21:13:00,5232.01,mobile,B_U1048_16,False,peer_transfer,2557.77,False,normal
txn_0001757,U1065,2026-01-01 21:26:00,5109.24,web,B_U1065_5,False,travel,2907.56,False,normal
txn_0001274,U1047,2026-01-01 21:40:00,5256.71,atm,B_U1047_14,False,fuel,2870.56,False,normal
txn_0000164,U1006,2026-01-01 21:41:00,959.14,mobile,B_U1006_11,False,peer_transfer,2287.03,False,normal
txn_0002889,U1108,2026-01-01 21:43:00,2468.14,mobile,B_U1108_1,False,travel,3438.35,False,normal
txn_0003045,U1114,2026-01-01 21:53:00,1244.04,web,B_U1114_8,False,dining,2369.62,False,normal
txn_0000138,U1005,2026-01-01 22:06:00,3516.97,mobile,B_U1005_11,False,peer_transfer,2618.11,False,normal
txn_0001513,U1056,2026-01-01 22:07:00,5756.42,mobile,B_U1056_9,False,fuel,4117.9,False,normal
txn_0002890,U1108,2026-01-01 22:21:00,3650.84,web,B_U1108_4,False,dining,3438.35,False,normal
txn_0001405,U1052,2026-01-01 22:35:00,694.64,mobile,B_U1052_1,False,groceries,1695.82,False,normal
txn_0002027,U1075,2026-01-01 22:40:00,4667.09,web,B_U1075_8,False,dining,3596.75,False,normal
txn_0001622,U1060,2026-01-01 22:52:00,1960.07,mobile,B_U1060_8,False,fuel,2200.45,False,normal
txn_0002811,U1105,2026-01-01 23:07:00,4819.72,mobile,B_U1105_2,False,fuel,5101.93,False,normal
txn_0001108,U1041,2026-01-01 23:30:00,5534.55,web,B_U1041_12,False,dining,3955.76,False,normal
txn_0001027,U1038,2026-01-01 23:34:00,4966.58,mobile,B_U1038_13,False,fuel,9163.94,False,normal
txn_0002213,U1082,2026-01-01 23:42:00,2995.23,web,B_U1082_9,False,utilities,4569.76,False,normal
txn_0003020,U1113,2026-01-01 23:51:00,1253.02,mobile,B_U1113_83317,True,groceries,1261.03,False,normal
txn_0000379,U1014,2026-01-01 23:56:00,7611.43,mobile,B_U1014_1,False,investment,5753.35,False,normal
txn_0001460,U1054,2026-01-02 00:13:00,1519.83,web,B_U1054_3,False,fuel,2347.07,False,normal
txn_0000973,U1036,2026-01-02 00:50:00,375.16,mobile,B_U1036_16,False,utilities,1129.15,False,normal
txn_0002500,U1093,2026-01-02 01:01:00,1791.0,mobile,B_U1093_14,False,travel,3053.67,False,normal
txn_0000139,U1005,2026-01-02 01:06:00,1337.79,mobile,B_U1005_14,False,groceries,2618.11,False,normal
txn_0000352,U1013,2026-01-02 01:11:00,5318.37,mobile,B_U1013_9,False,groceries,4381.55,False,normal
txn_0002134,U1079,2026-01-02 01:23:00,1628.01,web,B_U1079_3,False,groceries,1934.95,False,normal
txn_0002501,U1093,2026-01-02 01:35:00,2812.27,mobile,B_U1093_7,False,utilities,3053.67,False,normal
txn_0000299,U1011,2026-01-02 01:36:00,16461.95,mobile,B_U1011_17,False,fuel,9375.34,False,normal
txn_0001275,U1047,2026-01-02 01:39:00,8777.33,mobile,B_U1047_15,False,travel,2870.56,False,normal
txn_0002053,U1076,2026-01-02 01:48:00,4250.22,atm,B_U1076_17,False,fuel,4907.7,False,normal
txn_0000570,U1021,2026-01-02 02:00:00,2541.27,mobile,B_U1021_11,False,travel,2094.79,False,normal
txn_0000676,U1025,2026-01-02 02:01:00,4929.74,web,B_U1025_1,False,peer_transfer,2077.08,False,normal
txn_0001406,U1052,2026-01-02 02:13:00,1568.28,mobile,B_U1052_7,False,peer_transfer,1695.82,False,normal
txn_0001676,U1062,2026-01-02 02:16:00,7490.29,mobile,B_U1062_8,False,dining,5313.72,False,normal
txn_0002786,U1104,2026-01-02 02:16:00,1498.63,mobile,B_U1104_2,False,fuel,1958.45,False,normal
txn_0001623,U1060,2026-01-02 02:34:00,1749.78,web,B_U1060_17,False,fuel,2200.45,False,normal
txn_0002214,U1082,2026-01-02 02:50:00,8444.01,mobile,B_U1082_12,False,investment,4569.76,False,normal
txn_0000838,U1031,2026-01-02 02:55:00,6773.66,web,B_U1031_16,False,dining,3939.68,False,normal
txn_0001783,U1066,2026-01-02 03:07:00,1682.39,mobile,B_U1066_15,False,travel,2174.71,False,normal
txn_0000571,U1021,2026-01-02 03:25:00,1873.94,mobile,B_U1021_8,False,travel,2094.79,False,normal
txn_0002107,U1078,2026-01-02 03:38:00,7184.51,mobile,B_U1078_15,False,groceries,6944.14,False,normal
txn_0000300,U1011,2026-01-02 03:58:00,9875.79,mobile,B_U1011_9,False,groceries,9375.34,False,normal
txn_0002759,U1103,2026-01-02 04:06:00,3472.06,mobile,B_U1103_6,False,dining,3356.29,False,normal
txn_0000084,U1003,2026-01-02 04:20:00,1163.42,mobile,B_U1003_7,False,travel,2001.51,False,normal
txn_0002578,U1096,2026-01-02 04:22:00,7217.17,mobile,B_U1096_13,False,groceries,4725.77,False,normal
txn_0000002,U1000,2026-01-02 04:23:00,2491.71,mobile,B_U1000_2,False,peer_transfer,3431.57,False,normal
txn_0002268,U1084,2026-01-02 04:28:00,1486.05,mobile,B_U1084_2,False,investment,1662.97,False,normal
txn_0002787,U1104,2026-01-02 04:37:00,2557.21,mobile,B_U1104_5,False,dining,1958.45,False,normal
txn_0000056,U1002,2026-01-02 04:42:00,9009.6,mobile,B_U1002_29445,True,travel,4906.58,False,normal
txn_0002369,U1088,2026-01-02 04:51:00,2645.58,mobile,B_U1088_17,False,electronics,1638.89,False,normal
txn_0002837,U1106,2026-01-02 05:04:00,4362.52,web,B_U1106_11,False,electronics,3670.02,False,normal
txn_0000677,U1025,2026-01-02 05:15:00,3893.02,atm,B_U1025_53649,True,travel,2077.08,False,normal
txn_0001433,U1053,2026-01-02 06:01:00,3890.5,web,B_U1053_13,False,fuel,3360.77,False,normal
txn_0001407,U1052,2026-01-02 06:06:00,1555.15,mobile,B_U1052_18,False,investment,1695.82,False,normal
txn_0001408,U1052,2026-01-02 06:06:00,989.92,mobile,B_U1052_4,False,groceries,1695.82,False,normal
txn_0000892,U1033,2026-01-02 06:13:00,2325.19,web,B_U1033_15,False,electronics,2238.38,False,normal
txn_0001276,U1047,2026-01-02 06:13:00,1686.94,mobile,B_U1047_82476,True,electronics,2870.56,False,normal
txn_0000758,U1028,2026-01-02 06:18:00,11111.99,mobile,B_U1028_8,False,investment,4440.68,False,normal
txn_0001325,U1049,2026-01-02 06:29:00,1596.09,mobile,B_U1049_4,False,fuel,1500.95,False,normal
txn_0000487,U1018,2026-01-02 06:33:00,2373.27,mobile,B_U1018_15,False,investment,1714.18,False,normal
txn_0002422,U1090,2026-01-02 06:49:00,5480.73,mobile,B_U1090_17,False,fuel,3957.38,False,normal
txn_0003071,U1115,2026-01-02 06:53:00,1613.52,web,B_U1115_8,False,utilities,1701.41,False,normal
txn_0000140,U1005,2026-01-02 06:55:00,6723.84,mobile,B_U1005_12,False,dining,2618.11,False,normal
txn_0003021,U1113,2026-01-02 07:37:00,695.12,mobile,B_U1113_2,False,utilities,1261.03,False,normal
txn_0002838,U1106,2026-01-02 07:38:00,5181.06,web,B_U1106_8,False,travel,3670.02,False,normal
txn_0000704,U1026,2026-01-02 07:45:00,2355.53,mobile,B_U1026_15,False,investment,2270.01,False,normal
txn_0002000,U1074,2026-01-02 07:54:00,2418.99,mobile,B_U1074_4,False,travel,2873.53,False,normal
txn_0002054,U1076,2026-01-02 08:05:00,1842.73,web,B_U1076_10,False,fuel,4907.7,False,normal
txn_0001135,U1042,2026-01-02 08:07:00,3557.78,mobile,B_U1042_11,False,dining,4610.29,False,normal
txn_0000784,U1029,2026-01-02 08:12:00,1842.23,mobile,B_U1029_16,False,electronics,2499.66,False,normal
txn_0000190,U1007,2026-01-02 08:26:00,2638.01,mobile,B_U1007_1,False,travel,3285.15,False,normal
txn_0001540,U1057,2026-01-02 08:31:00,11815.8,mobile,B_U1057_4,False,investment,6319.59,False,normal
txn_0001702,U1063,2026-01-02 08:46:00,4460.8,mobile,B_U1063_13,False,peer_transfer,10220.13,False,normal
txn_0002474,U1092,2026-01-02 08:52:00,3166.2,web,B_U1092_16,False,utilities,2917.77,False,normal
txn_0000759,U1028,2026-01-02 08:59:00,2629.24,mobile,B_U1028_5,False,electronics,4440.68,False,normal
txn_0001028,U1038,2026-01-02 09:03:00,10817.09,web,B_U1038_18,False,groceries,9163.94,False,normal
txn_0000434,U1016,2026-01-02 09:16:00,2042.57,atm,B_U1016_9,False,peer_transfer,2121.6,False,normal
txn_0002318,U1086,2026-01-02 09:22:00,9817.36,mobile,B_U1086_14,False,travel,4347.82,False,normal
txn_0002161,U1080,2026-01-02 09:34:00,2367.83,mobile,B_U1080_7,False,fuel,2738.22,False,normal
txn_0000705,U1026,2026-01-02 09:37:00,1957.18,atm,B_U1026_11,False,peer_transfer,2270.01,False,normal
txn_0000649,U1024,2026-01-02 09:38:00,3338.64,web,B_U1024_18,False,travel,3630.97,False,normal
txn_0000785,U1029,2026-01-02 09:57:00,1433.6,mobile,B_U1029_17,False,groceries,2499.66,False,normal
txn_0001326,U1049,2026-01-02 10:01:00,1265.08,atm,B_U1049_17,False,travel,1500.95,False,normal
txn_0001514,U1056,2026-01-02 10:10:00,4725.97,mobile,B_U1056_14,False,travel,4117.9,False,normal
txn_0000650,U1024,2026-01-02 10:18:00,2554.91,mobile,B_U1024_38775,True,fuel,3630.97,False,normal
txn_0000919,U1034,2026-01-02 10:20:00,3502.54,mobile,B_U1034_32985,True,electronics,3918.7,False,normal
txn_0001515,U1056,2026-01-02 10:20:00,3528.27,atm,B_U1056_2,False,utilities,4117.9,False,normal
txn_0002734,U1102,2026-01-02 10:38:00,4060.84,atm,B_U1102_17,False,utilities,4673.84,False,normal
txn_0001703,U1063,2026-01-02 10:44:00,5864.54,mobile,B_U1063_15,False,travel,10220.13,False,normal
txn_0001193,U1044,2026-01-02 11:13:00,3479.62,web,B_U1044_10,False,travel,6443.21,False,normal
txn_0002291,U1085,2026-01-02 11:18:00,2156.32,mobile,B_U1085_11,False,electronics,1952.44,False,normal
txn_0002942,U1110,2026-01-02 11:23:00,2928.1,web,B_U1110_16,False,travel,2501.88,False,normal
txn_0002188,U1081,2026-01-02 11:30:00,3133.14,mobile,B_U1081_10,False,electronics,4023.78,False,normal
txn_0000085,U1003,2026-01-02 11:39:00,1123.78,mobile,B_U1003_10,False,utilities,2001.51,False,normal
txn_0000541,U1020,2026-01-02 11:48:00,2487.28,mobile,B_U1020_10,False,investment,2216.94,False,normal
txn_0000301,U1011,2026-01-02 11:49:00,6768.81,web,B_U1011_12,False,fuel,9375.34,False,normal
txn_0001973,U1073,2026-01-02 12:01:00,1377.63,mobile,B_U1073_16,False,groceries,3306.92,False,normal
txn_0003072,U1115,2026-01-02 12:12:00,1500.78,mobile,B_U1115_9,False,peer_transfer,1701.41,False,normal
txn_0000946,U1035,2026-01-02 12:14:00,1567.84,mobile,B_U1035_18,False,peer_transfer,2810.15,False,normal
txn_0002240,U1083,2026-01-02 12:20:00,2364.51,mobile,B_U1083_11,False,groceries,3626.19,False,normal
txn_0000086,U1003,2026-01-02 12:25:00,517.03,atm,B_U1003_3,False,travel,2001.51,False,normal
txn_0001486,U1055,2026-01-02 12:31:00,3735.84,mobile,B_U1055_10,False,travel,2454.82,False,normal
txn_0001352,U1050,2026-01-02 12:37:00,4900.14,web,B_U1050_9,False,travel,3695.41,False,normal
txn_0000191,U1007,2026-01-02 12:40:00,3071.3,web,B_U1007_9,False,groceries,3285.15,False,normal
txn_0001243,U1046,2026-01-02 12:49:00,2951.0,atm,B_U1046_15,False,fuel,2217.91,False,normal
txn_0002292,U1085,2026-01-02 12:50:00,1819.26,mobile,B_U1085_4,False,peer_transfer,1952.44,False,normal
txn_0000572,U1021,2026-01-02 13:10:00,5599.33,web,B_U1021_18,False,investment,2094.79,False,normal
txn_0001892,U1070,2026-01-02 13:30:00,3142.3,mobile,B_U1070_17,False,groceries,4224.9,False,normal
txn_0001054,U1039,2026-01-02 13:31:00,1217.05,web,B_U1039_3,False,investment,1555.7,False,normal
txn_0001677,U1062,2026-01-02 13:32:00,3144.95,mobile,B_U1062_2,False,utilities,5313.72,False,normal
txn_0000786,U1029,2026-01-02 13:37:00,1298.89,web,B_U1029_16,False,fuel,2499.66,False,normal
txn_0003046,U1114,2026-01-02 13:42:00,1489.19,web,B_U1114_1,False,travel,2369.62,False,normal
txn_0000760,U1028,2026-01-02 13:51:00,3978.29,web,B_U1028_9,False,investment,4440.68,False,normal
txn_0001353,U1050,2026-01-02 13:53:00,4593.28,web,B_U1050_6,False,peer_transfer,3695.41,False,normal
txn_0000787,U1029,2026-01-02 13:59:00,5765.26,mobile,B_U1029_13,False,electronics,2499.66,False,normal
txn_0002812,U1105,2026-01-02 14:03:00,4538.4,web,B_U1105_2,False,utilities,5101.93,False,normal
txn_0001298,U1048,2026-01-02 14:08:00,1324.05,web,B_U1048_7,False,travel,2557.77,False,normal
txn_0000761,U1028,2026-01-02 14:10:00,3145.45,web,B_U1028_11,False,dining,4440.68,False,normal
txn_0002189,U1081,2026-01-02 14:17:00,3640.9,web,B_U1081_4,False,peer_transfer,4023.78,False,normal
txn_0002502,U1093,2026-01-02 14:27:00,2643.98,mobile,B_U1093_6,False,fuel,3053.67,False,normal
txn_0001000,U1037,2026-01-02 14:36:00,2111.05,mobile,B_U1037_18,False,peer_transfer,3096.92,False,normal
txn_0002813,U1105,2026-01-02 14:40:00,2288.32,mobile,B_U1105_13,False,fuel,5101.93,False,normal
txn_0000762,U1028,2026-01-02 14:50:00,3018.47,mobile,B_U1028_6,False,groceries,4440.68,False,normal
txn_0001244,U1046,2026-01-02 14:50:00,2378.88,mobile,B_U1046_9,False,fuel,2217.91,False,normal
txn_0002447,U1091,2026-01-02 14:57:00,2599.6,mobile,B_U1091_2,False,peer_transfer,1905.36,False,normal
txn_0000192,U1007,2026-01-02 15:01:00,2023.78,atm,B_U1007_13,False,investment,3285.15,False,normal
txn_0002319,U1086,2026-01-02 15:12:00,3102.37,mobile,B_U1086_8,False,travel,4347.82,False,normal
txn_0001378,U1051,2026-01-02 15:19:00,1237.37,mobile,B_U1051_17,False,travel,1990.06,False,normal
txn_0003124,U1117,2026-01-02 15:20:00,2655.14,mobile,B_U1117_13,False,groceries,3396.23,False,normal
txn_0000515,U1019,2026-01-02 15:23:00,2732.14,mobile,B_U1019_2,False,utilities,4323.75,False,normal
txn_0001409,U1052,2026-01-02 15:33:00,894.01,web,B_U1052_3,False,peer_transfer,1695.82,False,normal
txn_0003150,U1118,2026-01-02 15:39:00,4593.53,mobile,B_U1118_2,False,groceries,3428.82,False,normal
txn_0001974,U1073,2026-01-02 15:54:00,3707.88,mobile,B_U1073_10,False,dining,3306.92,False,normal
txn_0002683,U1100,2026-01-02 15:58:00,3921.65,mobile,B_U1100_3,False,utilities,3364.39,False,normal
txn_0001487,U1055,2026-01-02 15:59:00,2090.79,atm,B_U1055_14,False,peer_transfer,2454.82,False,normal
txn_0002943,U1110,2026-01-02 16:12:00,1728.44,mobile,B_U1110_6,False,utilities,2501.88,False,normal
txn_0002215,U1082,2026-01-02 16:18:00,4755.98,web,B_U1082_4,False,travel,4569.76,False,normal
txn_0002891,U1108,2026-01-02 16:21:00,2055.29,mobile,B_U1108_2,False,travel,3438.35,False,normal
txn_0000141,U1005,2026-01-02 16:22:00,5377.48,mobile,B_U1005_17,False,investment,2618.11,False,normal
txn_0000867,U1032,2026-01-02 16:42:00,1223.71,mobile,B_U1032_4,False,groceries,1492.58,False,normal
txn_0000623,U1023,2026-01-02 16:53:00,4548.91,mobile,B_U1023_9,False,travel,3158.77,False,normal
txn_0000974,U1036,2026-01-02 17:05:00,1083.58,web,B_U1036_16,False,investment,1129.15,False,normal
txn_0002944,U1110,2026-01-02 17:06:00,3612.36,atm,B_U1110_38839,True,groceries,2501.88,False,normal
txn_0002028,U1075,2026-01-02 17:12:00,2247.21,web,B_U1075_5,False,peer_transfer,3596.75,False,normal
txn_0002993,U1112,2026-01-02 17:18:00,5324.95,mobile,B_U1112_9,False,fuel,5205.26,False,normal
txn_0002788,U1104,2026-01-02 17:48:00,1412.61,mobile,B_U1104_18,False,utilities,1958.45,False,normal
txn_0000274,U1010,2026-01-02 17:54:00,2816.45,mobile,B_U1010_5,False,peer_transfer,4545.51,False,normal
txn_0001410,U1052,2026-01-02 18:00:00,674.88,mobile,B_U1052_88466,True,groceries,1695.82,False,normal
txn_0002684,U1100,2026-01-02 18:05:00,1813.94,mobile,B_U1100_6,False,utilities,3364.39,False,normal
txn_0002915,U1109,2026-01-02 18:18:00,2324.84,web,B_U1109_14,False,groceries,5925.56,False,normal
txn_0000731,U1027,2026-01-02 18:19:00,1636.14,mobile,B_U1027_18,False,peer_transfer,2802.86,False,normal
txn_0001866,U1069,2026-01-02 18:39:00,8740.33,mobile,B_U1069_10,False,fuel,5981.69,False,normal
txn_0003047,U1114,2026-01-02 18:57:00,2141.53,mobile,B_U1114_10,False,utilities,2369.62,False,normal
txn_0001461,U1054,2026-01-02 18:58:00,2103.32,mobile,B_U1054_16,False,electronics,2347.07,False,normal
txn_0001837,U1068,2026-01-02 19:17:00,2684.22,web,B_U1068_18,False,utilities,2999.9,False,normal
txn_0000678,U1025,2026-01-02 19:34:00,2246.63,mobile,B_U1025_12,False,peer_transfer,2077.08,False,normal
txn_0002162,U1080,2026-01-02 19:42:00,1079.63,mobile,B_U1080_13,False,fuel,2738.22,False,normal
txn_0000218,U1008,2026-01-02 19:48:00,15122.72,web,B_U1008_10,False,investment,3573.17,False,normal
txn_0001194,U1044,2026-01-02 19:49:00,17459.42,mobile,B_U1044_9,False,electronics,6443.21,False,normal
txn_0000275,U1010,2026-01-02 19:57:00,5043.11,mobile,B_U1010_14,False,electronics,4545.51,False,normal
txn_0002241,U1083,2026-01-02 20:01:00,6419.91,mobile,B_U1083_12,False,electronics,3626.19,False,normal
txn_0001758,U1065,2026-01-02 20:05:00,3803.92,web,B_U1065_63079,True,groceries,2907.56,False,normal
txn_0000219,U1008,2026-01-02 20:34:00,2750.17,mobile,B_U1008_13,False,travel,3573.17,False,normal
txn_0002423,U1090,2026-01-02 20:38:00,2373.59,mobile,B_U1090_2,False,investment,3957.38,False,normal
txn_0002055,U1076,2026-01-02 20:54:00,5908.48,mobile,B_U1076_17,False,electronics,4907.7,False,normal
txn_0002503,U1093,2026-01-02 20:55:00,3935.04,mobile,B_U1093_1,False,travel,3053.67,False,normal
txn_0002448,U1091,2026-01-02 21:15:00,2119.5,web,B_U1091_12,False,peer_transfer,1905.36,False,normal
txn_0001624,U1060,2026-01-02 21:17:00,2840.67,mobile,B_U1060_80581,True,groceries,2200.45,False,normal
txn_0002029,U1075,2026-01-02 21:31:00,3746.0,atm,B_U1075_14,False,investment,3596.75,False,normal
txn_0001947,U1072,2026-01-02 21:35:00,5535.53,atm,B_U1072_9,False,travel,5461.96,False,normal
txn_0002554,U1095,2026-01-02 21:36:00,4336.1,mobile,B_U1095_17,False,groceries,4619.02,False,normal
txn_0002242,U1083,2026-01-02 21:38:00,15373.88,mobile,B_U1083_12,False,investment,3626.19,False,normal
txn_0001893,U1070,2026-01-02 22:00:00,1980.36,web,B_U1070_2,False,utilities,4224.9,False,normal
txn_0001894,U1070,2026-01-02 22:39:00,1618.53,web,B_U1070_8,False,peer_transfer,4224.9,False,normal
txn_0003151,U1118,2026-01-02 22:43:00,3029.75,mobile,B_U1118_57775,True,utilities,3428.82,False,normal
txn_0000597,U1022,2026-01-02 23:04:00,2498.0,web,B_U1022_4,False,peer_transfer,4140.87,False,normal
txn_0002945,U1110,2026-01-02 23:08:00,3886.21,mobile,B_U1110_5,False,peer_transfer,2501.88,False,normal
txn_0003097,U1116,2026-01-02 23:08:00,5904.34,atm,B_U1116_5,False,peer_transfer,5060.46,False,normal
txn_0001434,U1053,2026-01-02 23:10:00,2601.71,mobile,B_U1053_17,False,dining,3360.77,False,normal
txn_0000598,U1022,2026-01-02 23:13:00,5410.29,mobile,B_U1022_14,False,investment,4140.87,False,normal
txn_0000679,U1025,2026-01-02 23:21:00,3282.57,web,B_U1025_16,False,dining,2077.08,False,normal
txn_0001462,U1054,2026-01-02 23:23:00,1900.18,mobile,B_U1054_2,False,dining,2347.07,False,normal
txn_0000488,U1018,2026-01-02 23:24:00,1867.69,mobile,B_U1018_18,False,utilities,1714.18,False,normal
txn_0000460,U1017,2026-01-02 23:31:00,3422.42,mobile,B_U1017_3,False,fuel,4706.98,False,normal
txn_0002707,U1101,2026-01-02 23:33:00,2179.7,mobile,B_U1101_1,False,fuel,2326.49,False,normal
txn_0002735,U1102,2026-01-02 23:44:00,3112.78,mobile,B_U1102_96843,True,utilities,4673.84,False,normal
txn_0000326,U1012,2026-01-02 23:47:00,1735.53,mobile,B_U1012_3,False,fuel,2152.49,False,normal
txn_0002190,U1081,2026-01-03 00:01:00,3150.4,mobile,B_U1081_14,False,travel,4023.78,False,normal
txn_0002370,U1088,2026-01-03 00:01:00,1797.17,mobile,B_U1088_2,False,electronics,1638.89,False,normal
txn_0002001,U1074,2026-01-03 00:04:00,6560.53,web,B_U1074_43771,True,electronics,2873.53,False,normal
txn_0003048,U1114,2026-01-03 00:09:00,1233.1,mobile,B_U1114_8,False,peer_transfer,2369.62,False,normal
txn_0001136,U1042,2026-01-03 00:12:00,4534.7,mobile,B_U1042_5,False,travel,4610.29,False,normal
txn_0002395,U1089,2026-01-03 00:24:00,7312.19,mobile,B_U1089_45707,True,travel,9995.49,False,normal
txn_0001354,U1050,2026-01-03 00:25:00,4337.98,mobile,B_U1050_14,False,travel,3695.41,False,normal
txn_0000920,U1034,2026-01-03 00:36:00,2429.17,atm,B_U1034_10,False,electronics,3918.7,False,normal
txn_0002293,U1085,2026-01-03 00:54:00,1565.13,web,B_U1085_11,False,electronics,1952.44,False,normal
txn_0000087,U1003,2026-01-03 00:58:00,2414.19,mobile,B_U1003_16,False,utilities,2001.51,False,normal
txn_0000706,U1026,2026-01-03 00:59:00,1558.73,mobile,B_U1026_4,False,utilities,2270.01,False,normal
txn_0000302,U1011,2026-01-03 01:08:00,4256.95,web,B_U1011_5,False,utilities,9375.34,False,normal
txn_0000489,U1018,2026-01-03 01:29:00,1204.31,mobile,B_U1018_18,False,investment,1714.18,False,normal
txn_0000353,U1013,2026-01-03 01:40:00,7558.84,web,B_U1013_16,False,investment,4381.55,False,normal
txn_0003152,U1118,2026-01-03 01:46:00,3575.74,mobile,B_U1118_12,False,fuel,3428.82,False,normal
txn_0002294,U1085,2026-01-03 01:52:00,1971.72,web,B_U1085_4,False,travel,1952.44,False,normal
txn_0003073,U1115,2026-01-03 01:54:00,4450.75,mobile,B_U1115_10,False,investment,1701.41,False,normal
txn_0001867,U1069,2026-01-03 01:57:00,6933.63,mobile,B_U1069_4,False,electronics,5981.69,False,normal
txn_0000142,U1005,2026-01-03 02:01:00,4798.72,mobile,B_U1005_11,False,peer_transfer,2618.11,False,normal
txn_0001001,U1037,2026-01-03 02:07:00,2651.53,web,B_U1037_4,False,utilities,3096.92,False,normal
txn_0000220,U1008,2026-01-03 02:08:00,11001.78,mobile,B_U1008_7,False,investment,3573.17,False,normal
txn_0001055,U1039,2026-01-03 02:19:00,923.52,web,B_U1039_2,False,electronics,1555.7,False,normal
txn_0002243,U1083,2026-01-03 02:20:00,5379.02,web,B_U1083_14,False,groceries,3626.19,False,normal
txn_0001411,U1052,2026-01-03 02:32:00,1191.06,mobile,B_U1052_14,False,fuel,1695.82,False,normal
txn_0002789,U1104,2026-01-03 02:40:00,2054.06,web,B_U1104_7,False,investment,1958.45,False,normal
txn_0001056,U1039,2026-01-03 02:57:00,518.84,mobile,B_U1039_3,False,dining,1555.7,False,normal
txn_0001811,U1067,2026-01-03 03:25:00,3839.76,mobile,B_U1067_4,False,travel,2136.18,False,normal
txn_0000057,U1002,2026-01-03 03:42:00,4776.61,mobile,B_U1002_3,False,fuel,4906.58,False,normal
txn_0000811,U1030,2026-01-03 03:43:00,2912.51,web,B_U1030_8,False,peer_transfer,2316.16,False,normal
txn_0001057,U1039,2026-01-03 03:46:00,2486.74,mobile,B_U1039_9,False,investment,1555.7,False,normal
txn_0001649,U1061,2026-01-03 03:58:00,10209.11,mobile,B_U1061_10,False,travel,13171.59,False,normal
txn_0000839,U1031,2026-01-03 04:02:00,2036.65,mobile,B_U1031_11,False,dining,3939.68,False,normal
txn_0001625,U1060,2026-01-03 04:06:00,4653.32,web,B_U1060_14,False,electronics,2200.45,False,normal
txn_0001650,U1061,2026-01-03 04:15:00,7855.37,mobile,B_U1061_91358,True,dining,13171.59,False,normal
txn_0001516,U1056,2026-01-03 04:33:00,3016.57,mobile,B_U1056_16,False,utilities,4117.9,False,normal
txn_0002191,U1081,2026-01-03 04:42:00,2865.08,web,B_U1081_3,False,fuel,4023.78,False,normal
txn_0000354,U1013,2026-01-03 04:48:00,3491.11,web,B_U1013_6,False,electronics,4381.55,False,normal
txn_0001299,U1048,2026-01-03 04:59:00,2583.78,mobile,B_U1048_12,False,peer_transfer,2557.77,False,normal
txn_0001759,U1065,2026-01-03 05:06:00,2331.62,mobile,B_U1065_18,False,fuel,2907.56,False,normal
txn_0001731,U1064,2026-01-03 05:09:00,4167.64,web,B_U1064_4,False,utilities,7922.85,False,normal
txn_0001626,U1060,2026-01-03 05:20:00,3723.5,mobile,B_U1060_6,False,electronics,2200.45,False,normal
txn_0001300,U1048,2026-01-03 05:27:00,1181.6,mobile,B_U1048_12,False,electronics,2557.77,False,normal
txn_0001245,U1046,2026-01-03 05:29:00,1452.02,mobile,B_U1046_2,False,fuel,2217.91,False,normal
txn_0001627,U1060,2026-01-03 05:39:00,2955.27,mobile,B_U1060_5,False,fuel,2200.45,False,normal
txn_0000788,U1029,2026-01-03 05:44:00,925.56,mobile,B_U1029_3,False,electronics,2499.66,False,normal
txn_0002163,U1080,2026-01-03 05:45:00,5379.12,mobile,B_U1080_6,False,groceries,2738.22,False,normal
txn_0002946,U1110,2026-01-03 05:45:00,7768.34,mobile,B_U1110_6,False,electronics,2501.88,False,normal
txn_0001838,U1068,2026-01-03 05:53:00,5705.31,mobile,B_U1068_14,False,electronics,2999.9,False,normal
txn_0002135,U1079,2026-01-03 05:58:00,2388.36,mobile,B_U1079_6,False,fuel,1934.95,False,normal
txn_0001517,U1056,2026-01-03 06:14:00,4622.58,web,B_U1056_18,False,dining,4117.9,False,normal
txn_0000599,U1022,2026-01-03 06:17:00,2952.91,web,B_U1022_14,False,electronics,4140.87,False,normal
txn_0001868,U1069,2026-01-03 06:45:00,6609.61,web,B_U1069_15,False,investment,5981.69,False,normal
txn_0000921,U1034,2026-01-03 06:47:00,3420.75,mobile,B_U1034_18,False,dining,3918.7,False,normal
txn_0001327,U1049,2026-01-03 06:49:00,857.08,mobile,B_U1049_1,False,travel,1500.95,False,normal
txn_0003153,U1118,2026-01-03 07:06:00,4091.0,mobile,B_U1118_4,False,groceries,3428.82,False,normal
txn_0001163,U1043,2026-01-03 07:11:00,17759.68,mobile,B_U1043_13,False,electronics,6061.22,False,normal
txn_0001488,U1055,2026-01-03 07:13:00,1887.78,mobile,B_U1055_5,False,groceries,2454.82,False,normal
txn_0002607,U1097,2026-01-03 07:14:00,1357.24,mobile,B_U1097_5,False,fuel,1723.17,False,normal
txn_0002295,U1085,2026-01-03 07:25:00,1292.96,web,B_U1085_15,False,peer_transfer,1952.44,False,normal
txn_0000435,U1016,2026-01-03 07:36:00,4736.3,mobile,B_U1016_6,False,dining,2121.6,False,normal
txn_0000221,U1008,2026-01-03 07:49:00,3949.46,web,B_U1008_14,False,electronics,3573.17,False,normal
txn_0002296,U1085,2026-01-03 07:57:00,4201.55,mobile,B_U1085_1,False,electronics,1952.44,False,normal
txn_0002056,U1076,2026-01-03 07:59:00,5930.07,atm,B_U1076_8,False,travel,4907.7,False,normal
txn_0001678,U1062,2026-01-03 08:12:00,4637.72,web,B_U1062_10,False,fuel,5313.72,False,normal
txn_0001058,U1039,2026-01-03 08:25:00,1608.72,web,B_U1039_16,False,utilities,1555.7,False,normal
txn_0000975,U1036,2026-01-03 08:31:00,1437.59,web,B_U1036_8,False,groceries,1129.15,False,normal
txn_0002449,U1091,2026-01-03 08:41:00,1160.78,mobile,B_U1091_5,False,groceries,1905.36,False,normal
txn_0001541,U1057,2026-01-03 08:42:00,15732.07,web,B_U1057_5,False,investment,6319.59,False,normal
txn_0002526,U1094,2026-01-03 08:45:00,1976.31,mobile,B_U1094_46894,True,groceries,2174.74,False,normal
txn_0000947,U1035,2026-01-03 08:59:00,6145.24,web,B_U1035_8,False,electronics,2810.15,False,normal
txn_0003049,U1114,2026-01-03 09:01:00,1560.76,mobile,B_U1114_11,False,travel,2369.62,False,normal
txn_0003098,U1116,2026-01-03 09:44:00,1819.82,web,B_U1116_5,False,investment,5060.46,False,normal
txn_0000110,U1004,2026-01-03 10:01:00,4173.32,mobile,B_U1004_51959,True,dining,2852.1,False,normal
txn_0003175,U1119,2026-01-03 10:01:00,1450.69,web,B_U1119_8,False,utilities,2176.44,False,normal
txn_0001812,U1067,2026-01-03 10:06:00,1997.25,mobile,B_U1067_11,False,travel,2136.18,False,normal
txn_0002192,U1081,2026-01-03 10:06:00,6350.39,mobile,B_U1081_14,False,groceries,4023.78,False,normal
txn_0001704,U1063,2026-01-03 10:31:00,8687.8,web,B_U1063_13,False,groceries,10220.13,False,normal
txn_0000111,U1004,2026-01-03 10:50:00,2793.15,web,B_U1004_9,False,groceries,2852.1,False,normal
txn_0002656,U1099,2026-01-03 10:50:00,3796.29,web,B_U1099_7,False,utilities,7588.88,False,normal
txn_0002108,U1078,2026-01-03 10:55:00,7659.66,mobile,B_U1078_14,False,utilities,6944.14,False,normal
txn_0002080,U1077,2026-01-03 11:04:00,1873.91,web,B_U1077_3,False,electronics,1866.36,False,normal
txn_0002450,U1091,2026-01-03 11:22:00,2263.61,mobile,B_U1091_11,False,groceries,1905.36,False,normal
txn_0000542,U1020,2026-01-03 11:24:00,1852.2,mobile,B_U1020_18,False,travel,2216.94,False,normal
txn_0001083,U1040,2026-01-03 11:35:00,1929.4,mobile,B_U1040_9,False,travel,3480.98,False,normal
txn_0001328,U1049,2026-01-03 11:42:00,1190.04,mobile,B_U1049_8,False,fuel,1500.95,False,normal
txn_0000948,U1035,2026-01-03 11:52:00,2386.69,mobile,B_U1035_9,False,fuel,2810.15,False,normal
txn_0000868,U1032,2026-01-03 12:26:00,1491.51,mobile,B_U1032_2,False,utilities,1492.58,False,normal
txn_0000303,U1011,2026-01-03 12:34:00,14414.63,atm,B_U1011_14,False,utilities,9375.34,False,normal
txn_0001760,U1065,2026-01-03 12:44:00,1876.54,mobile,B_U1065_18,False,peer_transfer,2907.56,False,normal
txn_0001596,U1059,2026-01-03 12:57:00,1790.04,web,B_U1059_6,False,groceries,2320.66,False,normal
txn_0000893,U1033,2026-01-03 13:02:00,1821.87,atm,B_U1033_12,False,travel,2238.38,False,normal
txn_0001164,U1043,2026-01-03 13:22:00,6336.64,mobile,B_U1043_6,False,peer_transfer,6061.22,False,normal
txn_0002504,U1093,2026-01-03 13:26:00,3714.07,mobile,B_U1093_15,False,investment,3053.67,False,normal
txn_0002244,U1083,2026-01-03 14:01:00,3163.52,web,B_U1083_8,False,dining,3626.19,False,normal
txn_0001195,U1044,2026-01-03 14:12:00,20120.21,web,B_U1044_18,False,electronics,6443.21,False,normal
txn_0000355,U1013,2026-01-03 14:22:00,1944.34,mobile,B_U1013_7,False,groceries,4381.55,False,normal
txn_0002916,U1109,2026-01-03 14:28:00,3925.82,web,B_U1109_5,False,travel,5925.56,False,normal
txn_0001301,U1048,2026-01-03 14:46:00,1701.5,mobile,B_U1048_11,False,peer_transfer,2557.77,False,normal
txn_0001948,U1072,2026-01-03 14:59:00,8043.77,web,B_U1072_18,False,dining,5461.96,False,normal
txn_0002947,U1110,2026-01-03 15:02:00,2819.98,mobile,B_U1110_25154,True,peer_transfer,2501.88,False,normal
txn_0000356,U1013,2026-01-03 15:05:00,12726.11,mobile,B_U1013_9,False,electronics,4381.55,False,normal
txn_0002527,U1094,2026-01-03 15:11:00,1026.21,mobile,B_U1094_5,False,investment,2174.74,False,normal
txn_0000030,U1001,2026-01-03 15:14:00,1832.03,mobile,B_U1001_11,False,utilities,2959.57,False,normal
txn_0001761,U1065,2026-01-03 16:11:00,1726.72,mobile,B_U1065_9,False,electronics,2907.56,False,normal
txn_0003099,U1116,2026-01-03 16:11:00,3843.09,mobile,B_U1116_10,False,fuel,5060.46,False,normal
txn_0000869,U1032,2026-01-03 16:16:00,3035.84,mobile,B_U1032_11,False,investment,1492.58,False,normal
txn_0001109,U1041,2026-01-03 16:19:00,3312.81,mobile,B_U1041_4,False,dining,3955.76,False,normal
txn_0001355,U1050,2026-01-03 16:42:00,4660.66,web,B_U1050_10,False,groceries,3695.41,False,normal
txn_0001784,U1066,2026-01-03 16:46:00,2899.51,mobile,B_U1066_15,False,utilities,2174.71,False,normal
txn_0003125,U1117,2026-01-03 17:05:00,6242.52,mobile,B_U1117_6,False,dining,3396.23,False,normal
txn_0001813,U1067,2026-01-03 17:13:00,2337.76,mobile,B_U1067_16,False,utilities,2136.18,False,normal
txn_0002451,U1091,2026-01-03 17:31:00,1598.45,mobile,B_U1091_15,False,dining,1905.36,False,normal
txn_0000327,U1012,2026-01-03 17:36:00,998.83,mobile,B_U1012_6,False,utilities,2152.49,False,normal
txn_0002475,U1092,2026-01-03 17:48:00,2897.35,web,B_U1092_13,False,fuel,2917.77,False,normal
txn_0002790,U1104,2026-01-03 18:02:00,1419.9,mobile,B_U1104_10,False,groceries,1958.45,False,normal
txn_0000949,U1035,2026-01-03 18:07:00,2001.1,web,B_U1035_12,False,travel,2810.15,False,normal
txn_0000651,U1024,2026-01-03 18:21:00,2552.73,web,B_U1024_18,False,travel,3630.97,False,normal
txn_0002297,U1085,2026-01-03 18:24:00,2034.87,mobile,B_U1085_9,False,investment,1952.44,False,normal
txn_0001277,U1047,2026-01-03 18:34:00,2967.27,web,B_U1047_17,False,peer_transfer,2870.56,False,normal
txn_0002708,U1101,2026-01-03 18:40:00,2011.99,mobile,B_U1101_3,False,utilities,2326.49,False,normal
txn_0002685,U1100,2026-01-03 19:34:00,2796.3,mobile,B_U1100_7,False,fuel,3364.39,False,normal
txn_0001651,U1061,2026-01-03 19:50:00,11654.39,mobile,B_U1061_7,False,electronics,13171.59,False,normal
txn_0002030,U1075,2026-01-03 19:51:00,2186.99,mobile,B_U1075_28876,True,travel,3596.75,False,normal
txn_0001839,U1068,2026-01-03 20:12:00,3167.97,mobile,B_U1068_18,False,groceries,2999.9,False,normal
txn_0002760,U1103,2026-01-03 20:15:00,10860.63,atm,B_U1103_95507,True,investment,3356.29,False,normal
txn_0000222,U1008,2026-01-03 20:18:00,2010.61,web,B_U1008_9,False,travel,3573.17,False,normal
txn_0001814,U1067,2026-01-03 20:24:00,1536.06,mobile,B_U1067_17,False,groceries,2136.18,False,normal
txn_0000763,U1028,2026-01-03 20:29:00,2880.39,web,B_U1028_16,False,dining,4440.68,False,normal
txn_0002608,U1097,2026-01-03 20:31:00,925.4,mobile,B_U1097_7,False,peer_transfer,1723.17,False,normal
txn_0002709,U1101,2026-01-03 20:56:00,1889.57,mobile,B_U1101_4,False,travel,2326.49,False,normal
txn_0002193,U1081,2026-01-03 21:00:00,1823.88,mobile,B_U1081_12,False,groceries,4023.78,False,normal
txn_0002343,U1087,2026-01-03 21:06:00,1129.41,mobile,B_U1087_41191,True,peer_transfer,1419.15,False,normal
txn_0002396,U1089,2026-01-03 21:15:00,9895.24,mobile,B_U1089_6,False,groceries,9995.49,False,normal
txn_0002371,U1088,2026-01-03 21:18:00,1346.61,atm,B_U1088_6,False,utilities,1638.89,False,normal
txn_0000573,U1021,2026-01-03 21:30:00,2798.98,mobile,B_U1021_14,False,groceries,2094.79,False,normal
txn_0001975,U1073,2026-01-03 21:33:00,2955.7,web,B_U1073_13,False,fuel,3306.92,False,normal
txn_0002372,U1088,2026-01-03 21:39:00,1675.07,mobile,B_U1088_16,False,fuel,1638.89,False,normal
txn_0002629,U1098,2026-01-03 21:49:00,8388.49,mobile,B_U1098_3,False,electronics,7495.59,False,normal
txn_0001412,U1052,2026-01-03 21:51:00,1209.31,mobile,B_U1052_1,False,electronics,1695.82,False,normal
txn_0001379,U1051,2026-01-03 22:05:00,3008.99,atm,B_U1051_16,False,electronics,1990.06,False,normal
txn_0000276,U1010,2026-01-03 22:31:00,6853.76,web,B_U1010_11,False,groceries,4545.51,False,normal
txn_0002269,U1084,2026-01-03 22:52:00,590.14,mobile,B_U1084_2,False,investment,1662.97,False,normal
txn_0000764,U1028,2026-01-03 22:54:00,3339.34,mobile,B_U1028_5,False,dining,4440.68,False,normal
txn_0002081,U1077,2026-01-03 23:00:00,1206.09,mobile,B_U1077_16,False,travel,1866.36,False,normal
txn_0000143,U1005,2026-01-03 23:01:00,4890.21,mobile,B_U1005_8,False,investment,2618.11,False,normal
txn_0002710,U1101,2026-01-03 23:24:00,5306.27,mobile,B_U1101_8,False,investment,2326.49,False,normal
txn_0002109,U1078,2026-01-03 23:31:00,9861.7,web,B_U1078_5,False,travel,6944.14,False,normal
txn_0000574,U1021,2026-01-03 23:32:00,3625.11,atm,B_U1021_6,False,travel,2094.79,False,normal
txn_0001652,U1061,2026-01-03 23:37:00,13550.37,web,B_U1061_18,False,peer_transfer,13171.59,False,normal
txn_0002397,U1089,2026-01-03 23:37:00,15091.85,mobile,B_U1089_1,False,investment,9995.49,False,normal
txn_0000789,U1029,2026-01-03 23:40:00,850.97,mobile,B_U1029_17,False,groceries,2499.66,False,normal
txn_0000894,U1033,2026-01-03 23:43:00,1631.31,web,B_U1033_18,False,travel,2238.38,False,normal
txn_0002373,U1088,2026-01-03 23:51:00,1242.59,mobile,B_U1088_8,False,travel,1638.89,False,normal
txn_0002736,U1102,2026-01-03 23:51:00,4830.32,mobile,B_U1102_11,False,groceries,4673.84,False,normal
txn_0002791,U1104,2026-01-03 23:53:00,3950.31,atm,B_U1104_2,False,electronics,1958.45,False,normal
txn_0001435,U1053,2026-01-03 23:56:00,3286.42,web,B_U1053_14,False,investment,3360.77,False,normal
txn_0001436,U1053,2026-01-04 00:01:00,3516.03,mobile,B_U1053_10,False,groceries,3360.77,False,normal
txn_0002110,U1078,2026-01-04 00:03:00,11166.94,mobile,B_U1078_8,False,groceries,6944.14,False,normal
txn_0000328,U1012,2026-01-04 00:18:00,1875.32,mobile,B_U1012_4,False,peer_transfer,2152.49,False,normal
txn_0001679,U1062,2026-01-04 00:18:00,5148.44,web,B_U1062_3,False,peer_transfer,5313.72,False,normal
txn_0002711,U1101,2026-01-04 00:37:00,3209.84,mobile,B_U1101_9,False,groceries,2326.49,False,normal
txn_0003100,U1116,2026-01-04 00:47:00,4447.87,mobile,B_U1116_15,False,fuel,5060.46,False,normal
txn_0001084,U1040,2026-01-04 00:52:00,4033.27,mobile,B_U1040_17,False,peer_transfer,3480.98,False,normal
txn_0001110,U1041,2026-01-04 00:54:00,7418.29,mobile,B_U1041_12,False,electronics,3955.76,False,normal
txn_0003050,U1114,2026-01-04 00:55:00,1734.57,mobile,B_U1114_6,False,groceries,2369.62,False,normal
txn_0001380,U1051,2026-01-04 01:01:00,3816.79,mobile,B_U1051_41595,True,groceries,1990.06,False,normal
txn_0000380,U1014,2026-01-04 01:39:00,5120.77,mobile,B_U1014_15,False,utilities,5753.35,False,normal
txn_0001653,U1061,2026-01-04 01:53:00,10818.41,mobile,B_U1061_3,False,peer_transfer,13171.59,False,normal
txn_0000031,U1001,2026-01-04 02:00:00,3608.44,web,B_U1001_12,False,dining,2959.57,False,normal
txn_0001381,U1051,2026-01-04 02:08:00,2565.53,mobile,B_U1051_4,False,electronics,1990.06,False,normal
txn_0001919,U1071,2026-01-04 02:10:00,1855.95,web,B_U1071_10,False,groceries,4084.71,False,normal
txn_0001949,U1072,2026-01-04 02:10:00,6195.15,web,B_U1072_15,False,fuel,5461.96,False,normal
txn_0001029,U1038,2026-01-04 02:21:00,20810.59,mobile,B_U1038_15,False,electronics,9163.94,False,normal
txn_0001085,U1040,2026-01-04 02:26:00,1621.89,web,B_U1040_17,False,peer_transfer,3480.98,False,normal
txn_0000032,U1001,2026-01-04 02:52:00,5341.9,web,B_U1001_10,False,peer_transfer,2959.57,False,normal
txn_0001542,U1057,2026-01-04 03:03:00,5592.66,web,B_U1057_2,False,dining,6319.59,False,normal
txn_0002136,U1079,2026-01-04 03:08:00,2821.86,atm,B_U1079_13,False,groceries,1934.95,False,normal
txn_0000461,U1017,2026-01-04 03:15:00,3848.47,mobile,B_U1017_7,False,travel,4706.98,False,normal
txn_0001329,U1049,2026-01-04 03:17:00,528.23,mobile,B_U1049_4,False,electronics,1500.95,False,normal
txn_0002892,U1108,2026-01-04 03:34:00,2033.36,mobile,B_U1108_1,False,travel,3438.35,False,normal
txn_0000976,U1036,2026-01-04 03:35:00,872.54,mobile,B_U1036_17,False,peer_transfer,1129.15,False,normal
txn_0000223,U1008,2026-01-04 04:00:00,6407.23,atm,B_U1008_3,False,electronics,3573.17,False,normal
txn_0001785,U1066,2026-01-04 04:01:00,2608.75,mobile,B_U1066_17,False,groceries,2174.71,False,normal
txn_0002555,U1095,2026-01-04 04:17:00,5371.59,mobile,B_U1095_18,False,dining,4619.02,False,normal
txn_0001165,U1043,2026-01-04 04:18:00,12573.43,mobile,B_U1043_4,False,investment,6061.22,False,normal
txn_0002194,U1081,2026-01-04 04:24:00,4931.28,web,B_U1081_1,False,utilities,4023.78,False,normal
txn_0000732,U1027,2026-01-04 04:32:00,2958.35,atm,B_U1027_2,False,fuel,2802.86,False,normal
txn_0003126,U1117,2026-01-04 05:06:00,3213.98,mobile,B_U1117_3,False,fuel,3396.23,False,normal
txn_0001950,U1072,2026-01-04 05:36:00,4728.43,web,B_U1072_14,False,dining,5461.96,False,normal
txn_0001654,U1061,2026-01-04 05:38:00,18536.02,mobile,B_U1061_1,False,dining,13171.59,False,normal
txn_0003101,U1116,2026-01-04 05:58:00,6405.94,web,B_U1116_8,False,fuel,5060.46,False,normal
txn_0000436,U1016,2026-01-04 06:00:00,3953.21,mobile,B_U1016_9,False,utilities,2121.6,False,normal
txn_0002031,U1075,2026-01-04 06:00:00,3816.74,web,B_U1075_11,False,peer_transfer,3596.75,False,normal
txn_0000895,U1033,2026-01-04 06:18:00,1059.68,mobile,B_U1033_13,False,travel,2238.38,False,normal
txn_0000490,U1018,2026-01-04 06:20:00,1121.15,web,B_U1018_1,False,utilities,1714.18,False,normal
txn_0000304,U1011,2026-01-04 06:26:00,14460.7,web,B_U1011_5,False,dining,9375.34,False,normal
txn_0001895,U1070,2026-01-04 06:32:00,3488.7,web,B_U1070_8,False,groceries,4224.9,False,normal
txn_0000765,U1028,2026-01-04 06:34:00,6596.18,mobile,B_U1028_11,False,groceries,4440.68,False,normal
txn_0002344,U1087,2026-01-04 06:39:00,1328.01,atm,B_U1087_16,False,electronics,1419.15,False,normal
txn_0000840,U1031,2026-01-04 07:01:00,6693.18,mobile,B_U1031_9,False,investment,3939.68,False,normal
txn_0003051,U1114,2026-01-04 07:08:00,3497.31,mobile,B_U1114_11,False,fuel,2369.62,False,normal
txn_0000870,U1032,2026-01-04 07:10:00,2181.86,mobile,B_U1032_8,False,dining,1492.58,False,normal
txn_0002032,U1075,2026-01-04 07:14:00,6731.09,mobile,B_U1075_5,False,electronics,3596.75,False,normal
txn_0000624,U1023,2026-01-04 07:21:00,5111.06,web,B_U1023_13,False,utilities,3158.77,False,normal
txn_0000058,U1002,2026-01-04 07:29:00,3964.38,web,B_U1002_81643,True,peer_transfer,4906.58,False,normal
txn_0002737,U1102,2026-01-04 07:36:00,3268.13,web,B_U1102_16,False,utilities,4673.84,False,normal
txn_0002002,U1074,2026-01-04 07:49:00,1550.37,mobile,B_U1074_3,False,fuel,2873.53,False,normal
txn_0002686,U1100,2026-01-04 08:09:00,2314.73,web,B_U1100_9,False,fuel,3364.39,False,normal
txn_0000516,U1019,2026-01-04 08:29:00,6330.91,mobile,B_U1019_13,False,investment,4323.75,False,normal
txn_0002948,U1110,2026-01-04 08:40:00,2820.36,atm,B_U1110_16,False,travel,2501.88,False,normal
txn_0000329,U1012,2026-01-04 08:44:00,1233.4,atm,B_U1012_17,False,dining,2152.49,False,normal
txn_0003074,U1115,2026-01-04 08:48:00,1669.95,mobile,B_U1115_8,False,travel,1701.41,False,normal
txn_0002556,U1095,2026-01-04 08:54:00,6900.96,web,B_U1095_5,False,investment,4619.02,False,normal
txn_0002863,U1107,2026-01-04 09:02:00,2180.3,mobile,B_U1107_2,False,travel,2290.51,False,normal
txn_0002839,U1106,2026-01-04 09:09:00,2794.57,atm,B_U1106_3,False,utilities,3670.02,False,normal
txn_0000437,U1016,2026-01-04 09:10:00,1967.6,mobile,B_U1016_3,False,travel,2121.6,False,normal
txn_0000922,U1034,2026-01-04 09:20:00,1715.06,web,B_U1034_11,False,utilities,3918.7,False,normal
txn_0001437,U1053,2026-01-04 09:20:00,2560.47,web,B_U1053_2,False,travel,3360.77,False,normal
txn_0002111,U1078,2026-01-04 09:20:00,10841.82,mobile,B_U1078_11,False,dining,6944.14,False,normal
txn_0001840,U1068,2026-01-04 09:26:00,8761.92,mobile,B_U1068_10,False,electronics,2999.9,False,normal
txn_0002112,U1078,2026-01-04 09:29:00,7038.36,mobile,B_U1078_7,False,groceries,6944.14,False,normal
txn_0002893,U1108,2026-01-04 09:33:00,5622.95,mobile,B_U1108_8,False,peer_transfer,3438.35,False,normal
txn_0001111,U1041,2026-01-04 09:43:00,4194.63,mobile,B_U1041_3,False,fuel,3955.76,False,normal
txn_0001413,U1052,2026-01-04 10:14:00,2010.05,web,B_U1052_8,False,fuel,1695.82,False,normal
txn_0001356,U1050,2026-01-04 10:20:00,7635.01,atm,B_U1050_1,False,groceries,3695.41,False,normal
txn_0000575,U1021,2026-01-04 10:24:00,2536.49,mobile,B_U1021_12,False,groceries,2094.79,False,normal
txn_0001543,U1057,2026-01-04 10:43:00,3391.78,mobile,B_U1057_14,False,travel,6319.59,False,normal
txn_0000576,U1021,2026-01-04 10:52:00,2308.42,mobile,B_U1021_10,False,investment,2094.79,False,normal
txn_0001597,U1059,2026-01-04 10:52:00,2581.63,mobile,B_U1059_2,False,travel,2320.66,False,normal
txn_0000438,U1016,2026-01-04 10:56:00,1987.42,mobile,B_U1016_10,False,peer_transfer,2121.6,False,normal
txn_0000277,U1010,2026-01-04 10:59:00,6336.5,mobile,B_U1010_14,False,fuel,4545.51,False,normal
txn_0000812,U1030,2026-01-04 11:20:00,3858.62,web,B_U1030_5,False,utilities,2316.16,False,normal
txn_0002298,U1085,2026-01-04 11:24:00,1121.97,web,B_U1085_13,False,investment,1952.44,False,normal
txn_0001137,U1042,2026-01-04 11:36:00,4019.98,mobile,B_U1042_5,False,fuel,4610.29,False,normal
txn_0000278,U1010,2026-01-04 11:42:00,1587.14,mobile,B_U1010_12,False,investment,4545.51,False,normal
txn_0003176,U1119,2026-01-04 11:44:00,2826.6,mobile,B_U1119_48974,True,investment,2176.44,False,normal
txn_0001869,U1069,2026-01-04 12:02:00,11848.62,mobile,B_U1069_18,False,electronics,5981.69,False,normal
txn_0000896,U1033,2026-01-04 12:07:00,2172.46,mobile,B_U1033_37286,True,travel,2238.38,False,normal
txn_0000871,U1032,2026-01-04 12:10:00,2761.61,mobile,B_U1032_4,False,investment,1492.58,False,normal
txn_0002003,U1074,2026-01-04 12:15:00,5059.11,atm,B_U1074_6,False,peer_transfer,2873.53,False,normal
txn_0003177,U1119,2026-01-04 12:22:00,1233.08,web,B_U1119_12,False,electronics,2176.44,False,normal
txn_0000652,U1024,2026-01-04 12:24:00,1767.09,mobile,B_U1024_14,False,electronics,3630.97,False,normal
txn_0000330,U1012,2026-01-04 12:26:00,1997.72,web,B_U1012_7,False,peer_transfer,2152.49,False,normal
txn_0003052,U1114,2026-01-04 12:48:00,1898.24,mobile,B_U1114_15,False,electronics,2369.62,False,normal
txn_0003053,U1114,2026-01-04 12:55:00,5194.89,atm,B_U1114_4,False,investment,2369.62,False,normal
txn_0001732,U1064,2026-01-04 13:09:00,10432.88,mobile,B_U1064_18,False,electronics,7922.85,False,normal
txn_0002137,U1079,2026-01-04 13:12:00,2250.77,mobile,B_U1079_11,False,investment,1934.95,False,normal
txn_0001628,U1060,2026-01-04 13:13:00,3131.93,web,B_U1060_82924,True,investment,2200.45,False,normal
txn_0002792,U1104,2026-01-04 13:28:00,1995.34,mobile,B_U1104_7,False,travel,1958.45,False,normal
txn_0002738,U1102,2026-01-04 13:29:00,2600.38,web,B_U1102_12,False,groceries,4673.84,False,normal
txn_0002345,U1087,2026-01-04 13:52:00,962.15,web,B_U1087_10,False,investment,1419.15,False,normal
txn_0000144,U1005,2026-01-04 13:54:00,1705.44,mobile,B_U1005_14,False,dining,2618.11,False,normal
txn_0002712,U1101,2026-01-04 13:59:00,1206.36,mobile,B_U1101_10,False,investment,2326.49,False,normal
txn_0000625,U1023,2026-01-04 14:04:00,3293.84,mobile,B_U1023_87983,True,electronics,3158.77,False,normal
txn_0001218,U1045,2026-01-04 14:36:00,5685.7,mobile,B_U1045_17,False,investment,3817.05,False,normal
txn_0001655,U1061,2026-01-04 14:50:00,6787.86,web,B_U1061_11,False,utilities,13171.59,False,normal
txn_0001920,U1071,2026-01-04 15:00:00,3173.21,mobile,B_U1071_3,False,utilities,4084.71,False,normal
txn_0000923,U1034,2026-01-04 15:04:00,3945.25,web,B_U1034_1,False,peer_transfer,3918.7,False,normal
txn_0002793,U1104,2026-01-04 15:06:00,663.13,mobile,B_U1104_11,False,groceries,1958.45,False,normal
txn_0002967,U1111,2026-01-04 15:13:00,1955.75,mobile,B_U1111_2,False,fuel,3287.89,False,normal
txn_0001568,U1058,2026-01-04 15:15:00,4733.38,mobile,B_U1058_7,False,utilities,4002.51,False,normal
txn_0001896,U1070,2026-01-04 15:23:00,5030.45,mobile,B_U1070_4,False,travel,4224.9,False,normal
txn_0001518,U1056,2026-01-04 15:27:00,6169.97,web,B_U1056_6,False,electronics,4117.9,False,normal
txn_0002894,U1108,2026-01-04 15:29:00,1982.98,atm,B_U1108_12,False,fuel,3438.35,False,normal
txn_0002528,U1094,2026-01-04 15:34:00,1811.27,mobile,B_U1094_10,False,utilities,2174.74,False,normal
txn_0001278,U1047,2026-01-04 15:35:00,3198.62,atm,B_U1047_15,False,electronics,2870.56,False,normal
txn_0001733,U1064,2026-01-04 15:51:00,10906.06,web,B_U1064_2,False,peer_transfer,7922.85,False,normal
txn_0001841,U1068,2026-01-04 16:16:00,2026.58,mobile,B_U1068_9,False,groceries,2999.9,False,normal
txn_0001951,U1072,2026-01-04 16:30:00,7859.81,mobile,B_U1072_12,False,investment,5461.96,False,normal
txn_0003102,U1116,2026-01-04 16:38:00,6593.73,mobile,B_U1116_8,False,dining,5060.46,False,normal
txn_0001489,U1055,2026-01-04 16:42:00,12514.32,web,B_U1055_11,False,investment,2454.82,False,normal
txn_0000543,U1020,2026-01-04 16:47:00,1976.28,atm,B_U1020_8,False,groceries,2216.94,False,normal
txn_0003178,U1119,2026-01-04 16:52:00,4589.91,web,B_U1119_5,False,dining,2176.44,False,normal
txn_0002452,U1091,2026-01-04 16:54:00,4556.2,web,B_U1091_2,False,peer_transfer,1905.36,False,normal
txn_0002840,U1106,2026-01-04 16:57:00,4368.81,mobile,B_U1106_36213,True,travel,3670.02,False,normal
txn_0003154,U1118,2026-01-04 17:27:00,2206.93,web,B_U1118_10,False,dining,3428.82,False,normal
txn_0001166,U1043,2026-01-04 17:32:00,7809.55,mobile,B_U1043_65771,True,travel,6061.22,False,normal
txn_0001544,U1057,2026-01-04 18:00:00,6021.26,web,B_U1057_15,False,travel,6319.59,False,normal
txn_0000003,U1000,2026-01-04 18:04:00,19076.49,mobile,B_U1000_10,False,peer_transfer,3431.57,False,normal
txn_0000244,U1009,2026-01-04 18:06:00,3786.3,mobile,B_U1009_11,False,dining,1573.47,False,normal
txn_0001842,U1068,2026-01-04 18:29:00,3140.24,web,B_U1068_18,False,travel,2999.9,False,normal
txn_0001952,U1072,2026-01-04 18:32:00,7447.54,web,B_U1072_11,False,utilities,5461.96,False,normal
txn_0002082,U1077,2026-01-04 18:33:00,1481.56,mobile,B_U1077_1,False,peer_transfer,1866.36,False,normal
txn_0002968,U1111,2026-01-04 18:47:00,3824.59,web,B_U1111_18,False,dining,3287.89,False,normal
txn_0000577,U1021,2026-01-04 18:58:00,1737.61,mobile,B_U1021_8,False,investment,2094.79,False,normal
txn_0001490,U1055,2026-01-04 19:02:00,3187.78,web,B_U1055_7,False,peer_transfer,2454.82,False,normal
txn_0002579,U1096,2026-01-04 19:09:00,2158.17,web,B_U1096_16,False,peer_transfer,4725.77,False,normal
txn_0000357,U1013,2026-01-04 19:28:00,7939.34,mobile,B_U1013_11,False,utilities,4381.55,False,normal
txn_0002270,U1084,2026-01-04 19:30:00,1543.79,mobile,B_U1084_17,False,investment,1662.97,False,normal
txn_0002271,U1084,2026-01-04 19:57:00,3384.94,web,B_U1084_12,False,electronics,1662.97,False,normal
txn_0002083,U1077,2026-01-04 19:59:00,1781.7,mobile,B_U1077_6,False,electronics,1866.36,False,normal
txn_0003103,U1116,2026-01-04 20:44:00,5494.99,atm,B_U1116_13,False,electronics,5060.46,False,normal
txn_0002761,U1103,2026-01-04 20:49:00,3258.07,atm,B_U1103_10,False,electronics,3356.29,False,normal
txn_0000517,U1019,2026-01-04 21:20:00,3243.57,mobile,B_U1019_11,False,fuel,4323.75,False,normal
txn_0003022,U1113,2026-01-04 21:28:00,739.48,atm,B_U1113_4,False,groceries,1261.03,False,normal
txn_0000518,U1019,2026-01-04 21:30:00,9396.56,mobile,B_U1019_7,False,electronics,4323.75,False,normal
txn_0001870,U1069,2026-01-04 21:41:00,3080.08,mobile,B_U1069_14,False,dining,5981.69,False,normal
txn_0000165,U1006,2026-01-04 21:43:00,1492.92,mobile,B_U1006_92918,True,peer_transfer,2287.03,False,normal
txn_0002245,U1083,2026-01-04 21:43:00,6096.04,mobile,B_U1083_17,False,dining,3626.19,False,normal
txn_0003179,U1119,2026-01-04 21:55:00,1324.74,mobile,B_U1119_9,False,dining,2176.44,False,normal
txn_0002113,U1078,2026-01-04 21:58:00,9904.45,mobile,B_U1078_9,False,utilities,6944.14,False,normal
txn_0001219,U1045,2026-01-04 22:02:00,4571.57,mobile,B_U1045_7,False,investment,3817.05,False,normal
txn_0003104,U1116,2026-01-04 22:02:00,3559.69,mobile,B_U1116_17,False,utilities,5060.46,False,normal
txn_0003105,U1116,2026-01-04 22:03:00,2287.42,mobile,B_U1116_16,False,peer_transfer,5060.46,False,normal
txn_0001357,U1050,2026-01-04 22:07:00,3805.1,web,B_U1050_4,False,dining,3695.41,False,normal
txn_0002529,U1094,2026-01-04 22:13:00,1400.14,atm,B_U1094_13,False,fuel,2174.74,False,normal
txn_0003155,U1118,2026-01-04 22:15:00,3861.95,web,B_U1118_1,False,groceries,3428.82,False,normal
txn_0000600,U1022,2026-01-04 22:48:00,4271.94,web,B_U1022_2,False,electronics,4140.87,False,normal
txn_0001414,U1052,2026-01-04 22:53:00,1857.96,mobile,B_U1052_15,False,travel,1695.82,False,normal
txn_0002476,U1092,2026-01-04 23:00:00,7043.81,web,B_U1092_14,False,investment,2917.77,False,normal
txn_0001220,U1045,2026-01-04 23:01:00,5592.88,mobile,B_U1045_16,False,fuel,3817.05,False,normal
txn_0000707,U1026,2026-01-04 23:32:00,1744.25,mobile,B_U1026_13,False,fuel,2270.01,False,normal
txn_0001953,U1072,2026-01-04 23:37:00,11428.74,mobile,B_U1072_5,False,travel,5461.96,False,normal
txn_0001279,U1047,2026-01-04 23:38:00,1749.91,atm,B_U1047_13,False,dining,2870.56,False,normal
txn_0000544,U1020,2026-01-04 23:52:00,5083.2,web,B_U1020_5,False,utilities,2216.94,False,normal
txn_0001897,U1070,2026-01-04 23:53:00,3531.48,mobile,B_U1070_4,False,groceries,4224.9,False,normal
txn_0000733,U1027,2026-01-05 00:05:00,4858.28,mobile,B_U1027_11,False,electronics,2802.86,False,normal
txn_0001871,U1069,2026-01-05 00:55:00,7720.27,mobile,B_U1069_1,False,dining,5981.69,False,normal
txn_0000305,U1011,2026-01-05 01:13:00,5712.48,mobile,B_U1011_9,False,fuel,9375.34,False,normal
txn_0003106,U1116,2026-01-05 01:17:00,2277.66,atm,B_U1116_15,False,investment,5060.46,False,normal
txn_0001898,U1070,2026-01-05 01:27:00,3461.9,mobile,B_U1070_17,False,fuel,4224.9,False,normal
txn_0001358,U1050,2026-01-05 01:28:00,3976.17,mobile,B_U1050_8,False,investment,3695.41,False,normal
txn_0003054,U1114,2026-01-05 01:50:00,1295.87,mobile,B_U1114_4,False,travel,2369.62,False,normal
txn_0000766,U1028,2026-01-05 02:39:00,14256.85,mobile,B_U1028_15,False,investment,4440.68,False,normal
txn_0001167,U1043,2026-01-05 02:43:00,8386.67,web,B_U1043_3,False,dining,6061.22,False,normal
txn_0001246,U1046,2026-01-05 02:44:00,1088.65,mobile,B_U1046_4,False,peer_transfer,2217.91,False,normal
txn_0002477,U1092,2026-01-05 02:58:00,5488.97,mobile,B_U1092_73553,True,fuel,2917.77,False,normal
txn_0001491,U1055,2026-01-05 03:14:00,4508.43,mobile,B_U1055_13,False,groceries,2454.82,False,normal
txn_0001519,U1056,2026-01-05 03:38:00,2649.99,mobile,B_U1056_6,False,electronics,4117.9,False,normal
txn_0002994,U1112,2026-01-05 03:49:00,2146.02,mobile,B_U1112_11,False,utilities,5205.26,False,normal
txn_0000193,U1007,2026-01-05 03:59:00,1821.34,mobile,B_U1007_14,False,fuel,3285.15,False,normal
txn_0002841,U1106,2026-01-05 04:04:00,2593.91,web,B_U1106_16,False,peer_transfer,3670.02,False,normal
txn_0001086,U1040,2026-01-05 04:05:00,5018.97,web,B_U1040_13,False,peer_transfer,3480.98,False,normal
txn_0002687,U1100,2026-01-05 04:18:00,3057.54,web,B_U1100_17,False,groceries,3364.39,False,normal
txn_0000406,U1015,2026-01-05 04:19:00,1749.7,web,B_U1015_5,False,travel,2999.76,False,normal
txn_0001280,U1047,2026-01-05 04:26:00,3441.91,mobile,B_U1047_8,False,travel,2870.56,False,normal
txn_0002688,U1100,2026-01-05 04:46:00,9379.46,mobile,B_U1100_4,False,investment,3364.39,False,normal
txn_0000245,U1009,2026-01-05 04:56:00,2244.93,mobile,B_U1009_13,False,electronics,1573.47,False,normal
txn_0002842,U1106,2026-01-05 04:58:00,2771.06,mobile,B_U1106_4,False,groceries,3670.02,False,normal
txn_0000680,U1025,2026-01-05 05:23:00,988.68,atm,B_U1025_8,False,electronics,2077.08,False,normal
txn_0000872,U1032,2026-01-05 05:23:00,1451.3,mobile,B_U1032_10,False,dining,1492.58,False,normal
txn_0002453,U1091,2026-01-05 05:23:00,2349.03,mobile,B_U1091_8,False,investment,1905.36,False,normal
txn_0000653,U1024,2026-01-05 05:27:00,3568.68,mobile,B_U1024_15,False,groceries,3630.97,False,normal
txn_0002864,U1107,2026-01-05 05:28:00,2926.72,atm,B_U1107_2,False,peer_transfer,2290.51,False,normal
txn_0000545,U1020,2026-01-05 05:37:00,844.07,mobile,B_U1020_13,False,travel,2216.94,False,normal
txn_0001463,U1054,2026-01-05 06:02:00,4340.21,atm,B_U1054_15,False,investment,2347.07,False,normal
txn_0002424,U1090,2026-01-05 06:10:00,2048.55,mobile,B_U1090_7,False,utilities,3957.38,False,normal
txn_0001815,U1067,2026-01-05 06:20:00,2159.44,atm,B_U1067_2,False,dining,2136.18,False,normal
txn_0002949,U1110,2026-01-05 06:28:00,4528.23,mobile,B_U1110_14,False,electronics,2501.88,False,normal
txn_0000681,U1025,2026-01-05 06:29:00,1681.91,mobile,B_U1025_15,False,peer_transfer,2077.08,False,normal
txn_0001569,U1058,2026-01-05 06:37:00,3994.14,mobile,B_U1058_18,False,dining,4002.51,False,normal
txn_0001438,U1053,2026-01-05 07:01:00,5142.41,mobile,B_U1053_7,False,fuel,3360.77,False,normal
txn_0000331,U1012,2026-01-05 07:35:00,3151.5,mobile,B_U1012_17,False,dining,2152.49,False,normal
txn_0002084,U1077,2026-01-05 07:37:00,3320.31,mobile,B_U1077_6,False,dining,1866.36,False,normal
txn_0002138,U1079,2026-01-05 07:42:00,1061.93,mobile,B_U1079_7,False,utilities,1934.95,False,normal
txn_0002762,U1103,2026-01-05 07:48:00,3677.33,atm,B_U1103_5,False,travel,3356.29,False,normal
txn_0000950,U1035,2026-01-05 08:18:00,1564.65,mobile,B_U1035_12,False,dining,2810.15,False,normal
txn_0001439,U1053,2026-01-05 08:38:00,529.97,atm,B_U1053_13,False,investment,3360.77,False,normal
txn_0000977,U1036,2026-01-05 08:40:00,800.11,mobile,B_U1036_15,False,peer_transfer,1129.15,False,normal
txn_0000224,U1008,2026-01-05 08:41:00,3198.09,mobile,B_U1008_3,False,utilities,3573.17,False,normal
txn_0002478,U1092,2026-01-05 08:51:00,3191.93,web,B_U1092_35685,True,travel,2917.77,False,normal
txn_0002995,U1112,2026-01-05 08:57:00,6741.38,web,B_U1112_2,False,electronics,5205.26,False,normal
txn_0000978,U1036,2026-01-05 09:03:00,646.73,web,B_U1036_2,False,utilities,1129.15,False,normal
txn_0000381,U1014,2026-01-05 09:14:00,10522.06,mobile,B_U1014_14,False,investment,5753.35,False,normal
txn_0001899,U1070,2026-01-05 09:23:00,2019.18,web,B_U1070_15,False,groceries,4224.9,False,normal
txn_0000767,U1028,2026-01-05 09:25:00,5932.89,mobile,B_U1028_13,False,fuel,4440.68,False,normal
txn_0002895,U1108,2026-01-05 09:27:00,1919.2,mobile,B_U1108_14,False,utilities,3438.35,False,normal
txn_0000601,U1022,2026-01-05 09:37:00,3656.35,atm,B_U1022_6,False,dining,4140.87,False,normal
txn_0000112,U1004,2026-01-05 09:47:00,2540.99,mobile,B_U1004_55350,True,travel,2852.1,False,normal
txn_0002609,U1097,2026-01-05 10:10:00,855.52,mobile,B_U1097_7,False,travel,1723.17,False,normal
txn_0003180,U1119,2026-01-05 10:13:00,1501.02,atm,B_U1119_13,False,travel,2176.44,False,normal
txn_0001281,U1047,2026-01-05 10:14:00,4622.1,mobile,B_U1047_5,False,electronics,2870.56,False,normal
txn_0002164,U1080,2026-01-05 10:15:00,3262.24,atm,B_U1080_5,False,groceries,2738.22,False,normal
txn_0000382,U1014,2026-01-05 10:24:00,8658.29,atm,B_U1014_10,False,electronics,5753.35,False,normal
txn_0002763,U1103,2026-01-05 10:24:00,3863.47,mobile,B_U1103_6,False,dining,3356.29,False,normal
txn_0001976,U1073,2026-01-05 10:28:00,7642.04,mobile,B_U1073_14,False,peer_transfer,3306.92,False,normal
txn_0003023,U1113,2026-01-05 10:33:00,1130.65,mobile,B_U1113_4,False,travel,1261.03,False,normal
txn_0003156,U1118,2026-01-05 11:08:00,3220.68,mobile,B_U1118_6,False,peer_transfer,3428.82,False,normal
txn_0000166,U1006,2026-01-05 11:19:00,2197.22,mobile,B_U1006_18,False,utilities,2287.03,False,normal
txn_0000519,U1019,2026-01-05 11:54:00,3449.57,web,B_U1019_13,False,investment,4323.75,False,normal
txn_0001330,U1049,2026-01-05 12:35:00,1825.08,mobile,B_U1049_16,False,investment,1500.95,False,normal
txn_0002814,U1105,2026-01-05 12:35:00,6381.14,mobile,B_U1105_42571,True,dining,5101.93,False,normal
txn_0001762,U1065,2026-01-05 12:37:00,1254.6,web,B_U1065_1,False,groceries,2907.56,False,normal
txn_0000924,U1034,2026-01-05 12:38:00,2237.83,mobile,B_U1034_11,False,dining,3918.7,False,normal
txn_0002479,U1092,2026-01-05 12:55:00,3380.38,web,B_U1092_3,False,fuel,2917.77,False,normal
txn_0002216,U1082,2026-01-05 13:02:00,3648.1,mobile,B_U1082_12,False,groceries,4569.76,False,normal
txn_0000951,U1035,2026-01-05 13:24:00,1027.83,mobile,B_U1035_11,False,dining,2810.15,False,normal
txn_0001734,U1064,2026-01-05 13:25:00,5226.54,web,B_U1064_13,False,groceries,7922.85,False,normal
txn_0000491,U1018,2026-01-05 13:35:00,1149.83,web,B_U1018_4,False,groceries,1714.18,False,normal
txn_0002610,U1097,2026-01-05 13:40:00,1895.39,mobile,B_U1097_9,False,dining,1723.17,False,normal
txn_0000873,U1032,2026-01-05 13:43:00,1305.32,mobile,B_U1032_11,False,electronics,1492.58,False,normal
txn_0002969,U1111,2026-01-05 13:49:00,3336.94,mobile,B_U1111_48220,True,fuel,3287.89,False,normal
txn_0002195,U1081,2026-01-05 13:50:00,2930.93,atm,B_U1081_4,False,utilities,4023.78,False,normal
txn_0000246,U1009,2026-01-05 13:59:00,2112.6,mobile,B_U1009_15,False,peer_transfer,1573.47,False,normal
txn_0001464,U1054,2026-01-05 14:11:00,2060.51,mobile,B_U1054_8,False,electronics,2347.07,False,normal
txn_0000462,U1017,2026-01-05 14:18:00,12464.21,mobile,B_U1017_13,False,dining,4706.98,False,normal
txn_0000841,U1031,2026-01-05 14:19:00,6268.43,mobile,B_U1031_8,False,investment,3939.68,False,normal
txn_0002114,U1078,2026-01-05 14:22:00,5601.55,mobile,B_U1078_2,False,dining,6944.14,False,normal
txn_0002320,U1086,2026-01-05 14:33:00,6655.89,atm,B_U1086_3,False,investment,4347.82,False,normal
txn_0001629,U1060,2026-01-05 14:34:00,2201.63,mobile,B_U1060_3,False,peer_transfer,2200.45,False,normal
txn_0000407,U1015,2026-01-05 14:53:00,4018.48,web,B_U1015_10,False,travel,2999.76,False,normal
txn_0002165,U1080,2026-01-05 14:53:00,1723.82,mobile,B_U1080_16,False,dining,2738.22,False,normal
txn_0001087,U1040,2026-01-05 15:04:00,3662.54,mobile,B_U1040_4,False,travel,3480.98,False,normal
txn_0002764,U1103,2026-01-05 15:28:00,3653.77,mobile,B_U1103_18,False,dining,3356.29,False,normal
txn_0002865,U1107,2026-01-05 15:36:00,3707.62,mobile,B_U1107_3,False,electronics,2290.51,False,normal
txn_0003024,U1113,2026-01-05 15:41:00,1454.57,mobile,B_U1113_6,False,peer_transfer,1261.03,False,normal
txn_0001196,U1044,2026-01-05 15:43:00,4142.99,mobile,B_U1044_5,False,dining,6443.21,False,normal
txn_0000439,U1016,2026-01-05 15:56:00,3410.72,mobile,B_U1016_11,False,travel,2121.6,False,normal
txn_0001112,U1041,2026-01-05 16:16:00,3827.07,atm,B_U1041_9,False,utilities,3955.76,False,normal
txn_0001440,U1053,2026-01-05 16:28:00,2265.76,mobile,B_U1053_14,False,dining,3360.77,False,normal
txn_0001977,U1073,2026-01-05 16:34:00,3135.89,atm,B_U1073_11,False,peer_transfer,3306.92,False,normal
txn_0001680,U1062,2026-01-05 16:45:00,2231.53,mobile,B_U1062_15,False,dining,5313.72,False,normal
txn_0002505,U1093,2026-01-05 17:10:00,2355.8,mobile,B_U1093_13,False,investment,3053.67,False,normal
txn_0000332,U1012,2026-01-05 17:12:00,2527.09,mobile,B_U1012_14,False,fuel,2152.49,False,normal
txn_0000408,U1015,2026-01-05 17:15:00,4480.07,mobile,B_U1015_9,False,investment,2999.76,False,normal
txn_0000440,U1016,2026-01-05 17:16:00,1686.59,atm,B_U1016_16,False,groceries,2121.6,False,normal
txn_0000225,U1008,2026-01-05 17:46:00,2892.85,mobile,B_U1008_4,False,dining,3573.17,False,normal
txn_0002530,U1094,2026-01-05 17:51:00,1657.38,atm,B_U1094_12,False,fuel,2174.74,False,normal
txn_0000441,U1016,2026-01-05 17:55:00,1063.93,mobile,B_U1016_4,False,electronics,2121.6,False,normal
txn_0001168,U1043,2026-01-05 17:57:00,6374.5,atm,B_U1043_13,False,travel,6061.22,False,normal
txn_0001705,U1063,2026-01-05 18:00:00,9351.98,mobile,B_U1063_11,False,groceries,10220.13,False,normal
txn_0000442,U1016,2026-01-05 18:21:00,2443.15,mobile,B_U1016_6,False,dining,2121.6,False,normal
txn_0001088,U1040,2026-01-05 18:23:00,4119.58,web,B_U1040_4,False,utilities,3480.98,False,normal
txn_0001089,U1040,2026-01-05 18:23:00,4101.08,web,B_U1040_4,False,dining,3480.98,False,normal
txn_0002004,U1074,2026-01-05 18:30:00,1622.92,mobile,B_U1074_11,False,fuel,2873.53,False,normal
txn_0000708,U1026,2026-01-05 18:36:00,1445.54,mobile,B_U1026_10,False,groceries,2270.01,False,normal
txn_0000247,U1009,2026-01-05 19:01:00,790.75,mobile,B_U1009_1,False,peer_transfer,1573.47,False,normal
txn_0000145,U1005,2026-01-05 19:05:00,1633.74,mobile,B_U1005_22486,True,groceries,2618.11,False,normal
txn_0000709,U1026,2026-01-05 19:15:00,6833.39,mobile,B_U1026_15,False,investment,2270.01,False,normal
txn_0001706,U1063,2026-01-05 19:15:00,6476.45,web,B_U1063_18,False,utilities,10220.13,False,normal
txn_0001978,U1073,2026-01-05 19:15:00,2531.69,mobile,B_U1073_1,False,travel,3306.92,False,normal
txn_0002217,U1082,2026-01-05 19:21:00,4865.33,mobile,B_U1082_16,False,dining,4569.76,False,normal
txn_0000004,U1000,2026-01-05 19:23:00,4563.45,mobile,B_U1000_14,False,groceries,3431.57,False,normal
txn_0002713,U1101,2026-01-05 19:26:00,4132.85,mobile,B_U1101_12,False,peer_transfer,2326.49,False,normal
txn_0000279,U1010,2026-01-05 20:18:00,3580.58,mobile,B_U1010_13,False,electronics,4545.51,False,normal
txn_0002005,U1074,2026-01-05 20:45:00,2243.02,web,B_U1074_2,False,dining,2873.53,False,normal
txn_0002321,U1086,2026-01-05 20:50:00,6586.6,web,B_U1086_13,False,peer_transfer,4347.82,False,normal
txn_0001415,U1052,2026-01-05 21:18:00,2085.5,atm,B_U1052_3,False,fuel,1695.82,False,normal
txn_0000790,U1029,2026-01-05 21:39:00,1472.87,web,B_U1029_4,False,utilities,2499.66,False,normal
txn_0000226,U1008,2026-01-05 21:45:00,5898.61,web,B_U1008_1,False,peer_transfer,3573.17,False,normal
txn_0000113,U1004,2026-01-05 21:53:00,3521.49,mobile,B_U1004_17,False,fuel,2852.1,False,normal
txn_0000710,U1026,2026-01-05 21:53:00,3468.44,mobile,B_U1026_4,False,utilities,2270.01,False,normal
txn_0000626,U1023,2026-01-05 22:20:00,3241.75,mobile,B_U1023_13,False,investment,3158.77,False,normal
txn_0002611,U1097,2026-01-05 22:40:00,865.67,web,B_U1097_10,False,groceries,1723.17,False,normal
txn_0002896,U1108,2026-01-05 22:58:00,5087.65,web,B_U1108_6,False,fuel,3438.35,False,normal
txn_0000409,U1015,2026-01-05 23:02:00,2670.91,mobile,B_U1015_52613,True,groceries,2999.76,False,normal
txn_0001735,U1064,2026-01-05 23:02:00,4502.91,mobile,B_U1064_16,False,peer_transfer,7922.85,False,normal
txn_0001656,U1061,2026-01-05 23:10:00,20652.9,mobile,B_U1061_14,False,electronics,13171.59,False,normal
txn_0002299,U1085,2026-01-05 23:22:00,4667.06,mobile,B_U1085_40662,True,investment,1952.44,False,normal
txn_0000306,U1011,2026-01-06 00:18:00,8440.73,mobile,B_U1011_1,False,fuel,9375.34,False,normal
txn_0001331,U1049,2026-01-06 00:19:00,3038.8,web,B_U1049_2,False,fuel,1500.95,False,normal
txn_0002246,U1083,2026-01-06 00:21:00,5150.8,web,B_U1083_4,False,electronics,3626.19,False,normal
txn_0002322,U1086,2026-01-06 00:24:00,8424.45,mobile,B_U1086_11,False,fuel,4347.82,False,normal
txn_0000952,U1035,2026-01-06 00:38:00,2451.91,web,B_U1035_22163,True,dining,2810.15,False,normal
txn_0002739,U1102,2026-01-06 00:52:00,4910.85,web,B_U1102_15,False,investment,4673.84,False,normal
txn_0003025,U1113,2026-01-06 01:03:00,3258.87,mobile,B_U1113_13,False,investment,1261.03,False,normal
txn_0000897,U1033,2026-01-06 01:08:00,2122.19,mobile,B_U1033_11,False,fuel,2238.38,False,normal
txn_0002006,U1074,2026-01-06 01:14:00,4634.15,mobile,B_U1074_16,False,groceries,2873.53,False,normal
txn_0000307,U1011,2026-01-06 01:31:00,15354.66,mobile,B_U1011_3,False,investment,9375.34,False,normal
txn_0000410,U1015,2026-01-06 01:35:00,3911.36,atm,B_U1015_38806,True,dining,2999.76,False,normal
txn_0002196,U1081,2026-01-06 01:58:00,3302.68,web,B_U1081_16,False,peer_transfer,4023.78,False,normal
txn_0001921,U1071,2026-01-06 02:21:00,2957.3,web,B_U1071_15,False,travel,4084.71,False,normal
txn_0001382,U1051,2026-01-06 02:42:00,3091.41,mobile,B_U1051_12,False,groceries,1990.06,False,normal
txn_0002866,U1107,2026-01-06 02:45:00,5660.43,mobile,B_U1107_1,False,investment,2290.51,False,normal
txn_0002557,U1095,2026-01-06 02:56:00,5837.86,mobile,B_U1095_8,False,travel,4619.02,False,normal
txn_0000167,U1006,2026-01-06 03:01:00,2338.65,mobile,B_U1006_2,False,peer_transfer,2287.03,False,normal
txn_0001707,U1063,2026-01-06 03:03:00,9761.56,mobile,B_U1063_9,False,dining,10220.13,False,normal
txn_0001900,U1070,2026-01-06 03:14:00,4237.18,mobile,B_U1070_11,False,utilities,4224.9,False,normal
txn_0001922,U1071,2026-01-06 03:29:00,2948.16,mobile,B_U1071_4,False,groceries,4084.71,False,normal
txn_0002346,U1087,2026-01-06 03:36:00,676.64,mobile,B_U1087_18,False,utilities,1419.15,False,normal
txn_0002843,U1106,2026-01-06 03:41:00,3298.4,mobile,B_U1106_14,False,groceries,3670.02,False,normal
txn_0002996,U1112,2026-01-06 04:08:00,4085.89,web,B_U1112_2,False,dining,5205.26,False,normal
txn_0002007,U1074,2026-01-06 04:32:00,1790.46,web,B_U1074_3,False,electronics,2873.53,False,normal
txn_0002272,U1084,2026-01-06 04:35:00,1949.32,mobile,B_U1084_10,False,electronics,1662.97,False,normal
txn_0000168,U1006,2026-01-06 05:09:00,4670.8,web,B_U1006_5,False,investment,2287.03,False,normal
txn_0002917,U1109,2026-01-06 05:12:00,8982.3,mobile,B_U1109_3,False,dining,5925.56,False,normal
txn_0003181,U1119,2026-01-06 05:16:00,3571.45,atm,B_U1119_9,False,utilities,2176.44,False,normal
txn_0002531,U1094,2026-01-06 05:40:00,2061.72,mobile,B_U1094_2,False,peer_transfer,2174.74,False,normal
txn_0002057,U1076,2026-01-06 05:50:00,3036.74,web,B_U1076_18,False,utilities,4907.7,False,normal
txn_0003075,U1115,2026-01-06 05:58:00,1064.56,mobile,B_U1115_15,False,travel,1701.41,False,normal
txn_0002765,U1103,2026-01-06 06:08:00,4351.58,atm,B_U1103_7,False,peer_transfer,3356.29,False,normal
txn_0001416,U1052,2026-01-06 06:21:00,2217.91,mobile,B_U1052_13,False,electronics,1695.82,False,normal
txn_0002033,U1075,2026-01-06 06:24:00,6019.54,mobile,B_U1075_98922,True,utilities,3596.75,False,normal
txn_0002506,U1093,2026-01-06 06:37:00,4190.66,mobile,B_U1093_72941,True,utilities,3053.67,False,normal
txn_0001197,U1044,2026-01-06 06:54:00,9664.66,mobile,B_U1044_15,False,peer_transfer,6443.21,False,normal
txn_0002454,U1091,2026-01-06 07:09:00,1243.68,mobile,B_U1091_10,False,utilities,1905.36,False,normal
txn_0002323,U1086,2026-01-06 07:12:00,4822.3,atm,B_U1086_18,False,dining,4347.82,False,normal
txn_0002689,U1100,2026-01-06 07:21:00,3240.85,atm,B_U1100_5,False,dining,3364.39,False,normal
txn_0002794,U1104,2026-01-06 07:29:00,2285.83,web,B_U1104_5,False,fuel,1958.45,False,normal
txn_0002115,U1078,2026-01-06 07:32:00,4432.52,mobile,B_U1078_17,False,investment,6944.14,False,normal
txn_0001059,U1039,2026-01-06 07:42:00,949.62,mobile,B_U1039_18,False,groceries,1555.7,False,normal
txn_0001598,U1059,2026-01-06 07:45:00,2147.53,mobile,B_U1059_15,False,electronics,2320.66,False,normal
txn_0000734,U1027,2026-01-06 07:51:00,1377.63,mobile,B_U1027_6,False,peer_transfer,2802.86,False,normal
txn_0000602,U1022,2026-01-06 08:03:00,2430.78,mobile,B_U1022_12,False,dining,4140.87,False,normal
txn_0001302,U1048,2026-01-06 08:12:00,3941.69,mobile,B_U1048_12,False,electronics,2557.77,False,normal
txn_0002690,U1100,2026-01-06 08:20:00,1993.0,mobile,B_U1100_15,False,travel,3364.39,False,normal
txn_0002766,U1103,2026-01-06 08:28:00,3780.64,atm,B_U1103_6,False,fuel,3356.29,False,normal
txn_0000463,U1017,2026-01-06 08:30:00,3756.93,mobile,B_U1017_7,False,travel,4706.98,False,normal
txn_0002970,U1111,2026-01-06 08:40:00,4181.85,web,B_U1111_3,False,travel,3287.89,False,normal
txn_0002347,U1087,2026-01-06 08:52:00,1043.4,mobile,B_U1087_48703,True,peer_transfer,1419.15,False,normal
txn_0001030,U1038,2026-01-06 09:05:00,10143.18,mobile,B_U1038_1,False,peer_transfer,9163.94,False,normal
txn_0001816,U1067,2026-01-06 09:06:00,1945.99,mobile,B_U1067_18,False,dining,2136.18,False,normal
txn_0000146,U1005,2026-01-06 09:16:00,2440.76,mobile,B_U1005_16,False,travel,2618.11,False,normal
txn_0002085,U1077,2026-01-06 09:23:00,1192.98,web,B_U1077_1,False,travel,1866.36,False,normal
txn_0000791,U1029,2026-01-06 09:28:00,4391.0,web,B_U1029_4,False,electronics,2499.66,False,normal
txn_0000411,U1015,2026-01-06 09:32:00,5420.43,web,B_U1015_11,False,dining,2999.76,False,normal
txn_0001090,U1040,2026-01-06 09:43:00,3298.76,mobile,B_U1040_12,False,fuel,3480.98,False,normal
txn_0000169,U1006,2026-01-06 09:49:00,2329.53,mobile,B_U1006_2,False,groceries,2287.03,False,normal
txn_0000898,U1033,2026-01-06 09:49:00,5869.3,web,B_U1033_1,False,dining,2238.38,False,normal
txn_0000682,U1025,2026-01-06 09:51:00,1985.54,atm,B_U1025_7,False,fuel,2077.08,False,normal
txn_0001060,U1039,2026-01-06 10:04:00,3408.92,mobile,B_U1039_1,False,investment,1555.7,False,normal
txn_0001492,U1055,2026-01-06 10:11:00,2517.29,mobile,B_U1055_18,False,electronics,2454.82,False,normal
txn_0002058,U1076,2026-01-06 10:13:00,3452.6,mobile,B_U1076_15,False,fuel,4907.7,False,normal
txn_0002971,U1111,2026-01-06 10:25:00,5804.35,mobile,B_U1111_17,False,investment,3287.89,False,normal
txn_0002480,U1092,2026-01-06 10:32:00,2681.28,mobile,B_U1092_11,False,groceries,2917.77,False,normal
txn_0002086,U1077,2026-01-06 10:44:00,1639.05,atm,B_U1077_13,False,electronics,1866.36,False,normal
txn_0001091,U1040,2026-01-06 10:55:00,2203.95,web,B_U1040_92161,True,dining,3480.98,False,normal
txn_0000333,U1012,2026-01-06 11:08:00,2226.89,mobile,B_U1012_6,False,utilities,2152.49,False,normal
txn_0001092,U1040,2026-01-06 11:15:00,7184.84,mobile,B_U1040_7,False,fuel,3480.98,False,normal
txn_0001954,U1072,2026-01-06 11:17:00,8502.67,mobile,B_U1072_1,False,travel,5461.96,False,normal
txn_0002997,U1112,2026-01-06 11:17:00,5277.25,web,B_U1112_16,False,investment,5205.26,False,normal
txn_0001303,U1048,2026-01-06 11:49:00,3107.73,mobile,B_U1048_11,False,dining,2557.77,False,normal
txn_0000874,U1032,2026-01-06 12:34:00,1375.32,mobile,B_U1032_7,False,dining,1492.58,False,normal
txn_0001138,U1042,2026-01-06 12:44:00,8911.11,mobile,B_U1042_10,False,electronics,4610.29,False,normal
txn_0001657,U1061,2026-01-06 12:45:00,11113.52,mobile,B_U1061_15,False,peer_transfer,13171.59,False,normal
txn_0001658,U1061,2026-01-06 12:51:00,30209.24,web,B_U1061_1,False,dining,13171.59,False,normal
txn_0002691,U1100,2026-01-06 12:56:00,7727.72,atm,B_U1100_15,False,investment,3364.39,False,normal
txn_0001901,U1070,2026-01-06 13:00:00,4079.65,mobile,B_U1070_13,False,groceries,4224.9,False,normal
txn_0000683,U1025,2026-01-06 13:14:00,2046.23,mobile,B_U1025_4,False,investment,2077.08,False,normal
txn_0002034,U1075,2026-01-06 13:21:00,4845.91,atm,B_U1075_7,False,dining,3596.75,False,normal
txn_0000194,U1007,2026-01-06 13:44:00,7593.31,atm,B_U1007_51376,True,groceries,3285.15,False,normal
txn_0001681,U1062,2026-01-06 13:45:00,7076.5,web,B_U1062_5,False,fuel,5313.72,False,normal
txn_0002714,U1101,2026-01-06 13:50:00,2745.72,mobile,B_U1101_58536,True,utilities,2326.49,False,normal
txn_0002481,U1092,2026-01-06 14:08:00,3840.46,web,B_U1092_5,False,dining,2917.77,False,normal
txn_0000114,U1004,2026-01-06 14:10:00,1996.86,mobile,B_U1004_13,False,groceries,2852.1,False,normal
txn_0001113,U1041,2026-01-06 14:20:00,8880.66,mobile,B_U1041_3,False,electronics,3955.76,False,normal
txn_0002218,U1082,2026-01-06 14:20:00,3784.04,mobile,B_U1082_38400,True,dining,4569.76,False,normal
txn_0000248,U1009,2026-01-06 14:44:00,1430.69,mobile,B_U1009_2,False,groceries,1573.47,False,normal
txn_0001708,U1063,2026-01-06 14:51:00,6234.31,web,B_U1063_13,False,utilities,10220.13,False,normal
txn_0002455,U1091,2026-01-06 14:57:00,3835.19,web,B_U1091_18,False,peer_transfer,1905.36,False,normal
txn_0000578,U1021,2026-01-06 14:58:00,3770.07,mobile,B_U1021_4,False,groceries,2094.79,False,normal
txn_0001709,U1063,2026-01-06 15:02:00,21034.87,web,B_U1063_7,False,investment,10220.13,False,normal
txn_0001545,U1057,2026-01-06 15:04:00,5299.42,mobile,B_U1057_4,False,dining,6319.59,False,normal
txn_0000059,U1002,2026-01-06 15:07:00,3197.04,mobile,B_U1002_77561,True,fuel,4906.58,False,normal
txn_0001710,U1063,2026-01-06 15:07:00,8378.1,mobile,B_U1063_17,False,utilities,10220.13,False,normal
txn_0000925,U1034,2026-01-06 15:21:00,2662.38,web,B_U1034_16,False,travel,3918.7,False,normal
txn_0001002,U1037,2026-01-06 15:21:00,2196.85,web,B_U1037_4,False,utilities,3096.92,False,normal
txn_0000979,U1036,2026-01-06 15:24:00,711.72,web,B_U1036_4,False,fuel,1129.15,False,normal
txn_0001332,U1049,2026-01-06 15:24:00,1283.36,mobile,B_U1049_4,False,groceries,1500.95,False,normal
txn_0001546,U1057,2026-01-06 15:24:00,7145.29,mobile,B_U1057_16,False,utilities,6319.59,False,normal
txn_0000875,U1032,2026-01-06 15:30:00,974.43,mobile,B_U1032_12,False,peer_transfer,1492.58,False,normal
txn_0002715,U1101,2026-01-06 15:45:00,7122.85,mobile,B_U1101_15,False,electronics,2326.49,False,normal
txn_0002972,U1111,2026-01-06 15:46:00,3106.41,mobile,B_U1111_1,False,groceries,3287.89,False,normal
txn_0002059,U1076,2026-01-06 15:48:00,6479.14,mobile,B_U1076_12,False,utilities,4907.7,False,normal
txn_0002532,U1094,2026-01-06 15:51:00,935.72,mobile,B_U1094_2,False,peer_transfer,2174.74,False,normal
txn_0002300,U1085,2026-01-06 15:56:00,867.46,web,B_U1085_17,False,fuel,1952.44,False,normal
txn_0000088,U1003,2026-01-06 16:06:00,3007.27,web,B_U1003_5,False,travel,2001.51,False,normal
txn_0000443,U1016,2026-01-06 16:23:00,2198.8,mobile,B_U1016_9,False,electronics,2121.6,False,normal
txn_0002950,U1110,2026-01-06 16:26:00,1868.93,web,B_U1110_6,False,electronics,2501.88,False,normal
txn_0000089,U1003,2026-01-06 16:27:00,2174.9,mobile,B_U1003_3,False,investment,2001.51,False,normal
txn_0002612,U1097,2026-01-06 16:37:00,434.69,mobile,B_U1097_91121,True,investment,1723.17,False,normal
txn_0000579,U1021,2026-01-06 16:40:00,3426.73,web,B_U1021_47348,True,investment,2094.79,False,normal
txn_0000249,U1009,2026-01-06 16:48:00,1364.11,mobile,B_U1009_6,False,utilities,1573.47,False,normal
txn_0001198,U1044,2026-01-06 16:54:00,4616.84,web,B_U1044_11,False,dining,6443.21,False,normal
txn_0001282,U1047,2026-01-06 17:30:00,5322.07,web,B_U1047_21911,True,dining,2870.56,False,normal
txn_0001923,U1071,2026-01-06 17:31:00,5365.65,web,B_U1071_5,False,electronics,4084.71,False,normal
txn_0001711,U1063,2026-01-06 17:54:00,6600.92,web,B_U1063_12,False,fuel,10220.13,False,normal
txn_0000444,U1016,2026-01-06 17:58:00,1567.02,mobile,B_U1016_68502,True,dining,2121.6,False,normal
txn_0001139,U1042,2026-01-06 18:27:00,1547.28,web,B_U1042_7,False,electronics,4610.29,False,normal
txn_0000792,U1029,2026-01-06 18:30:00,1064.07,mobile,B_U1029_14,False,electronics,2499.66,False,normal
txn_0001199,U1044,2026-01-06 18:31:00,3288.84,atm,B_U1044_11,False,groceries,6443.21,False,normal
txn_0002482,U1092,2026-01-06 18:33:00,3481.78,web,B_U1092_1,False,electronics,2917.77,False,normal
txn_0000735,U1027,2026-01-06 18:37:00,3325.14,atm,B_U1027_18,False,utilities,2802.86,False,normal
txn_0000358,U1013,2026-01-06 18:38:00,2151.42,mobile,B_U1013_18,False,travel,4381.55,False,normal
txn_0002507,U1093,2026-01-06 18:59:00,4017.36,mobile,B_U1093_15,False,dining,3053.67,False,normal
txn_0003076,U1115,2026-01-06 18:59:00,916.81,web,B_U1115_8,False,peer_transfer,1701.41,False,normal
txn_0000711,U1026,2026-01-06 19:04:00,1678.14,mobile,B_U1026_18,False,electronics,2270.01,False,normal
txn_0002951,U1110,2026-01-06 19:05:00,2068.74,web,B_U1110_6,False,dining,2501.88,False,normal
txn_0002973,U1111,2026-01-06 19:05:00,7464.65,mobile,B_U1111_79451,True,electronics,3287.89,False,normal
txn_0002197,U1081,2026-01-06 19:27:00,3442.17,atm,B_U1081_16,False,groceries,4023.78,False,normal
txn_0002692,U1100,2026-01-06 19:27:00,11955.97,mobile,B_U1100_1,False,electronics,3364.39,False,normal
txn_0001333,U1049,2026-01-06 19:34:00,1358.64,mobile,B_U1049_3,False,dining,1500.95,False,normal
txn_0000654,U1024,2026-01-06 19:36:00,2627.9,web,B_U1024_4,False,utilities,3630.97,False,normal
txn_0000383,U1014,2026-01-06 19:40:00,4189.49,atm,B_U1014_5,False,electronics,5753.35,False,normal
txn_0000580,U1021,2026-01-06 19:49:00,3463.06,mobile,B_U1021_5,False,electronics,2094.79,False,normal
txn_0000308,U1011,2026-01-06 19:59:00,2780.89,mobile,B_U1011_17,False,electronics,9375.34,False,normal
txn_0002219,U1082,2026-01-06 20:04:00,4832.4,mobile,B_U1082_7,False,peer_transfer,4569.76,False,normal
txn_0002508,U1093,2026-01-06 20:10:00,3201.36,mobile,B_U1093_2,False,peer_transfer,3053.67,False,normal
txn_0002060,U1076,2026-01-06 20:21:00,5639.84,mobile,B_U1076_81831,True,electronics,4907.7,False,normal
txn_0002533,U1094,2026-01-06 20:27:00,1675.0,mobile,B_U1094_21157,True,peer_transfer,2174.74,False,normal
txn_0001031,U1038,2026-01-06 20:47:00,5764.32,mobile,B_U1038_7,False,utilities,9163.94,False,normal
txn_0000170,U1006,2026-01-06 20:58:00,4410.29,web,B_U1006_9,False,groceries,2287.03,False,normal
txn_0002815,U1105,2026-01-06 21:00:00,4701.19,mobile,B_U1105_1,False,peer_transfer,5101.93,False,normal
txn_0001061,U1039,2026-01-06 21:03:00,1460.72,mobile,B_U1039_3,False,peer_transfer,1555.7,False,normal
txn_0000195,U1007,2026-01-06 21:04:00,2351.41,mobile,B_U1007_8,False,fuel,3285.15,False,normal
txn_0002425,U1090,2026-01-06 21:18:00,3602.74,mobile,B_U1090_7,False,utilities,3957.38,False,normal
txn_0002116,U1078,2026-01-06 21:38:00,9220.25,mobile,B_U1078_11,False,utilities,6944.14,False,normal
txn_0000736,U1027,2026-01-06 21:42:00,3736.33,web,B_U1027_4,False,utilities,2802.86,False,normal
txn_0000115,U1004,2026-01-06 21:44:00,2899.25,web,B_U1004_3,False,fuel,2852.1,False,normal
txn_0000171,U1006,2026-01-06 21:48:00,1410.17,mobile,B_U1006_17,False,dining,2287.03,False,normal
txn_0000899,U1033,2026-01-06 21:52:00,1915.78,mobile,B_U1033_1,False,dining,2238.38,False,normal
txn_0000655,U1024,2026-01-06 22:00:00,4714.82,web,B_U1024_16,False,travel,3630.97,False,normal
txn_0000656,U1024,2026-01-06 22:02:00,12925.9,mobile,B_U1024_18,False,investment,3630.97,False,normal
txn_0001093,U1040,2026-01-06 22:03:00,1773.63,web,B_U1040_2,False,travel,3480.98,False,normal
txn_0002816,U1105,2026-01-06 22:06:00,4210.49,mobile,B_U1105_10,False,fuel,5101.93,False,normal
txn_0000250,U1009,2026-01-06 22:22:00,2529.79,mobile,B_U1009_12,False,electronics,1573.47,False,normal
txn_0000684,U1025,2026-01-06 22:34:00,1101.98,web,B_U1025_11,False,travel,2077.08,False,normal
txn_0001786,U1066,2026-01-06 23:00:00,1983.9,mobile,B_U1066_7,False,utilities,2174.71,False,normal
txn_0002220,U1082,2026-01-06 23:00:00,5693.71,mobile,B_U1082_9,False,utilities,4569.76,False,normal
txn_0001630,U1060,2026-01-06 23:15:00,2561.74,web,B_U1060_8,False,dining,2200.45,False,normal
txn_0001979,U1073,2026-01-06 23:26:00,2923.77,mobile,B_U1073_1,False,travel,3306.92,False,normal
txn_0002740,U1102,2026-01-06 23:39:00,5045.01,mobile,B_U1102_4,False,dining,4673.84,False,normal
txn_0000926,U1034,2026-01-06 23:59:00,6288.36,mobile,B_U1034_5,False,dining,3918.7,False,normal
txn_0001247,U1046,2026-01-07 00:12:00,2413.13,mobile,B_U1046_3,False,fuel,2217.91,False,normal
txn_0000813,U1030,2026-01-07 00:25:00,1720.92,mobile,B_U1030_14085,True,peer_transfer,2316.16,False,normal
txn_0002580,U1096,2026-01-07 00:26:00,3008.65,mobile,B_U1096_2,False,peer_transfer,4725.77,False,normal
txn_0000603,U1022,2026-01-07 00:32:00,1766.04,web,B_U1022_15,False,dining,4140.87,False,normal
txn_0003127,U1117,2026-01-07 00:55:00,1984.74,mobile,B_U1117_9,False,dining,3396.23,False,normal
txn_0001114,U1041,2026-01-07 01:00:00,3135.73,mobile,B_U1041_2,False,dining,3955.76,False,normal
txn_0001787,U1066,2026-01-07 01:07:00,4794.98,mobile,B_U1066_17,False,investment,2174.71,False,normal
txn_0002221,U1082,2026-01-07 01:11:00,6465.04,web,B_U1082_12,False,electronics,4569.76,False,normal
txn_0000980,U1036,2026-01-07 01:24:00,1583.13,web,B_U1036_10,False,utilities,1129.15,False,normal
txn_0001547,U1057,2026-01-07 01:31:00,5571.65,web,B_U1057_7,False,peer_transfer,6319.59,False,normal
txn_0001548,U1057,2026-01-07 01:44:00,11294.24,mobile,B_U1057_13,False,groceries,6319.59,False,normal
txn_0000384,U1014,2026-01-07 01:47:00,4998.22,mobile,B_U1014_10,False,groceries,5753.35,False,normal
txn_0000412,U1015,2026-01-07 01:51:00,4155.62,mobile,B_U1015_5,False,electronics,2999.76,False,normal
txn_0000033,U1001,2026-01-07 01:54:00,3515.83,web,B_U1001_21383,True,groceries,2959.57,False,normal
txn_0000657,U1024,2026-01-07 01:58:00,1088.29,mobile,B_U1024_10,False,peer_transfer,3630.97,False,normal
txn_0002844,U1106,2026-01-07 02:00:00,5628.48,mobile,B_U1106_16,False,dining,3670.02,False,normal
txn_0002426,U1090,2026-01-07 02:13:00,6323.24,mobile,B_U1090_6,False,groceries,3957.38,False,normal
txn_0000685,U1025,2026-01-07 02:25:00,12070.6,mobile,B_U1025_18,False,electronics,2077.08,False,normal
txn_0001003,U1037,2026-01-07 02:26:00,2107.93,mobile,B_U1037_1,False,electronics,3096.92,False,normal
txn_0000953,U1035,2026-01-07 02:37:00,3063.89,mobile,B_U1035_18,False,investment,2810.15,False,normal
txn_0000814,U1030,2026-01-07 02:45:00,1652.93,mobile,B_U1030_5,False,utilities,2316.16,False,normal
txn_0000815,U1030,2026-01-07 02:55:00,3236.17,web,B_U1030_17,False,groceries,2316.16,False,normal
txn_0001359,U1050,2026-01-07 03:11:00,2062.55,web,B_U1050_10,False,dining,3695.41,False,normal
txn_0001304,U1048,2026-01-07 03:28:00,3261.18,mobile,B_U1048_1,False,travel,2557.77,False,normal
txn_0003026,U1113,2026-01-07 03:39:00,2272.08,web,B_U1113_19917,True,groceries,1261.03,False,normal
txn_0000546,U1020,2026-01-07 04:00:00,3546.98,mobile,B_U1020_9,False,investment,2216.94,False,normal
txn_0002301,U1085,2026-01-07 04:01:00,914.11,mobile,B_U1085_10,False,electronics,1952.44,False,normal
txn_0002427,U1090,2026-01-07 04:02:00,3457.79,web,B_U1090_3,False,groceries,3957.38,False,normal
txn_0002867,U1107,2026-01-07 04:09:00,1051.14,mobile,B_U1107_17,False,fuel,2290.51,False,normal
txn_0000172,U1006,2026-01-07 04:21:00,1575.41,mobile,B_U1006_2,False,peer_transfer,2287.03,False,normal
txn_0000280,U1010,2026-01-07 04:32:00,3386.74,mobile,B_U1010_5,False,travel,4545.51,False,normal
txn_0001712,U1063,2026-01-07 04:56:00,4670.16,mobile,B_U1063_10,False,fuel,10220.13,False,normal
txn_0000581,U1021,2026-01-07 05:21:00,2984.05,mobile,B_U1021_10,False,fuel,2094.79,False,normal
txn_0002198,U1081,2026-01-07 05:31:00,4207.59,mobile,B_U1081_10,False,dining,4023.78,False,normal
txn_0002509,U1093,2026-01-07 05:38:00,3128.44,web,B_U1093_11,False,investment,3053.67,False,normal
txn_0002716,U1101,2026-01-07 06:15:00,988.43,mobile,B_U1101_18,False,groceries,2326.49,False,normal
txn_0002918,U1109,2026-01-07 06:16:00,6240.18,mobile,B_U1109_10,False,electronics,5925.56,False,normal
txn_0002273,U1084,2026-01-07 06:28:00,2462.05,mobile,B_U1084_2,False,travel,1662.97,False,normal
txn_0002456,U1091,2026-01-07 06:38:00,1458.63,web,B_U1091_21372,True,fuel,1905.36,False,normal
txn_0000686,U1025,2026-01-07 06:39:00,4620.25,mobile,B_U1025_3,False,investment,2077.08,False,normal
txn_0000005,U1000,2026-01-07 06:43:00,870.88,mobile,B_U1000_4,False,utilities,3431.57,False,normal
txn_0002061,U1076,2026-01-07 06:43:00,6703.56,mobile,B_U1076_46107,True,peer_transfer,4907.7,False,normal
txn_0002952,U1110,2026-01-07 06:48:00,963.18,mobile,B_U1110_3,False,electronics,2501.88,False,normal
txn_0001334,U1049,2026-01-07 06:55:00,752.99,mobile,B_U1049_4,False,fuel,1500.95,False,normal
txn_0000793,U1029,2026-01-07 07:08:00,5241.99,mobile,B_U1029_13,False,peer_transfer,2499.66,False,normal
txn_0001924,U1071,2026-01-07 07:31:00,3926.81,web,B_U1071_17,False,groceries,4084.71,False,normal
txn_0003027,U1113,2026-01-07 07:37:00,4381.41,web,B_U1113_9,False,investment,1261.03,False,normal
txn_0000547,U1020,2026-01-07 07:42:00,4761.24,web,B_U1020_9,False,electronics,2216.94,False,normal
txn_0001465,U1054,2026-01-07 07:48:00,1698.94,mobile,B_U1054_3,False,groceries,2347.07,False,normal
txn_0002398,U1089,2026-01-07 08:02:00,2761.03,mobile,B_U1089_10,False,utilities,9995.49,False,normal
txn_0000927,U1034,2026-01-07 08:04:00,7513.29,atm,B_U1034_4,False,investment,3918.7,False,normal
txn_0001788,U1066,2026-01-07 08:22:00,2114.52,web,B_U1066_6,False,fuel,2174.71,False,normal
txn_0001631,U1060,2026-01-07 08:31:00,3221.6,mobile,B_U1060_15,False,investment,2200.45,False,normal
txn_0002348,U1087,2026-01-07 08:31:00,2001.83,mobile,B_U1087_3,False,groceries,1419.15,False,normal
txn_0000954,U1035,2026-01-07 08:35:00,4170.89,mobile,B_U1035_7,False,utilities,2810.15,False,normal
txn_0002767,U1103,2026-01-07 08:37:00,1964.33,mobile,B_U1103_7,False,peer_transfer,3356.29,False,normal
txn_0002457,U1091,2026-01-07 08:45:00,1628.34,mobile,B_U1091_18906,True,fuel,1905.36,False,normal
txn_0002062,U1076,2026-01-07 08:46:00,4516.36,mobile,B_U1076_18,False,fuel,4907.7,False,normal
txn_0002247,U1083,2026-01-07 08:51:00,1101.21,mobile,B_U1083_16,False,peer_transfer,3626.19,False,normal
txn_0000413,U1015,2026-01-07 09:07:00,2758.16,atm,B_U1015_11,False,peer_transfer,2999.76,False,normal
txn_0001062,U1039,2026-01-07 09:14:00,1138.35,atm,B_U1039_4,False,peer_transfer,1555.7,False,normal
txn_0002693,U1100,2026-01-07 09:14:00,3148.23,mobile,B_U1100_10,False,utilities,3364.39,False,normal
txn_0001248,U1046,2026-01-07 09:43:00,6105.17,mobile,B_U1046_17,False,groceries,2217.91,False,normal
txn_0000196,U1007,2026-01-07 09:51:00,6595.0,web,B_U1007_16,False,groceries,3285.15,False,normal
txn_0002953,U1110,2026-01-07 10:00:00,2916.54,mobile,B_U1110_6,False,peer_transfer,2501.88,False,normal
txn_0001872,U1069,2026-01-07 10:07:00,4546.64,mobile,B_U1069_8,False,groceries,5981.69,False,normal
txn_0000955,U1035,2026-01-07 10:26:00,4137.61,mobile,B_U1035_10,False,travel,2810.15,False,normal
txn_0002374,U1088,2026-01-07 10:41:00,2252.26,mobile,B_U1088_12,False,dining,1638.89,False,normal
txn_0000090,U1003,2026-01-07 10:44:00,2747.66,atm,B_U1003_4,False,peer_transfer,2001.51,False,normal
txn_0001789,U1066,2026-01-07 10:52:00,4239.58,mobile,B_U1066_6,False,utilities,2174.71,False,normal
txn_0001790,U1066,2026-01-07 11:03:00,2675.22,atm,B_U1066_4,False,fuel,2174.71,False,normal
txn_0002248,U1083,2026-01-07 11:14:00,3364.09,web,B_U1083_11,False,peer_transfer,3626.19,False,normal
txn_0001115,U1041,2026-01-07 11:28:00,2509.94,mobile,B_U1041_2,False,travel,3955.76,False,normal
txn_0000445,U1016,2026-01-07 11:34:00,2873.97,mobile,B_U1016_79669,True,fuel,2121.6,False,normal
txn_0001305,U1048,2026-01-07 11:34:00,3415.89,web,B_U1048_3,False,fuel,2557.77,False,normal
txn_0002954,U1110,2026-01-07 11:41:00,2682.94,web,B_U1110_17,False,peer_transfer,2501.88,False,normal
txn_0002324,U1086,2026-01-07 12:01:00,5426.96,mobile,B_U1086_82207,True,dining,4347.82,False,normal
txn_0003182,U1119,2026-01-07 12:18:00,1761.58,mobile,B_U1119_14,False,fuel,2176.44,False,normal
txn_0002325,U1086,2026-01-07 12:20:00,14285.07,mobile,B_U1086_18,False,fuel,4347.82,False,normal
txn_0001549,U1057,2026-01-07 12:21:00,4937.06,atm,B_U1057_15,False,fuel,6319.59,False,normal
txn_0001817,U1067,2026-01-07 12:22:00,1962.6,web,B_U1067_15,False,electronics,2136.18,False,normal
txn_0000900,U1033,2026-01-07 12:40:00,4185.85,mobile,B_U1033_10,False,fuel,2238.38,False,normal
txn_0000794,U1029,2026-01-07 12:50:00,3102.83,web,B_U1029_6,False,peer_transfer,2499.66,False,normal
txn_0003107,U1116,2026-01-07 12:57:00,10765.79,web,B_U1116_17,False,investment,5060.46,False,normal
txn_0001763,U1065,2026-01-07 13:12:00,2323.8,atm,B_U1065_14,False,travel,2907.56,False,normal
txn_0002399,U1089,2026-01-07 13:18:00,10299.89,atm,B_U1089_13,False,electronics,9995.49,False,normal
txn_0001764,U1065,2026-01-07 13:35:00,3319.88,mobile,B_U1065_11,False,travel,2907.56,False,normal
txn_0002274,U1084,2026-01-07 13:41:00,1868.06,web,B_U1084_10,False,groceries,1662.97,False,normal
txn_0000197,U1007,2026-01-07 14:00:00,3461.51,web,B_U1007_82128,True,fuel,3285.15,False,normal
txn_0002428,U1090,2026-01-07 14:02:00,3736.3,mobile,B_U1090_15,False,travel,3957.38,False,normal
txn_0002717,U1101,2026-01-07 14:07:00,1857.98,web,B_U1101_30343,True,groceries,2326.49,False,normal
txn_0002087,U1077,2026-01-07 14:25:00,1147.65,mobile,B_U1077_52294,True,groceries,1866.36,False,normal
txn_0001570,U1058,2026-01-07 14:26:00,9477.7,mobile,B_U1058_5,False,electronics,4002.51,False,normal
txn_0002630,U1098,2026-01-07 14:41:00,6137.37,mobile,B_U1098_3,False,peer_transfer,7495.59,False,normal
txn_0000981,U1036,2026-01-07 15:17:00,2169.03,mobile,B_U1036_4,False,peer_transfer,1129.15,False,normal
txn_0000901,U1033,2026-01-07 15:29:00,3689.45,mobile,B_U1033_5,False,electronics,2238.38,False,normal
txn_0002326,U1086,2026-01-07 15:49:00,3883.9,web,B_U1086_14,False,investment,4347.82,False,normal
txn_0002349,U1087,2026-01-07 15:49:00,2088.72,web,B_U1087_18,False,travel,1419.15,False,normal
txn_0000227,U1008,2026-01-07 15:52:00,15381.97,web,B_U1008_17,False,investment,3573.17,False,normal
txn_0002768,U1103,2026-01-07 15:53:00,1744.8,mobile,B_U1103_8,False,investment,3356.29,False,normal
txn_0000627,U1023,2026-01-07 16:09:00,2569.26,web,B_U1023_3,False,groceries,3158.77,False,normal
txn_0001306,U1048,2026-01-07 16:09:00,2074.68,web,B_U1048_9,False,fuel,2557.77,False,normal
txn_0002008,U1074,2026-01-07 16:11:00,3187.72,mobile,B_U1074_7,False,groceries,2873.53,False,normal
txn_0000173,U1006,2026-01-07 16:23:00,1985.09,web,B_U1006_18,False,dining,2287.03,False,normal
txn_0001659,U1061,2026-01-07 16:27:00,12608.42,web,B_U1061_9,False,travel,13171.59,False,normal
txn_0002166,U1080,2026-01-07 16:29:00,4914.83,mobile,B_U1080_17,False,investment,2738.22,False,normal
txn_0000251,U1009,2026-01-07 16:30:00,2116.85,web,B_U1009_16,False,dining,1573.47,False,normal
txn_0002117,U1078,2026-01-07 16:31:00,6325.51,atm,B_U1078_18,False,dining,6944.14,False,normal
txn_0002657,U1099,2026-01-07 17:06:00,39013.25,web,B_U1099_8,False,electronics,7588.88,False,normal
txn_0002817,U1105,2026-01-07 17:23:00,5893.91,mobile,B_U1105_1,False,fuel,5101.93,False,normal
txn_0000174,U1006,2026-01-07 17:28:00,3155.5,mobile,B_U1006_14,False,fuel,2287.03,False,normal
txn_0002088,U1077,2026-01-07 17:44:00,1842.34,mobile,B_U1077_10,False,travel,1866.36,False,normal
txn_0002222,U1082,2026-01-07 17:52:00,3369.58,mobile,B_U1082_13,False,fuel,4569.76,False,normal
txn_0001571,U1058,2026-01-07 18:18:00,1896.51,web,B_U1058_16,False,groceries,4002.51,False,normal
txn_0001736,U1064,2026-01-07 18:26:00,11114.48,mobile,B_U1064_16,False,groceries,7922.85,False,normal
txn_0002063,U1076,2026-01-07 18:32:00,6150.22,mobile,B_U1076_17,False,peer_transfer,4907.7,False,normal
txn_0000006,U1000,2026-01-07 18:52:00,1086.77,mobile,B_U1000_5,False,peer_transfer,3431.57,False,normal
txn_0000309,U1011,2026-01-07 19:00:00,9702.66,mobile,B_U1011_5,False,utilities,9375.34,False,normal
txn_0000446,U1016,2026-01-07 19:22:00,1207.6,mobile,B_U1016_9,False,fuel,2121.6,False,normal
txn_0002429,U1090,2026-01-07 19:35:00,5386.52,web,B_U1090_5,False,dining,3957.38,False,normal
txn_0002009,U1074,2026-01-07 20:23:00,1827.22,mobile,B_U1074_57039,True,fuel,2873.53,False,normal
txn_0002035,U1075,2026-01-07 20:41:00,4209.58,web,B_U1075_7,False,travel,3596.75,False,normal
txn_0002458,U1091,2026-01-07 21:08:00,1230.48,mobile,B_U1091_15,False,travel,1905.36,False,normal
txn_0001249,U1046,2026-01-07 21:19:00,2247.38,web,B_U1046_4,False,groceries,2217.91,False,normal
txn_0001200,U1044,2026-01-07 21:30:00,5844.67,atm,B_U1044_32115,True,fuel,6443.21,False,normal
txn_0001925,U1071,2026-01-07 21:50:00,5030.24,web,B_U1071_4,False,investment,4084.71,False,normal
txn_0001140,U1042,2026-01-07 21:58:00,2438.69,mobile,B_U1042_3,False,utilities,4610.29,False,normal
txn_0001520,U1056,2026-01-07 21:58:00,4770.97,mobile,B_U1056_17,False,utilities,4117.9,False,normal
txn_0001360,U1050,2026-01-07 22:02:00,6286.26,mobile,B_U1050_14,False,groceries,3695.41,False,normal
txn_0002718,U1101,2026-01-07 22:10:00,1574.29,mobile,B_U1101_13,False,peer_transfer,2326.49,False,normal
txn_0003157,U1118,2026-01-07 22:19:00,2006.28,mobile,B_U1118_14,False,groceries,3428.82,False,normal
txn_0001283,U1047,2026-01-07 22:40:00,5072.94,web,B_U1047_17,False,peer_transfer,2870.56,False,normal
txn_0000842,U1031,2026-01-07 22:55:00,5576.92,mobile,B_U1031_10,False,utilities,3939.68,False,normal
txn_0002558,U1095,2026-01-07 23:09:00,8083.57,mobile,B_U1095_2,False,peer_transfer,4619.02,False,normal
txn_0002694,U1100,2026-01-07 23:13:00,5310.83,web,B_U1100_13,False,utilities,3364.39,False,normal
txn_0001980,U1073,2026-01-07 23:15:00,4471.14,web,B_U1073_12,False,groceries,3306.92,False,normal
txn_0002400,U1089,2026-01-07 23:16:00,11350.72,mobile,B_U1089_11,False,dining,9995.49,False,normal
txn_0001902,U1070,2026-01-07 23:22:00,3183.64,mobile,B_U1070_8,False,electronics,4224.9,False,normal
txn_0000359,U1013,2026-01-07 23:26:00,8176.64,mobile,B_U1013_12,False,dining,4381.55,False,normal
txn_0000198,U1007,2026-01-07 23:29:00,4286.83,mobile,B_U1007_13,False,utilities,3285.15,False,normal
txn_0000464,U1017,2026-01-07 23:40:00,5215.4,web,B_U1017_6,False,groceries,4706.98,False,normal
txn_0002769,U1103,2026-01-07 23:41:00,2848.91,mobile,B_U1103_13,False,fuel,3356.29,False,normal
txn_0001521,U1056,2026-01-07 23:47:00,5723.02,web,B_U1056_16,False,utilities,4117.9,False,normal
txn_0000414,U1015,2026-01-07 23:48:00,1790.63,mobile,B_U1015_15,False,fuel,2999.76,False,normal
txn_0000116,U1004,2026-01-07 23:51:00,1404.64,mobile,B_U1004_4,False,groceries,2852.1,False,normal
txn_0000843,U1031,2026-01-08 00:03:00,1222.62,web,B_U1031_5,False,peer_transfer,3939.68,False,normal
txn_0000956,U1035,2026-01-08 00:27:00,3540.24,web,B_U1035_13,False,investment,2810.15,False,normal
txn_0000604,U1022,2026-01-08 00:51:00,11707.95,web,B_U1022_17,False,groceries,4140.87,False,normal
txn_0002350,U1087,2026-01-08 00:52:00,949.77,mobile,B_U1087_16,False,groceries,1419.15,False,normal
txn_0002695,U1100,2026-01-08 01:01:00,2798.24,mobile,B_U1100_4,False,peer_transfer,3364.39,False,normal
txn_0002036,U1075,2026-01-08 01:37:00,3808.15,mobile,B_U1075_5,False,investment,3596.75,False,normal
txn_0000548,U1020,2026-01-08 01:46:00,1409.35,mobile,B_U1020_6,False,travel,2216.94,False,normal
txn_0001250,U1046,2026-01-08 02:00:00,483.34,mobile,B_U1046_7,False,electronics,2217.91,False,normal
txn_0000902,U1033,2026-01-08 02:05:00,1021.04,mobile,B_U1033_6,False,dining,2238.38,False,normal
txn_0001818,U1067,2026-01-08 02:08:00,877.38,web,B_U1067_9,False,peer_transfer,2136.18,False,normal
txn_0002010,U1074,2026-01-08 02:15:00,1025.38,mobile,B_U1074_18,False,travel,2873.53,False,normal
txn_0001032,U1038,2026-01-08 02:31:00,8277.73,atm,B_U1038_3,False,utilities,9163.94,False,normal
txn_0002510,U1093,2026-01-08 02:34:00,3455.12,mobile,B_U1093_11,False,utilities,3053.67,False,normal
txn_0002955,U1110,2026-01-08 02:38:00,1679.85,mobile,B_U1110_6,False,peer_transfer,2501.88,False,normal
txn_0000768,U1028,2026-01-08 02:44:00,3575.95,web,B_U1028_12,False,groceries,4440.68,False,normal
txn_0000492,U1018,2026-01-08 02:45:00,1910.72,mobile,B_U1018_16,False,travel,1714.18,False,normal
txn_0001335,U1049,2026-01-08 02:47:00,1169.07,mobile,B_U1049_8,False,groceries,1500.95,False,normal
txn_0002275,U1084,2026-01-08 02:57:00,1241.85,web,B_U1084_16,False,peer_transfer,1662.97,False,normal
txn_0000091,U1003,2026-01-08 03:01:00,2143.1,web,B_U1003_61147,True,peer_transfer,2001.51,False,normal
txn_0001632,U1060,2026-01-08 03:03:00,1751.09,mobile,B_U1060_13,False,peer_transfer,2200.45,False,normal
txn_0001819,U1067,2026-01-08 03:06:00,3433.82,mobile,B_U1067_8,False,electronics,2136.18,False,normal
txn_0002770,U1103,2026-01-08 03:12:00,2900.26,mobile,B_U1103_12,False,dining,3356.29,False,normal
txn_0001926,U1071,2026-01-08 03:15:00,7259.45,mobile,B_U1071_12,False,investment,4084.71,False,normal
txn_0003028,U1113,2026-01-08 03:27:00,875.56,web,B_U1113_14,False,peer_transfer,1261.03,False,normal
txn_0001063,U1039,2026-01-08 03:52:00,1755.9,mobile,B_U1039_4,False,peer_transfer,1555.7,False,normal
txn_0001660,U1061,2026-01-08 04:07:00,7624.68,web,B_U1061_10,False,utilities,13171.59,False,normal
txn_0000060,U1002,2026-01-08 04:35:00,5858.06,mobile,B_U1002_15,False,travel,4906.58,False,normal
txn_0000385,U1014,2026-01-08 04:37:00,3983.18,mobile,B_U1014_4,False,travel,5753.35,False,normal
txn_0001466,U1054,2026-01-08 04:40:00,5819.44,mobile,B_U1054_96048,True,investment,2347.07,False,normal
txn_0001441,U1053,2026-01-08 05:03:00,2128.17,web,B_U1053_7,False,travel,3360.77,False,normal
txn_0000252,U1009,2026-01-08 05:14:00,3854.59,mobile,B_U1009_1,False,electronics,1573.47,False,normal
txn_0002430,U1090,2026-01-08 05:22:00,3887.25,web,B_U1090_10,False,fuel,3957.38,False,normal
txn_0001307,U1048,2026-01-08 05:32:00,2194.45,web,B_U1048_11,False,travel,2557.77,False,normal
txn_0000117,U1004,2026-01-08 05:40:00,1365.26,mobile,B_U1004_8,False,dining,2852.1,False,normal
txn_0001336,U1049,2026-01-08 05:51:00,1265.37,web,B_U1049_5,False,peer_transfer,1500.95,False,normal
txn_0002631,U1098,2026-01-08 05:51:00,5271.61,web,B_U1098_14,False,electronics,7495.59,False,normal
txn_0001337,U1049,2026-01-08 05:54:00,1718.71,mobile,B_U1049_18,False,investment,1500.95,False,normal
txn_0001682,U1062,2026-01-08 05:56:00,4579.73,mobile,B_U1062_87956,True,dining,5313.72,False,normal
txn_0001661,U1061,2026-01-08 06:12:00,14614.2,web,B_U1061_15,False,utilities,13171.59,False,normal
txn_0001572,U1058,2026-01-08 06:16:00,13904.87,web,B_U1058_3,False,investment,4002.51,False,normal
txn_0000769,U1028,2026-01-08 06:25:00,4215.28,web,B_U1028_12,False,travel,4440.68,False,normal
txn_0000903,U1033,2026-01-08 06:34:00,2129.79,web,B_U1033_9,False,travel,2238.38,False,normal
txn_0003183,U1119,2026-01-08 06:51:00,1697.52,web,B_U1119_10,False,dining,2176.44,False,normal
txn_0001467,U1054,2026-01-08 07:35:00,2947.19,mobile,B_U1054_7,False,electronics,2347.07,False,normal
txn_0000795,U1029,2026-01-08 07:50:00,2029.29,web,B_U1029_7,False,travel,2499.66,False,normal
txn_0001221,U1045,2026-01-08 08:01:00,3849.03,mobile,B_U1045_4,False,travel,3817.05,False,normal
txn_0002696,U1100,2026-01-08 08:25:00,3347.46,mobile,B_U1100_6,False,fuel,3364.39,False,normal
txn_0002845,U1106,2026-01-08 08:28:00,2954.66,mobile,B_U1106_4,False,travel,3670.02,False,normal
txn_0002401,U1089,2026-01-08 08:41:00,14703.26,mobile,B_U1089_10,False,electronics,9995.49,False,normal
txn_0001222,U1045,2026-01-08 08:47:00,2780.82,web,B_U1045_16,False,fuel,3817.05,False,normal
txn_0001791,U1066,2026-01-08 08:54:00,2414.37,mobile,B_U1066_14,False,fuel,2174.71,False,normal
txn_0001361,U1050,2026-01-08 08:56:00,4866.87,mobile,B_U1050_97491,True,investment,3695.41,False,normal
txn_0001765,U1065,2026-01-08 09:18:00,2572.22,mobile,B_U1065_55005,True,fuel,2907.56,False,normal
txn_0002581,U1096,2026-01-08 09:33:00,3203.04,mobile,B_U1096_4,False,peer_transfer,4725.77,False,normal
txn_0003029,U1113,2026-01-08 09:35:00,1126.31,mobile,B_U1113_13,False,electronics,1261.03,False,normal
txn_0002974,U1111,2026-01-08 09:38:00,2700.63,web,B_U1111_3,False,peer_transfer,3287.89,False,normal
txn_0001064,U1039,2026-01-08 09:45:00,2050.53,web,B_U1039_12,False,travel,1555.7,False,normal
txn_0001169,U1043,2026-01-08 09:47:00,5438.14,mobile,B_U1043_14,False,utilities,6061.22,False,normal
txn_0000582,U1021,2026-01-08 09:55:00,2217.14,mobile,B_U1021_14,False,peer_transfer,2094.79,False,normal
txn_0000360,U1013,2026-01-08 09:56:00,4621.98,mobile,B_U1013_4,False,utilities,4381.55,False,normal
txn_0000386,U1014,2026-01-08 10:04:00,8455.79,web,B_U1014_8,False,investment,5753.35,False,normal
txn_0000549,U1020,2026-01-08 10:21:00,5989.0,mobile,B_U1020_18,False,investment,2216.94,False,normal
txn_0002658,U1099,2026-01-08 10:46:00,7723.95,web,B_U1099_14,False,dining,7588.88,False,normal
txn_0002089,U1077,2026-01-08 10:54:00,747.41,mobile,B_U1077_47827,True,fuel,1866.36,False,normal
txn_0002431,U1090,2026-01-08 10:54:00,4066.57,mobile,B_U1090_13,False,fuel,3957.38,False,normal
txn_0000982,U1036,2026-01-08 10:57:00,998.48,atm,B_U1036_15,False,groceries,1129.15,False,normal
txn_0002868,U1107,2026-01-08 11:02:00,2459.41,web,B_U1107_4,False,fuel,2290.51,False,normal
txn_0000175,U1006,2026-01-08 11:08:00,2767.41,web,B_U1006_12,False,peer_transfer,2287.03,False,normal
txn_0002249,U1083,2026-01-08 11:24:00,5335.4,web,B_U1083_12,False,dining,3626.19,False,normal
txn_0002919,U1109,2026-01-08 11:30:00,1383.44,mobile,B_U1109_3,False,fuel,5925.56,False,normal
txn_0001468,U1054,2026-01-08 11:49:00,1955.47,web,B_U1054_16,False,utilities,2347.07,False,normal
txn_0000520,U1019,2026-01-08 11:58:00,2427.81,mobile,B_U1019_2,False,groceries,4323.75,False,normal
txn_0003108,U1116,2026-01-08 12:00:00,2321.12,mobile,B_U1116_18,False,utilities,5060.46,False,normal
txn_0000712,U1026,2026-01-08 12:23:00,3041.91,mobile,B_U1026_4,False,electronics,2270.01,False,normal
txn_0002167,U1080,2026-01-08 12:32:00,2938.33,mobile,B_U1080_7,False,fuel,2738.22,False,normal
txn_0002559,U1095,2026-01-08 12:40:00,3191.53,mobile,B_U1095_13,False,investment,4619.02,False,normal
txn_0001713,U1063,2026-01-08 12:47:00,18291.06,mobile,B_U1063_4,False,electronics,10220.13,False,normal
txn_0001223,U1045,2026-01-08 13:18:00,5505.54,atm,B_U1045_6,False,peer_transfer,3817.05,False,normal
txn_0000334,U1012,2026-01-08 13:25:00,2562.85,mobile,B_U1012_12,False,utilities,2152.49,False,normal
txn_0000983,U1036,2026-01-08 13:37:00,1094.49,mobile,B_U1036_2,False,travel,1129.15,False,normal
txn_0001308,U1048,2026-01-08 13:43:00,1387.56,mobile,B_U1048_32432,True,investment,2557.77,False,normal
txn_0000415,U1015,2026-01-08 13:53:00,5582.29,atm,B_U1015_16,False,groceries,2999.76,False,normal
txn_0002327,U1086,2026-01-08 13:56:00,5833.93,mobile,B_U1086_5,False,travel,4347.82,False,normal
txn_0000007,U1000,2026-01-08 13:57:00,2935.5,mobile,B_U1000_5,False,peer_transfer,3431.57,False,normal
txn_0001737,U1064,2026-01-08 14:25:00,4052.54,mobile,B_U1064_9,False,peer_transfer,7922.85,False,normal
txn_0000493,U1018,2026-01-08 14:31:00,1298.4,atm,B_U1018_10,False,groceries,1714.18,False,normal
txn_0000228,U1008,2026-01-08 14:41:00,1490.67,web,B_U1008_9,False,groceries,3573.17,False,normal
txn_0000605,U1022,2026-01-08 15:28:00,5130.08,mobile,B_U1022_10,False,groceries,4140.87,False,normal
txn_0002795,U1104,2026-01-08 15:34:00,1583.81,web,B_U1104_5,False,utilities,1958.45,False,normal
txn_0002796,U1104,2026-01-08 15:37:00,2968.36,mobile,B_U1104_12,False,peer_transfer,1958.45,False,normal
txn_0001738,U1064,2026-01-08 15:39:00,5117.16,web,B_U1064_1,False,utilities,7922.85,False,normal
txn_0000628,U1023,2026-01-08 15:57:00,1887.37,mobile,B_U1023_7,False,utilities,3158.77,False,normal
txn_0002011,U1074,2026-01-08 15:58:00,3781.97,web,B_U1074_8,False,travel,2873.53,False,normal
txn_0000796,U1029,2026-01-08 16:01:00,1590.97,web,B_U1029_7,False,dining,2499.66,False,normal
txn_0001383,U1051,2026-01-08 16:12:00,1303.8,mobile,B_U1051_7,False,groceries,1990.06,False,normal
txn_0000253,U1009,2026-01-08 16:17:00,2004.17,mobile,B_U1009_18,False,dining,1573.47,False,normal
txn_0000984,U1036,2026-01-08 16:30:00,685.7,mobile,B_U1036_56287,True,utilities,1129.15,False,normal
txn_0001033,U1038,2026-01-08 16:35:00,22973.12,mobile,B_U1038_11,False,investment,9163.94,False,normal
txn_0001034,U1038,2026-01-08 16:45:00,9251.31,web,B_U1038_3,False,dining,9163.94,False,normal
txn_0001927,U1071,2026-01-08 16:47:00,5592.58,mobile,B_U1071_1,False,dining,4084.71,False,normal
txn_0002956,U1110,2026-01-08 16:50:00,2034.67,mobile,B_U1110_6,False,peer_transfer,2501.88,False,normal
txn_0001955,U1072,2026-01-08 16:55:00,11796.2,mobile,B_U1072_8,False,fuel,5461.96,False,normal
txn_0002090,U1077,2026-01-08 16:58:00,2291.58,web,B_U1077_11,False,investment,1866.36,False,normal
txn_0001493,U1055,2026-01-08 17:02:00,1839.39,atm,B_U1055_3,False,dining,2454.82,False,normal
txn_0001417,U1052,2026-01-08 17:06:00,1787.1,web,B_U1052_4,False,fuel,1695.82,False,normal
txn_0000254,U1009,2026-01-08 17:31:00,1751.57,web,B_U1009_11,False,investment,1573.47,False,normal
txn_0000494,U1018,2026-01-08 17:45:00,798.56,mobile,B_U1018_10,False,groceries,1714.18,False,normal
txn_0003109,U1116,2026-01-08 17:58:00,2240.79,mobile,B_U1116_2,False,electronics,5060.46,False,normal
txn_0002250,U1083,2026-01-08 18:07:00,2787.21,web,B_U1083_10,False,investment,3626.19,False,normal
txn_0002091,U1077,2026-01-08 18:28:00,1070.58,atm,B_U1077_6,False,electronics,1866.36,False,normal
txn_0002975,U1111,2026-01-08 18:40:00,3101.74,atm,B_U1111_10,False,investment,3287.89,False,normal
txn_0002719,U1101,2026-01-08 18:44:00,1669.33,mobile,B_U1101_6,False,dining,2326.49,False,normal
txn_0000816,U1030,2026-01-08 18:45:00,1451.84,web,B_U1030_2,False,peer_transfer,2316.16,False,normal
txn_0000550,U1020,2026-01-08 18:58:00,1621.07,mobile,B_U1020_13,False,utilities,2216.94,False,normal
txn_0002846,U1106,2026-01-08 18:59:00,6247.92,web,B_U1106_2,False,dining,3670.02,False,normal
txn_0003158,U1118,2026-01-08 19:37:00,2339.79,mobile,B_U1118_3,False,dining,3428.82,False,normal
txn_0001843,U1068,2026-01-08 19:47:00,2259.3,atm,B_U1068_8,False,fuel,2999.9,False,normal
txn_0003184,U1119,2026-01-08 19:48:00,2038.36,mobile,B_U1119_16,False,travel,2176.44,False,normal
txn_0000904,U1033,2026-01-08 19:57:00,1449.66,mobile,B_U1033_3,False,investment,2238.38,False,normal
txn_0001442,U1053,2026-01-08 19:59:00,2222.42,mobile,B_U1053_15,False,groceries,3360.77,False,normal
txn_0000118,U1004,2026-01-08 20:04:00,2179.89,mobile,B_U1004_16,False,travel,2852.1,False,normal
txn_0003185,U1119,2026-01-08 20:33:00,1407.12,atm,B_U1119_16,False,utilities,2176.44,False,normal
txn_0000629,U1023,2026-01-08 20:39:00,3107.05,web,B_U1023_1,False,peer_transfer,3158.77,False,normal
txn_0002998,U1112,2026-01-08 20:41:00,8142.03,mobile,B_U1112_5,False,peer_transfer,5205.26,False,normal
txn_0000713,U1026,2026-01-08 20:47:00,1578.04,mobile,B_U1026_10,False,dining,2270.01,False,normal
txn_0001573,U1058,2026-01-08 21:05:00,2723.52,mobile,B_U1058_6,False,dining,4002.51,False,normal
txn_0000034,U1001,2026-01-08 21:06:00,2671.74,web,B_U1001_17,False,utilities,2959.57,False,normal
txn_0001384,U1051,2026-01-08 21:07:00,1276.55,mobile,B_U1051_7,False,electronics,1990.06,False,normal
txn_0002976,U1111,2026-01-08 21:17:00,8191.35,web,B_U1111_5,False,investment,3287.89,False,normal
txn_0001418,U1052,2026-01-08 21:21:00,721.47,mobile,B_U1052_2,False,travel,1695.82,False,normal
txn_0001224,U1045,2026-01-08 21:22:00,3764.85,mobile,B_U1045_12,False,electronics,3817.05,False,normal
txn_0001419,U1052,2026-01-08 21:29:00,811.17,mobile,B_U1052_11,False,electronics,1695.82,False,normal
txn_0001662,U1061,2026-01-08 21:40:00,6763.91,web,B_U1061_9,False,groceries,13171.59,False,normal
txn_0001170,U1043,2026-01-08 21:55:00,4938.36,mobile,B_U1043_11,False,peer_transfer,6061.22,False,normal
txn_0002897,U1108,2026-01-08 21:56:00,3627.6,web,B_U1108_14,False,investment,3438.35,False,normal
txn_0002375,U1088,2026-01-08 21:57:00,2010.5,mobile,B_U1088_16,False,electronics,1638.89,False,normal
txn_0001792,U1066,2026-01-08 22:02:00,2159.69,mobile,B_U1066_3,False,utilities,2174.71,False,normal
txn_0002168,U1080,2026-01-08 22:20:00,1640.67,mobile,B_U1080_2,False,groceries,2738.22,False,normal
txn_0000310,U1011,2026-01-08 22:31:00,7409.64,web,B_U1011_64974,True,utilities,9375.34,False,normal
txn_0000714,U1026,2026-01-08 22:40:00,1565.96,mobile,B_U1026_2,False,utilities,2270.01,False,normal
txn_0001574,U1058,2026-01-08 23:49:00,2772.78,mobile,B_U1058_5,False,dining,4002.51,False,normal
txn_0002720,U1101,2026-01-09 00:08:00,1621.86,web,B_U1101_5,False,dining,2326.49,False,normal
txn_0000119,U1004,2026-01-09 00:10:00,1362.87,mobile,B_U1004_2,False,utilities,2852.1,False,normal
txn_0002582,U1096,2026-01-09 00:10:00,4341.51,atm,B_U1096_5,False,electronics,4725.77,False,normal
txn_0002797,U1104,2026-01-09 00:17:00,2377.6,mobile,B_U1104_4,False,investment,1958.45,False,normal
txn_0000465,U1017,2026-01-09 00:19:00,3551.27,atm,B_U1017_14,False,groceries,4706.98,False,normal
txn_0000495,U1018,2026-01-09 00:24:00,1984.69,mobile,B_U1018_8,False,groceries,1714.18,False,normal
txn_0003055,U1114,2026-01-09 00:35:00,1361.69,atm,B_U1114_13,False,electronics,2369.62,False,normal
txn_0001663,U1061,2026-01-09 01:12:00,6741.31,mobile,B_U1061_99511,True,travel,13171.59,False,normal
txn_0000147,U1005,2026-01-09 01:18:00,1458.15,web,B_U1005_10,False,dining,2618.11,False,normal
txn_0001522,U1056,2026-01-09 01:19:00,2941.49,mobile,B_U1056_53263,True,travel,4117.9,False,normal
txn_0002432,U1090,2026-01-09 01:24:00,2497.43,mobile,B_U1090_5,False,dining,3957.38,False,normal
txn_0001201,U1044,2026-01-09 01:33:00,5139.8,mobile,B_U1044_7,False,dining,6443.21,False,normal
txn_0000092,U1003,2026-01-09 02:08:00,1349.11,web,B_U1003_9,False,dining,2001.51,False,normal
txn_0001928,U1071,2026-01-09 02:10:00,12657.14,web,B_U1071_15,False,investment,4084.71,False,normal
txn_0000176,U1006,2026-01-09 02:17:00,4026.33,mobile,B_U1006_12,False,dining,2287.03,False,normal
txn_0000229,U1008,2026-01-09 02:17:00,2530.34,web,B_U1008_7,False,travel,3573.17,False,normal
txn_0000844,U1031,2026-01-09 02:25:00,7560.08,mobile,B_U1031_18,False,peer_transfer,3939.68,False,normal
txn_0002402,U1089,2026-01-09 02:25:00,14638.8,mobile,B_U1089_7,False,fuel,9995.49,False,normal
txn_0000255,U1009,2026-01-09 02:36:00,1931.78,atm,B_U1009_5,False,utilities,1573.47,False,normal
txn_0000035,U1001,2026-01-09 02:41:00,4138.12,mobile,B_U1001_18,False,peer_transfer,2959.57,False,normal
txn_0001309,U1048,2026-01-09 02:47:00,3575.97,web,B_U1048_14,False,travel,2557.77,False,normal
txn_0002433,U1090,2026-01-09 02:56:00,2136.07,web,B_U1090_15,False,investment,3957.38,False,normal
txn_0002977,U1111,2026-01-09 02:57:00,1795.29,web,B_U1111_13,False,utilities,3287.89,False,normal
txn_0000120,U1004,2026-01-09 03:03:00,3223.51,mobile,B_U1004_5,False,investment,2852.1,False,normal
txn_0000957,U1035,2026-01-09 03:37:00,2673.3,mobile,B_U1035_18,False,electronics,2810.15,False,normal
txn_0001664,U1061,2026-01-09 03:37:00,15016.6,mobile,B_U1061_12,False,fuel,13171.59,False,normal
txn_0001766,U1065,2026-01-09 03:52:00,1612.69,mobile,B_U1065_14,False,groceries,2907.56,False,normal
txn_0001714,U1063,2026-01-09 03:57:00,9172.2,mobile,B_U1063_11,False,dining,10220.13,False,normal
txn_0000630,U1023,2026-01-09 03:59:00,7486.7,web,B_U1023_11,False,electronics,3158.77,False,normal
txn_0001251,U1046,2026-01-09 04:10:00,1226.81,web,B_U1046_9,False,travel,2217.91,False,normal
txn_0001385,U1051,2026-01-09 04:13:00,2332.59,mobile,B_U1051_3,False,electronics,1990.06,False,normal
txn_0001035,U1038,2026-01-09 04:27:00,8599.74,mobile,B_U1038_9,False,groceries,9163.94,False,normal
txn_0000770,U1028,2026-01-09 04:37:00,5344.14,web,B_U1028_13,False,electronics,4440.68,False,normal
txn_0001739,U1064,2026-01-09 04:38:00,8643.26,mobile,B_U1064_9,False,electronics,7922.85,False,normal
txn_0002534,U1094,2026-01-09 05:22:00,2287.65,mobile,B_U1094_12,False,investment,2174.74,False,normal
txn_0000061,U1002,2026-01-09 05:24:00,12081.33,mobile,B_U1002_1,False,electronics,4906.58,False,normal
txn_0000361,U1013,2026-01-09 05:56:00,4771.61,mobile,B_U1013_10,False,electronics,4381.55,False,normal
txn_0001903,U1070,2026-01-09 06:07:00,4834.24,mobile,B_U1070_10,False,groceries,4224.9,False,normal
txn_0001469,U1054,2026-01-09 06:13:00,1067.24,mobile,B_U1054_10,False,fuel,2347.07,False,normal
txn_0000062,U1002,2026-01-09 06:20:00,4178.59,web,B_U1002_7,False,utilities,4906.58,False,normal
txn_0001550,U1057,2026-01-09 06:32:00,5202.03,mobile,B_U1057_12,False,travel,6319.59,False,normal
txn_0000845,U1031,2026-01-09 06:34:00,2212.01,mobile,B_U1031_6,False,investment,3939.68,False,normal
txn_0000093,U1003,2026-01-09 06:38:00,1638.91,mobile,B_U1003_45737,True,fuel,2001.51,False,normal
txn_0002741,U1102,2026-01-09 06:40:00,1872.72,web,B_U1102_12,False,groceries,4673.84,False,normal
txn_0001683,U1062,2026-01-09 06:48:00,3750.46,mobile,B_U1062_2,False,groceries,5313.72,False,normal
txn_0000148,U1005,2026-01-09 06:51:00,5052.2,web,B_U1005_11,False,utilities,2618.11,False,normal
txn_0003159,U1118,2026-01-09 07:04:00,2899.24,mobile,B_U1118_12,False,investment,3428.82,False,normal
txn_0000094,U1003,2026-01-09 07:10:00,1342.17,web,B_U1003_4,False,travel,2001.51,False,normal
txn_0002092,U1077,2026-01-09 07:27:00,3041.12,web,B_U1077_11,False,dining,1866.36,False,normal
txn_0002721,U1101,2026-01-09 07:35:00,3514.62,mobile,B_U1101_11,False,investment,2326.49,False,normal
txn_0000817,U1030,2026-01-09 07:48:00,1059.44,mobile,B_U1030_17,False,groceries,2316.16,False,normal
txn_0002459,U1091,2026-01-09 07:51:00,1166.53,web,B_U1091_8,False,peer_transfer,1905.36,False,normal
txn_0001844,U1068,2026-01-09 08:16:00,1412.52,web,B_U1068_1,False,travel,2999.9,False,normal
txn_0000036,U1001,2026-01-09 08:19:00,7352.66,web,B_U1001_18,False,groceries,2959.57,False,normal
txn_0001929,U1071,2026-01-09 08:32:00,3435.92,web,B_U1071_15092,True,dining,4084.71,False,normal
txn_0001956,U1072,2026-01-09 08:36:00,2571.31,mobile,B_U1072_12,False,electronics,5461.96,False,normal
txn_0001225,U1045,2026-01-09 08:39:00,5691.17,mobile,B_U1045_7,False,fuel,3817.05,False,normal
txn_0000063,U1002,2026-01-09 08:56:00,7303.06,web,B_U1002_7,False,electronics,4906.58,False,normal
txn_0002483,U1092,2026-01-09 09:01:00,3975.39,web,B_U1092_92585,True,utilities,2917.77,False,normal
txn_0000687,U1025,2026-01-09 09:21:00,861.96,mobile,B_U1025_8,False,investment,2077.08,False,normal
txn_0000905,U1033,2026-01-09 09:24:00,3463.94,mobile,B_U1033_8,False,electronics,2238.38,False,normal
txn_0003128,U1117,2026-01-09 09:47:00,2770.55,mobile,B_U1117_1,False,utilities,3396.23,False,normal
txn_0001904,U1070,2026-01-09 09:52:00,3636.01,mobile,B_U1070_7,False,travel,4224.9,False,normal
txn_0001873,U1069,2026-01-09 10:31:00,7142.47,mobile,B_U1069_14,False,dining,5981.69,False,normal
txn_0000149,U1005,2026-01-09 10:34:00,5421.99,mobile,B_U1005_2,False,investment,2618.11,False,normal
txn_0002818,U1105,2026-01-09 10:54:00,3486.15,mobile,B_U1105_2,False,dining,5101.93,False,normal
txn_0002064,U1076,2026-01-09 11:02:00,2058.2,web,B_U1076_32699,True,utilities,4907.7,False,normal
txn_0000551,U1020,2026-01-09 11:08:00,1246.12,mobile,B_U1020_7,False,utilities,2216.94,False,normal
txn_0001310,U1048,2026-01-09 11:12:00,2659.11,mobile,B_U1048_11,False,investment,2557.77,False,normal
txn_0000552,U1020,2026-01-09 11:16:00,2424.91,web,B_U1020_6,False,dining,2216.94,False,normal
txn_0003030,U1113,2026-01-09 11:21:00,2060.66,mobile,B_U1113_1,False,investment,1261.03,False,normal
txn_0002869,U1107,2026-01-09 11:51:00,3410.64,mobile,B_U1107_14,False,utilities,2290.51,False,normal
txn_0001284,U1047,2026-01-09 11:56:00,3180.84,web,B_U1047_16,False,groceries,2870.56,False,normal
txn_0003129,U1117,2026-01-09 11:59:00,1431.18,mobile,B_U1117_29731,True,peer_transfer,3396.23,False,normal
txn_0000281,U1010,2026-01-09 12:07:00,2973.88,web,B_U1010_11,False,dining,4545.51,False,normal
txn_0000150,U1005,2026-01-09 12:11:00,1042.77,mobile,B_U1005_15,False,peer_transfer,2618.11,False,normal
txn_0002613,U1097,2026-01-09 12:13:00,1043.01,web,B_U1097_18,False,groceries,1723.17,False,normal
txn_0000771,U1028,2026-01-09 12:36:00,3067.15,web,B_U1028_11,False,travel,4440.68,False,normal
txn_0000466,U1017,2026-01-09 12:53:00,2632.03,atm,B_U1017_12,False,fuel,4706.98,False,normal
txn_0002614,U1097,2026-01-09 12:57:00,1124.9,mobile,B_U1097_18,False,investment,1723.17,False,normal
txn_0001905,U1070,2026-01-09 13:14:00,3372.05,web,B_U1070_16,False,fuel,4224.9,False,normal
txn_0002093,U1077,2026-01-09 13:15:00,935.61,mobile,B_U1077_1,False,dining,1866.36,False,normal
txn_0002012,U1074,2026-01-09 13:22:00,2503.82,mobile,B_U1074_9,False,groceries,2873.53,False,normal
txn_0002920,U1109,2026-01-09 13:28:00,10569.98,mobile,B_U1109_3,False,utilities,5925.56,False,normal
txn_0001311,U1048,2026-01-09 13:30:00,4726.39,web,B_U1048_13,False,utilities,2557.77,False,normal
txn_0000772,U1028,2026-01-09 13:36:00,6581.65,atm,B_U1028_9,False,groceries,4440.68,False,normal
txn_0002118,U1078,2026-01-09 13:38:00,14676.47,web,B_U1078_13,False,investment,6944.14,False,normal
txn_0000876,U1032,2026-01-09 13:39:00,2082.09,mobile,B_U1032_4,False,groceries,1492.58,False,normal
txn_0002037,U1075,2026-01-09 13:39:00,2607.65,mobile,B_U1075_7,False,groceries,3596.75,False,normal
txn_0002615,U1097,2026-01-09 14:01:00,2949.17,atm,B_U1097_16,False,peer_transfer,1723.17,False,normal
txn_0000583,U1021,2026-01-09 14:11:00,2958.98,web,B_U1021_9,False,groceries,2094.79,False,normal
txn_0002460,U1091,2026-01-09 14:11:00,4126.5,mobile,B_U1091_13,False,fuel,1905.36,False,normal
txn_0000521,U1019,2026-01-09 14:12:00,2911.09,web,B_U1019_18,False,travel,4323.75,False,normal
txn_0001767,U1065,2026-01-09 14:20:00,2689.97,web,B_U1065_16,False,utilities,2907.56,False,normal
txn_0002139,U1079,2026-01-09 14:20:00,1844.02,web,B_U1079_9,False,fuel,1934.95,False,normal
txn_0002328,U1086,2026-01-09 14:21:00,2912.95,mobile,B_U1086_28864,True,utilities,4347.82,False,normal
txn_0001740,U1064,2026-01-09 14:25:00,6761.86,mobile,B_U1064_2,False,travel,7922.85,False,normal
txn_0001684,U1062,2026-01-09 14:26:00,3607.63,web,B_U1062_7,False,groceries,5313.72,False,normal
txn_0000095,U1003,2026-01-09 14:55:00,3364.62,mobile,B_U1003_7,False,electronics,2001.51,False,normal
txn_0000606,U1022,2026-01-09 15:01:00,4027.72,web,B_U1022_19774,True,groceries,4140.87,False,normal
txn_0000607,U1022,2026-01-09 15:03:00,6027.5,mobile,B_U1022_2,False,utilities,4140.87,False,normal
txn_0002329,U1086,2026-01-09 15:04:00,4045.53,web,B_U1086_60979,True,travel,4347.82,False,normal
txn_0001285,U1047,2026-01-09 15:08:00,1579.05,mobile,B_U1047_13,False,electronics,2870.56,False,normal
txn_0002403,U1089,2026-01-09 15:16:00,4532.54,mobile,B_U1089_2,False,groceries,9995.49,False,normal
txn_0002223,U1082,2026-01-09 15:40:00,11267.16,web,B_U1082_12,False,investment,4569.76,False,normal
txn_0002898,U1108,2026-01-09 15:41:00,3517.35,mobile,B_U1108_10,False,electronics,3438.35,False,normal
txn_0000608,U1022,2026-01-09 16:02:00,2904.05,web,B_U1022_11,False,investment,4140.87,False,normal
txn_0001599,U1059,2026-01-09 16:14:00,2442.55,web,B_U1059_6,False,groceries,2320.66,False,normal
txn_0000008,U1000,2026-01-09 16:18:00,2432.55,mobile,B_U1000_6,False,travel,3431.57,False,normal
txn_0003130,U1117,2026-01-09 16:32:00,4123.8,mobile,B_U1117_4,False,fuel,3396.23,False,normal
txn_0001312,U1048,2026-01-09 16:34:00,3105.55,web,B_U1048_1,False,groceries,2557.77,False,normal
txn_0000658,U1024,2026-01-09 16:35:00,3008.09,mobile,B_U1024_6,False,travel,3630.97,False,normal
txn_0000037,U1001,2026-01-09 16:56:00,1431.33,web,B_U1001_10,False,dining,2959.57,False,normal
txn_0002632,U1098,2026-01-09 17:07:00,14270.05,mobile,B_U1098_12,False,investment,7495.59,False,normal
txn_0002870,U1107,2026-01-09 17:12:00,9302.7,web,B_U1107_12,False,groceries,2290.51,False,normal
txn_0001575,U1058,2026-01-09 17:21:00,2154.4,mobile,B_U1058_9,False,fuel,4002.51,False,normal
txn_0002742,U1102,2026-01-09 17:52:00,3221.38,mobile,B_U1102_5,False,dining,4673.84,False,normal
txn_0003031,U1113,2026-01-09 18:06:00,1228.08,web,B_U1113_10,False,utilities,1261.03,False,normal
txn_0002330,U1086,2026-01-09 18:20:00,3675.22,web,B_U1086_4,False,dining,4347.82,False,normal
txn_0000773,U1028,2026-01-09 18:26:00,3913.69,atm,B_U1028_12,False,groceries,4440.68,False,normal
txn_0000230,U1008,2026-01-09 18:31:00,10929.32,mobile,B_U1008_5,False,peer_transfer,3573.17,False,normal
txn_0002633,U1098,2026-01-09 18:31:00,10516.53,mobile,B_U1098_17,False,travel,7495.59,False,normal
txn_0000096,U1003,2026-01-09 18:38:00,1124.84,web,B_U1003_5,False,utilities,2001.51,False,normal
txn_0001004,U1037,2026-01-09 18:46:00,4645.82,web,B_U1037_2,False,dining,3096.92,False,normal
txn_0002957,U1110,2026-01-09 18:56:00,1099.1,web,B_U1110_18,False,travel,2501.88,False,normal
txn_0002404,U1089,2026-01-09 19:15:00,17230.1,web,B_U1089_14,False,utilities,9995.49,False,normal
txn_0001005,U1037,2026-01-09 19:31:00,1273.25,mobile,B_U1037_15,False,groceries,3096.92,False,normal
txn_0001386,U1051,2026-01-09 19:44:00,1302.99,web,B_U1051_11,False,fuel,1990.06,False,normal
txn_0001036,U1038,2026-01-09 19:49:00,9309.25,web,B_U1038_15,False,dining,9163.94,False,normal
txn_0000631,U1023,2026-01-09 20:09:00,8078.85,web,B_U1023_10,False,groceries,3158.77,False,normal
txn_0001470,U1054,2026-01-09 20:24:00,1035.74,mobile,B_U1054_13,False,investment,2347.07,False,normal
txn_0000715,U1026,2026-01-09 20:27:00,6978.78,mobile,B_U1026_11,False,electronics,2270.01,False,normal
txn_0002899,U1108,2026-01-09 20:30:00,2869.62,mobile,B_U1108_5,False,investment,3438.35,False,normal
txn_0002140,U1079,2026-01-09 20:47:00,1179.7,web,B_U1079_12,False,fuel,1934.95,False,normal
txn_0000774,U1028,2026-01-09 21:02:00,3970.38,web,B_U1028_6,False,electronics,4440.68,False,normal
txn_0000496,U1018,2026-01-09 21:08:00,1263.78,web,B_U1018_2,False,travel,1714.18,False,normal
txn_0000632,U1023,2026-01-09 21:27:00,490.57,mobile,B_U1023_11,False,investment,3158.77,False,normal
txn_0001037,U1038,2026-01-09 21:50:00,13483.6,atm,B_U1038_7,False,dining,9163.94,False,normal
txn_0001551,U1057,2026-01-09 21:58:00,7794.45,web,B_U1057_14,False,fuel,6319.59,False,normal
txn_0002743,U1102,2026-01-09 22:00:00,6072.32,mobile,B_U1102_3,False,dining,4673.84,False,normal
txn_0001116,U1041,2026-01-09 22:01:00,2492.69,mobile,B_U1041_12,False,peer_transfer,3955.76,False,normal
txn_0001576,U1058,2026-01-09 22:02:00,3720.52,mobile,B_U1058_4,False,electronics,4002.51,False,normal
txn_0002276,U1084,2026-01-09 22:04:00,762.67,atm,B_U1084_6,False,peer_transfer,1662.97,False,normal
txn_0000659,U1024,2026-01-09 22:07:00,9209.85,mobile,B_U1024_16,False,investment,3630.97,False,normal
txn_0002978,U1111,2026-01-09 22:07:00,789.09,atm,B_U1111_16,False,groceries,3287.89,False,normal
txn_0002798,U1104,2026-01-09 22:09:00,1100.1,web,B_U1104_32642,True,dining,1958.45,False,normal
txn_0001523,U1056,2026-01-09 22:27:00,2434.89,mobile,B_U1056_14,False,groceries,4117.9,False,normal
txn_0001981,U1073,2026-01-09 22:28:00,4291.96,web,B_U1073_11,False,electronics,3306.92,False,normal
txn_0000387,U1014,2026-01-09 22:31:00,5543.75,web,B_U1014_9,False,groceries,5753.35,False,normal
txn_0002141,U1079,2026-01-09 22:34:00,2575.47,web,B_U1079_13,False,travel,1934.95,False,normal
txn_0000958,U1035,2026-01-09 22:45:00,2413.76,mobile,B_U1035_13,False,fuel,2810.15,False,normal
txn_0002722,U1101,2026-01-09 22:49:00,3142.28,mobile,B_U1101_1,False,peer_transfer,2326.49,False,normal
txn_0003186,U1119,2026-01-09 22:58:00,2440.71,mobile,B_U1119_16,False,dining,2176.44,False,normal
txn_0000497,U1018,2026-01-09 23:08:00,3567.22,mobile,B_U1018_18,False,fuel,1714.18,False,normal
txn_0000522,U1019,2026-01-09 23:33:00,3619.79,mobile,B_U1019_3,False,travel,4323.75,False,normal
txn_0002659,U1099,2026-01-09 23:45:00,5688.31,web,B_U1099_4,False,fuel,7588.88,False,normal
txn_0000097,U1003,2026-01-09 23:53:00,2588.48,web,B_U1003_18,False,peer_transfer,2001.51,False,normal
txn_0000467,U1017,2026-01-09 23:57:00,5340.65,mobile,B_U1017_10,False,fuel,4706.98,False,normal
txn_0001577,U1058,2026-01-10 00:10:00,6393.04,mobile,B_U1058_12,False,peer_transfer,4002.51,False,normal
txn_0002511,U1093,2026-01-10 00:12:00,3060.02,mobile,B_U1093_3,False,groceries,3053.67,False,normal
txn_0002616,U1097,2026-01-10 00:16:00,1610.23,web,B_U1097_15,False,electronics,1723.17,False,normal
txn_0002535,U1094,2026-01-10 00:29:00,2370.29,mobile,B_U1094_2,False,peer_transfer,2174.74,False,normal
txn_0000877,U1032,2026-01-10 00:36:00,609.32,mobile,B_U1032_4,False,groceries,1492.58,False,normal
txn_0000959,U1035,2026-01-10 00:59:00,3010.18,mobile,B_U1035_17,False,fuel,2810.15,False,normal
txn_0001443,U1053,2026-01-10 01:00:00,3066.86,mobile,B_U1053_13,False,investment,3360.77,False,normal
txn_0000388,U1014,2026-01-10 01:21:00,5633.71,mobile,B_U1014_14,False,groceries,5753.35,False,normal
txn_0002224,U1082,2026-01-10 01:29:00,1638.79,mobile,B_U1082_7,False,investment,4569.76,False,normal
txn_0001006,U1037,2026-01-10 01:33:00,4674.16,atm,B_U1037_3,False,electronics,3096.92,False,normal
txn_0000906,U1033,2026-01-10 01:48:00,1926.67,web,B_U1033_5,False,fuel,2238.38,False,normal
txn_0000498,U1018,2026-01-10 02:05:00,2388.18,web,B_U1018_18,False,investment,1714.18,False,normal
txn_0002617,U1097,2026-01-10 02:11:00,2120.32,mobile,B_U1097_10,False,electronics,1723.17,False,normal
txn_0001494,U1055,2026-01-10 02:18:00,1886.98,web,B_U1055_12,False,fuel,2454.82,False,normal
txn_0000499,U1018,2026-01-10 02:19:00,1240.83,web,B_U1018_4,False,peer_transfer,1714.18,False,normal
txn_0000553,U1020,2026-01-10 02:19:00,1797.95,web,B_U1020_1,False,fuel,2216.94,False,normal
txn_0002038,U1075,2026-01-10 02:44:00,3355.57,mobile,B_U1075_13,False,utilities,3596.75,False,normal
txn_0001226,U1045,2026-01-10 02:45:00,4263.7,web,B_U1045_75259,True,travel,3817.05,False,normal
txn_0000554,U1020,2026-01-10 02:53:00,5188.42,mobile,B_U1020_82165,True,investment,2216.94,False,normal
txn_0000335,U1012,2026-01-10 03:13:00,4334.93,mobile,B_U1012_2,False,electronics,2152.49,False,normal
txn_0000256,U1009,2026-01-10 03:23:00,976.26,mobile,B_U1009_17,False,fuel,1573.47,False,normal
txn_0001665,U1061,2026-01-10 03:28:00,11712.91,web,B_U1061_10,False,investment,13171.59,False,normal
txn_0002847,U1106,2026-01-10 03:34:00,1899.12,mobile,B_U1106_17,False,peer_transfer,3670.02,False,normal
txn_0000660,U1024,2026-01-10 03:44:00,3622.27,mobile,B_U1024_16,False,fuel,3630.97,False,normal
txn_0002302,U1085,2026-01-10 03:46:00,754.79,mobile,B_U1085_15,False,groceries,1952.44,False,normal
txn_0002871,U1107,2026-01-10 04:18:00,1376.38,mobile,B_U1107_57487,True,peer_transfer,2290.51,False,normal
txn_0001666,U1061,2026-01-10 04:47:00,6520.91,web,B_U1061_5,False,peer_transfer,13171.59,False,normal
txn_0001286,U1047,2026-01-10 04:49:00,4314.31,mobile,B_U1047_9,False,utilities,2870.56,False,normal
txn_0002771,U1103,2026-01-10 04:55:00,3195.8,mobile,B_U1103_14,False,dining,3356.29,False,normal
txn_0003160,U1118,2026-01-10 04:57:00,2101.17,mobile,B_U1118_2,False,groceries,3428.82,False,normal
txn_0002872,U1107,2026-01-10 05:09:00,2183.45,web,B_U1107_4,False,travel,2290.51,False,normal
txn_0001667,U1061,2026-01-10 05:16:00,13915.92,mobile,B_U1061_11,False,dining,13171.59,False,normal
txn_0000960,U1035,2026-01-10 05:24:00,2908.13,web,B_U1035_8,False,utilities,2810.15,False,normal
txn_0001930,U1071,2026-01-10 05:39:00,3688.93,mobile,B_U1071_7,False,utilities,4084.71,False,normal
txn_0000928,U1034,2026-01-10 05:47:00,2360.98,web,B_U1034_9,False,investment,3918.7,False,normal
txn_0001906,U1070,2026-01-10 05:52:00,6225.16,mobile,B_U1070_7,False,fuel,4224.9,False,normal
txn_0001362,U1050,2026-01-10 06:00:00,3952.96,web,B_U1050_7,False,groceries,3695.41,False,normal
txn_0003056,U1114,2026-01-10 06:00:00,2024.21,mobile,B_U1114_12,False,utilities,2369.62,False,normal
txn_0002277,U1084,2026-01-10 06:08:00,2413.45,web,B_U1084_5,False,dining,1662.97,False,normal
txn_0002979,U1111,2026-01-10 06:26:00,5335.67,web,B_U1111_8,False,electronics,3287.89,False,normal
txn_0002999,U1112,2026-01-10 06:32:00,3488.95,mobile,B_U1112_3,False,dining,5205.26,False,normal
txn_0002039,U1075,2026-01-10 06:40:00,3145.17,web,B_U1075_13,False,groceries,3596.75,False,normal
txn_0000231,U1008,2026-01-10 07:20:00,2314.11,mobile,B_U1008_2,False,investment,3573.17,False,normal
txn_0002169,U1080,2026-01-10 07:30:00,2059.91,mobile,B_U1080_14,False,dining,2738.22,False,normal
txn_0002094,U1077,2026-01-10 07:36:00,7816.42,mobile,B_U1077_8,False,electronics,1866.36,False,normal
txn_0002013,U1074,2026-01-10 08:11:00,2996.02,mobile,B_U1074_1,False,investment,2873.53,False,normal
txn_0000929,U1034,2026-01-10 08:17:00,3737.32,mobile,B_U1034_1,False,dining,3918.7,False,normal
txn_0002873,U1107,2026-01-10 08:22:00,1197.6,mobile,B_U1107_7,False,travel,2290.51,False,normal
txn_0002900,U1108,2026-01-10 08:42:00,2649.37,mobile,B_U1108_4,False,utilities,3438.35,False,normal
txn_0003057,U1114,2026-01-10 08:49:00,1909.47,mobile,B_U1114_11,False,investment,2369.62,False,normal
txn_0002560,U1095,2026-01-10 08:59:00,1745.74,mobile,B_U1095_5,False,fuel,4619.02,False,normal
txn_0001117,U1041,2026-01-10 09:22:00,4464.21,atm,B_U1041_84576,True,groceries,3955.76,False,normal
txn_0002772,U1103,2026-01-10 09:39:00,2023.03,atm,B_U1103_18,False,dining,3356.29,False,normal
txn_0001065,U1039,2026-01-10 09:46:00,1731.28,mobile,B_U1039_5,False,utilities,1555.7,False,normal
txn_0000232,U1008,2026-01-10 09:53:00,3562.97,mobile,B_U1008_12,False,dining,3573.17,False,normal
txn_0002583,U1096,2026-01-10 09:56:00,7070.08,web,B_U1096_11,False,investment,4725.77,False,normal
txn_0003077,U1115,2026-01-10 10:05:00,2021.47,web,B_U1115_8,False,fuel,1701.41,False,normal
txn_0000846,U1031,2026-01-10 10:06:00,1542.07,atm,B_U1031_10,False,investment,3939.68,False,normal
txn_0000199,U1007,2026-01-10 10:18:00,4323.38,mobile,B_U1007_8,False,dining,3285.15,False,normal
txn_0000930,U1034,2026-01-10 10:18:00,2774.71,web,B_U1034_11,False,investment,3918.7,False,normal
txn_0000661,U1024,2026-01-10 10:45:00,8450.3,mobile,B_U1024_9,False,electronics,3630.97,False,normal
txn_0000716,U1026,2026-01-10 10:46:00,831.79,mobile,B_U1026_6,False,peer_transfer,2270.01,False,normal
txn_0000737,U1027,2026-01-10 10:57:00,1880.06,mobile,B_U1027_13,False,peer_transfer,2802.86,False,normal
txn_0001874,U1069,2026-01-10 11:00:00,8742.68,mobile,B_U1069_13,False,electronics,5981.69,False,normal
txn_0000797,U1029,2026-01-10 11:03:00,3306.9,web,B_U1029_2,False,electronics,2499.66,False,normal
txn_0003032,U1113,2026-01-10 11:04:00,1967.86,web,B_U1113_7,False,investment,1261.03,False,normal
txn_0002921,U1109,2026-01-10 11:16:00,4416.18,mobile,B_U1109_5,False,groceries,5925.56,False,normal
txn_0003161,U1118,2026-01-10 11:17:00,3622.58,web,B_U1118_10,False,groceries,3428.82,False,normal
txn_0000523,U1019,2026-01-10 11:47:00,3427.92,mobile,B_U1019_12,False,groceries,4323.75,False,normal
txn_0002512,U1093,2026-01-10 11:47:00,1810.04,web,B_U1093_4,False,travel,3053.67,False,normal
txn_0001957,U1072,2026-01-10 11:48:00,6450.8,web,B_U1072_17,False,electronics,5461.96,False,normal
txn_0003078,U1115,2026-01-10 11:48:00,966.5,web,B_U1115_13,False,groceries,1701.41,False,normal
txn_0000416,U1015,2026-01-10 12:12:00,3421.74,atm,B_U1015_4,False,fuel,2999.76,False,normal
txn_0000200,U1007,2026-01-10 12:17:00,1646.8,mobile,B_U1007_1,False,peer_transfer,3285.15,False,normal
txn_0002660,U1099,2026-01-10 12:23:00,4774.79,web,B_U1099_7,False,dining,7588.88,False,normal
txn_0000985,U1036,2026-01-10 12:28:00,890.4,mobile,B_U1036_16,False,dining,1129.15,False,normal
txn_0002199,U1081,2026-01-10 12:31:00,3111.11,mobile,B_U1081_6,False,travel,4023.78,False,normal
txn_0001252,U1046,2026-01-10 12:35:00,1229.09,mobile,B_U1046_18,False,fuel,2217.91,False,normal
txn_0000151,U1005,2026-01-10 12:39:00,7090.46,web,B_U1005_15,False,investment,2618.11,False,normal
txn_0000282,U1010,2026-01-10 12:47:00,2480.13,mobile,B_U1010_6,False,peer_transfer,4545.51,False,normal
txn_0002634,U1098,2026-01-10 12:48:00,13164.88,mobile,B_U1098_8,False,fuel,7495.59,False,normal
txn_0001287,U1047,2026-01-10 13:06:00,2411.54,mobile,B_U1047_3,False,utilities,2870.56,False,normal
txn_0001338,U1049,2026-01-10 13:20:00,644.7,mobile,B_U1049_6,False,travel,1500.95,False,normal
txn_0003000,U1112,2026-01-10 13:32:00,5147.03,atm,B_U1112_5,False,investment,5205.26,False,normal
txn_0001339,U1049,2026-01-10 13:58:00,1170.55,mobile,B_U1049_9,False,electronics,1500.95,False,normal
txn_0002225,U1082,2026-01-10 14:01:00,4511.08,mobile,B_U1082_14,False,dining,4569.76,False,normal
txn_0003079,U1115,2026-01-10 14:35:00,1152.6,mobile,B_U1115_4,False,fuel,1701.41,False,normal
txn_0001768,U1065,2026-01-10 14:41:00,3263.67,mobile,B_U1065_17,False,electronics,2907.56,False,normal
txn_0000417,U1015,2026-01-10 14:46:00,1624.94,atm,B_U1015_9,False,peer_transfer,2999.76,False,normal
txn_0000064,U1002,2026-01-10 15:03:00,3192.69,mobile,B_U1002_17,False,utilities,4906.58,False,normal
txn_0003001,U1112,2026-01-10 15:24:00,2643.93,web,B_U1112_4,False,peer_transfer,5205.26,False,normal
txn_0002119,U1078,2026-01-10 15:27:00,5316.41,mobile,B_U1078_7,False,dining,6944.14,False,normal
txn_0002513,U1093,2026-01-10 15:39:00,3273.53,mobile,B_U1093_18,False,dining,3053.67,False,normal
txn_0001600,U1059,2026-01-10 15:46:00,2022.57,atm,B_U1059_11,False,fuel,2320.66,False,normal
txn_0000389,U1014,2026-01-10 15:51:00,5444.63,mobile,B_U1014_16,False,peer_transfer,5753.35,False,normal
txn_0003058,U1114,2026-01-10 15:57:00,3374.29,web,B_U1114_9,False,electronics,2369.62,False,normal
txn_0000065,U1002,2026-01-10 16:06:00,8570.42,mobile,B_U1002_5,False,electronics,4906.58,False,normal
txn_0002561,U1095,2026-01-10 16:11:00,2004.34,web,B_U1095_31701,True,dining,4619.02,False,normal
txn_0002635,U1098,2026-01-10 16:19:00,3117.29,web,B_U1098_16,False,travel,7495.59,False,normal
txn_0000336,U1012,2026-01-10 16:23:00,1326.31,mobile,B_U1012_15,False,peer_transfer,2152.49,False,normal
txn_0000555,U1020,2026-01-10 16:39:00,1616.22,web,B_U1020_10,False,peer_transfer,2216.94,False,normal
txn_0003162,U1118,2026-01-10 16:58:00,1391.08,mobile,B_U1118_4,False,peer_transfer,3428.82,False,normal
txn_0002014,U1074,2026-01-10 17:14:00,2614.33,web,B_U1074_2,False,groceries,2873.53,False,normal
txn_0001171,U1043,2026-01-10 17:16:00,3993.75,mobile,B_U1043_2,False,peer_transfer,6061.22,False,normal
txn_0000066,U1002,2026-01-10 17:22:00,2419.92,web,B_U1002_9,False,electronics,4906.58,False,normal
txn_0001633,U1060,2026-01-10 17:28:00,1329.15,mobile,B_U1060_18,False,peer_transfer,2200.45,False,normal
txn_0002514,U1093,2026-01-10 17:40:00,2243.4,mobile,B_U1093_7,False,travel,3053.67,False,normal
txn_0000201,U1007,2026-01-10 17:41:00,4819.58,mobile,B_U1007_16,False,dining,3285.15,False,normal
txn_0002697,U1100,2026-01-10 17:41:00,9196.5,web,B_U1100_11,False,electronics,3364.39,False,normal
txn_0001685,U1062,2026-01-10 18:03:00,4454.88,web,B_U1062_5,False,peer_transfer,5313.72,False,normal
txn_0003059,U1114,2026-01-10 18:06:00,4569.87,atm,B_U1114_15,False,fuel,2369.62,False,normal
txn_0001769,U1065,2026-01-10 18:08:00,3246.84,mobile,B_U1065_4,False,fuel,2907.56,False,normal
txn_0001288,U1047,2026-01-10 18:12:00,1895.27,mobile,B_U1047_8,False,fuel,2870.56,False,normal
txn_0001253,U1046,2026-01-10 18:33:00,2275.77,atm,B_U1046_4,False,fuel,2217.91,False,normal
txn_0002065,U1076,2026-01-10 19:07:00,3211.7,web,B_U1076_6,False,groceries,4907.7,False,normal
txn_0000447,U1016,2026-01-10 19:08:00,2515.78,mobile,B_U1016_4,False,fuel,2121.6,False,normal
txn_0001038,U1038,2026-01-10 19:22:00,2790.6,web,B_U1038_13,False,peer_transfer,9163.94,False,normal
txn_0001227,U1045,2026-01-10 19:41:00,3542.82,mobile,B_U1045_1,False,peer_transfer,3817.05,False,normal
txn_0002773,U1103,2026-01-10 19:45:00,2689.04,web,B_U1103_93310,True,groceries,3356.29,False,normal
txn_0003187,U1119,2026-01-10 19:58:00,1896.44,mobile,B_U1119_7,False,travel,2176.44,False,normal
txn_0001524,U1056,2026-01-10 19:59:00,1770.36,web,B_U1056_2,False,travel,4117.9,False,normal
txn_0002618,U1097,2026-01-10 20:03:00,2242.78,web,B_U1097_15,False,electronics,1723.17,False,normal
txn_0000738,U1027,2026-01-10 20:12:00,2101.72,mobile,B_U1027_11,False,groceries,2802.86,False,normal
txn_0003188,U1119,2026-01-10 20:29:00,2005.18,web,B_U1119_15,False,dining,2176.44,False,normal
txn_0001039,U1038,2026-01-10 20:57:00,4472.7,web,B_U1038_10,False,peer_transfer,9163.94,False,normal
txn_0000152,U1005,2026-01-10 21:03:00,3925.85,web,B_U1005_11,False,fuel,2618.11,False,normal
txn_0001875,U1069,2026-01-10 21:25:00,12928.55,web,B_U1069_14,False,dining,5981.69,False,normal
txn_0000468,U1017,2026-01-10 21:49:00,3381.16,web,B_U1017_16,False,investment,4706.98,False,normal
txn_0000418,U1015,2026-01-10 21:56:00,2539.36,mobile,B_U1015_27628,True,travel,2999.76,False,normal
txn_0000257,U1009,2026-01-10 22:10:00,1422.25,web,B_U1009_14,False,fuel,1573.47,False,normal
txn_0001552,U1057,2026-01-10 22:39:00,12527.09,mobile,B_U1057_5,False,travel,6319.59,False,normal
txn_0000390,U1014,2026-01-10 22:47:00,14418.03,mobile,B_U1014_17,False,travel,5753.35,False,normal
txn_0002200,U1081,2026-01-10 23:00:00,2687.75,mobile,B_U1081_18,False,peer_transfer,4023.78,False,normal
txn_0001066,U1039,2026-01-10 23:04:00,2396.51,atm,B_U1039_6,False,peer_transfer,1555.7,False,normal
txn_0001715,U1063,2026-01-10 23:04:00,13396.05,mobile,B_U1063_16,False,fuel,10220.13,False,normal
txn_0002142,U1079,2026-01-10 23:17:00,1534.16,atm,B_U1079_15,False,dining,1934.95,False,normal
txn_0003080,U1115,2026-01-10 23:20:00,2335.33,mobile,B_U1115_17,False,fuel,1701.41,False,normal
txn_0000362,U1013,2026-01-10 23:27:00,5539.82,web,B_U1013_16,False,electronics,4381.55,False,normal
txn_0001931,U1071,2026-01-10 23:37:00,4214.6,mobile,B_U1071_14,False,fuel,4084.71,False,normal
txn_0001495,U1055,2026-01-10 23:44:00,716.2,web,B_U1055_26819,True,groceries,2454.82,False,normal
txn_0001471,U1054,2026-01-10 23:47:00,1932.08,mobile,B_U1054_8,False,utilities,2347.07,False,normal
txn_0001118,U1041,2026-01-10 23:49:00,3335.15,web,B_U1041_3,False,dining,3955.76,False,normal
txn_0003131,U1117,2026-01-10 23:55:00,4417.31,mobile,B_U1117_6,False,travel,3396.23,False,normal
txn_0000609,U1022,2026-01-11 00:14:00,5467.32,atm,B_U1022_14,False,investment,4140.87,False,normal
txn_0000363,U1013,2026-01-11 00:15:00,3951.36,mobile,B_U1013_6,False,peer_transfer,4381.55,False,normal
txn_0002619,U1097,2026-01-11 00:16:00,1401.9,web,B_U1097_14,False,fuel,1723.17,False,normal
txn_0002584,U1096,2026-01-11 00:17:00,3985.66,mobile,B_U1096_9,False,fuel,4725.77,False,normal
txn_0000986,U1036,2026-01-11 00:23:00,1019.16,web,B_U1036_2,False,travel,1129.15,False,normal
txn_0001007,U1037,2026-01-11 00:27:00,5044.88,atm,B_U1037_7,False,fuel,3096.92,False,normal
txn_0001845,U1068,2026-01-11 00:41:00,1764.65,mobile,B_U1068_4,False,groceries,2999.9,False,normal
txn_0000524,U1019,2026-01-11 00:53:00,1056.93,atm,B_U1019_15,False,investment,4323.75,False,normal
txn_0001202,U1044,2026-01-11 00:54:00,5397.54,web,B_U1044_15,False,utilities,6443.21,False,normal
txn_0001686,U1062,2026-01-11 00:59:00,3564.25,mobile,B_U1062_10,False,fuel,5313.72,False,normal
txn_0002874,U1107,2026-01-11 01:03:00,3984.56,web,B_U1107_73152,True,investment,2290.51,False,normal
txn_0000337,U1012,2026-01-11 01:10:00,1874.55,web,B_U1012_1,False,groceries,2152.49,False,normal
txn_0001958,U1072,2026-01-11 01:13:00,3887.22,web,B_U1072_91602,True,travel,5461.96,False,normal
txn_0001932,U1071,2026-01-11 01:15:00,6187.64,mobile,B_U1071_3,False,dining,4084.71,False,normal
txn_0002040,U1075,2026-01-11 01:22:00,2931.22,web,B_U1075_12,False,utilities,3596.75,False,normal
txn_0000961,U1035,2026-01-11 01:25:00,2253.35,web,B_U1035_14,False,peer_transfer,2810.15,False,normal
txn_0002661,U1099,2026-01-11 01:26:00,25013.97,mobile,B_U1099_12,False,electronics,7588.88,False,normal
txn_0002536,U1094,2026-01-11 01:43:00,1121.34,mobile,B_U1094_18,False,fuel,2174.74,False,normal
txn_0001420,U1052,2026-01-11 01:49:00,1917.34,web,B_U1052_3,False,fuel,1695.82,False,normal
txn_0002376,U1088,2026-01-11 01:50:00,980.15,atm,B_U1088_15,False,groceries,1638.89,False,normal
txn_0002662,U1099,2026-01-11 01:50:00,4690.99,mobile,B_U1099_8,False,travel,7588.88,False,normal
txn_0001472,U1054,2026-01-11 01:51:00,2295.97,web,B_U1054_6,False,groceries,2347.07,False,normal
txn_0002620,U1097,2026-01-11 02:12:00,1874.46,mobile,B_U1097_7,False,electronics,1723.17,False,normal
txn_0000448,U1016,2026-01-11 02:14:00,2001.44,mobile,B_U1016_12,False,investment,2121.6,False,normal
txn_0001907,U1070,2026-01-11 02:19:00,1934.59,web,B_U1070_2,False,groceries,4224.9,False,normal
txn_0001959,U1072,2026-01-11 02:27:00,15058.99,mobile,B_U1072_17,False,groceries,5461.96,False,normal
txn_0001960,U1072,2026-01-11 03:04:00,3991.17,web,B_U1072_25589,True,groceries,5461.96,False,normal
txn_0000662,U1024,2026-01-11 03:05:00,3105.01,web,B_U1024_4,False,groceries,3630.97,False,normal
txn_0001578,U1058,2026-01-11 03:05:00,7551.21,mobile,B_U1058_16,False,electronics,4002.51,False,normal
txn_0002015,U1074,2026-01-11 03:06:00,3393.62,atm,B_U1074_18,False,travel,2873.53,False,normal
txn_0000311,U1011,2026-01-11 03:16:00,20817.37,atm,B_U1011_11,False,groceries,9375.34,False,normal
txn_0000258,U1009,2026-01-11 03:33:00,1409.38,mobile,B_U1009_11,False,groceries,1573.47,False,normal
txn_0001008,U1037,2026-01-11 03:47:00,2073.17,web,B_U1037_16,False,fuel,3096.92,False,normal
txn_0001846,U1068,2026-01-11 04:00:00,2480.48,mobile,B_U1068_2,False,dining,2999.9,False,normal
txn_0001444,U1053,2026-01-11 04:19:00,4174.26,mobile,B_U1053_4,False,peer_transfer,3360.77,False,normal
txn_0000202,U1007,2026-01-11 04:28:00,2529.36,atm,B_U1007_5,False,dining,3285.15,False,normal
txn_0000500,U1018,2026-01-11 04:30:00,1659.67,web,B_U1018_3,False,electronics,1714.18,False,normal
txn_0000364,U1013,2026-01-11 04:36:00,5519.7,mobile,B_U1013_2,False,travel,4381.55,False,normal
txn_0002848,U1106,2026-01-11 05:11:00,4024.04,mobile,B_U1106_49574,True,fuel,3670.02,False,normal
txn_0001473,U1054,2026-01-11 05:13:00,1787.33,web,B_U1054_15,False,peer_transfer,2347.07,False,normal
txn_0000818,U1030,2026-01-11 05:14:00,2773.2,mobile,B_U1030_8,False,fuel,2316.16,False,normal
txn_0000525,U1019,2026-01-11 05:15:00,4643.89,web,B_U1019_7,False,groceries,4323.75,False,normal
txn_0003081,U1115,2026-01-11 05:15:00,1073.18,mobile,B_U1115_11,False,investment,1701.41,False,normal
txn_0002303,U1085,2026-01-11 05:22:00,543.02,web,B_U1085_8,False,utilities,1952.44,False,normal
txn_0000819,U1030,2026-01-11 05:43:00,2254.77,web,B_U1030_14,False,investment,2316.16,False,normal
txn_0001793,U1066,2026-01-11 06:09:00,2098.62,mobile,B_U1066_9,False,utilities,2174.71,False,normal
txn_0000526,U1019,2026-01-11 06:13:00,2679.97,mobile,B_U1019_17,False,fuel,4323.75,False,normal
txn_0000987,U1036,2026-01-11 06:17:00,781.14,mobile,B_U1036_6,False,groceries,1129.15,False,normal
txn_0001687,U1062,2026-01-11 06:21:00,5228.76,mobile,B_U1062_15,False,utilities,5313.72,False,normal
txn_0000233,U1008,2026-01-11 06:38:00,2131.89,web,B_U1008_77159,True,dining,3573.17,False,normal
txn_0000121,U1004,2026-01-11 06:40:00,3749.3,mobile,B_U1004_66959,True,fuel,2852.1,False,normal
txn_0002958,U1110,2026-01-11 07:01:00,2344.14,web,B_U1110_18,False,electronics,2501.88,False,normal
txn_0000283,U1010,2026-01-11 07:14:00,6211.92,atm,B_U1010_9,False,utilities,4545.51,False,normal
txn_0001094,U1040,2026-01-11 07:16:00,2989.38,mobile,B_U1040_7,False,travel,3480.98,False,normal
txn_0002484,U1092,2026-01-11 07:27:00,2241.23,mobile,B_U1092_10,False,investment,2917.77,False,normal
txn_0000847,U1031,2026-01-11 07:55:00,6645.62,mobile,B_U1031_6,False,investment,3939.68,False,normal
txn_0001172,U1043,2026-01-11 08:01:00,7849.99,mobile,B_U1043_13,False,groceries,6061.22,False,normal
txn_0000365,U1013,2026-01-11 08:06:00,3076.15,mobile,B_U1013_5,False,electronics,4381.55,False,normal
txn_0002278,U1084,2026-01-11 08:09:00,1450.12,web,B_U1084_5,False,travel,1662.97,False,normal
txn_0001313,U1048,2026-01-11 08:14:00,1285.23,mobile,B_U1048_2,False,peer_transfer,2557.77,False,normal
txn_0000366,U1013,2026-01-11 08:32:00,7823.08,mobile,B_U1013_7,False,electronics,4381.55,False,normal
txn_0002331,U1086,2026-01-11 08:35:00,4819.44,mobile,B_U1086_6,False,electronics,4347.82,False,normal
txn_0002485,U1092,2026-01-11 08:54:00,4695.04,mobile,B_U1092_13,False,dining,2917.77,False,normal
txn_0002201,U1081,2026-01-11 08:57:00,4750.93,web,B_U1081_15,False,electronics,4023.78,False,normal
txn_0002251,U1083,2026-01-11 09:00:00,3711.1,web,B_U1083_61812,True,dining,3626.19,False,normal
txn_0001770,U1065,2026-01-11 09:09:00,4380.61,web,B_U1065_16,False,electronics,2907.56,False,normal
txn_0003082,U1115,2026-01-11 09:40:00,2044.72,mobile,B_U1115_4,False,peer_transfer,1701.41,False,normal
txn_0001228,U1045,2026-01-11 09:46:00,4147.5,mobile,B_U1045_15,False,electronics,3817.05,False,normal
txn_0001601,U1059,2026-01-11 09:46:00,2460.4,mobile,B_U1059_3,False,investment,2320.66,False,normal
txn_0000663,U1024,2026-01-11 10:06:00,7160.38,mobile,B_U1024_2,False,electronics,3630.97,False,normal
txn_0002226,U1082,2026-01-11 10:06:00,6652.69,web,B_U1082_8,False,electronics,4569.76,False,normal
txn_0001067,U1039,2026-01-11 10:10:00,740.61,mobile,B_U1039_1,False,electronics,1555.7,False,normal
txn_0000527,U1019,2026-01-11 10:23:00,3310.09,web,B_U1019_4,False,groceries,4323.75,False,normal
txn_0000907,U1033,2026-01-11 10:49:00,2847.48,mobile,B_U1033_4,False,groceries,2238.38,False,normal
txn_0001496,U1055,2026-01-11 10:52:00,1453.41,mobile,B_U1055_1,False,travel,2454.82,False,normal
txn_0000528,U1019,2026-01-11 11:00:00,6443.48,mobile,B_U1019_14,False,groceries,4323.75,False,normal
txn_0002252,U1083,2026-01-11 11:05:00,3214.62,web,B_U1083_8,False,electronics,3626.19,False,normal
txn_0001553,U1057,2026-01-11 11:14:00,7919.42,mobile,B_U1057_63206,True,fuel,6319.59,False,normal
txn_0000122,U1004,2026-01-11 11:20:00,3658.35,mobile,B_U1004_12,False,utilities,2852.1,False,normal
txn_0000391,U1014,2026-01-11 11:21:00,16235.83,mobile,B_U1014_8,False,investment,5753.35,False,normal
txn_0000038,U1001,2026-01-11 11:23:00,2206.74,atm,B_U1001_4,False,dining,2959.57,False,normal
txn_0002585,U1096,2026-01-11 11:41:00,4816.22,mobile,B_U1096_9,False,groceries,4725.77,False,normal
txn_0001254,U1046,2026-01-11 11:56:00,2220.55,mobile,B_U1046_23155,True,dining,2217.91,False,normal
txn_0000962,U1035,2026-01-11 11:57:00,1782.21,atm,B_U1035_5,False,utilities,2810.15,False,normal
txn_0002253,U1083,2026-01-11 12:00:00,6042.9,mobile,B_U1083_17,False,peer_transfer,3626.19,False,normal
txn_0002515,U1093,2026-01-11 12:06:00,4475.77,atm,B_U1093_18,False,electronics,3053.67,False,normal
txn_0000848,U1031,2026-01-11 12:12:00,16471.43,web,B_U1031_5,False,investment,3939.68,False,normal
txn_0002636,U1098,2026-01-11 12:18:00,9220.1,web,B_U1098_1,False,electronics,7495.59,False,normal
txn_0000367,U1013,2026-01-11 12:26:00,6475.83,mobile,B_U1013_17,False,groceries,4381.55,False,normal
txn_0002819,U1105,2026-01-11 12:28:00,5380.56,web,B_U1105_16,False,investment,5101.93,False,normal
txn_0000584,U1021,2026-01-11 12:33:00,1216.31,mobile,B_U1021_59728,True,peer_transfer,2094.79,False,normal
txn_0001794,U1066,2026-01-11 12:36:00,2089.69,mobile,B_U1066_5,False,groceries,2174.71,False,normal
txn_0000419,U1015,2026-01-11 12:49:00,5830.96,mobile,B_U1015_6,False,investment,2999.76,False,normal
txn_0001554,U1057,2026-01-11 12:59:00,11154.63,web,B_U1057_1,False,peer_transfer,6319.59,False,normal
txn_0001847,U1068,2026-01-11 13:09:00,4949.94,atm,B_U1068_12,False,investment,2999.9,False,normal
txn_0000368,U1013,2026-01-11 13:25:00,3178.32,atm,B_U1013_14,False,utilities,4381.55,False,normal
txn_0002095,U1077,2026-01-11 13:53:00,2351.84,mobile,B_U1077_4,False,travel,1866.36,False,normal
txn_0002016,U1074,2026-01-11 14:00:00,2696.09,mobile,B_U1074_60627,True,travel,2873.53,False,normal
txn_0002120,U1078,2026-01-11 14:00:00,5952.1,mobile,B_U1078_11,False,utilities,6944.14,False,normal
txn_0002537,U1094,2026-01-11 14:10:00,2570.41,mobile,B_U1094_16,False,groceries,2174.74,False,normal
txn_0002723,U1101,2026-01-11 14:11:00,1774.63,mobile,B_U1101_5,False,fuel,2326.49,False,normal
txn_0002377,U1088,2026-01-11 14:14:00,1563.83,web,B_U1088_9,False,electronics,1638.89,False,normal
txn_0000717,U1026,2026-01-11 14:15:00,3533.71,web,B_U1026_11,False,fuel,2270.01,False,normal
txn_0000556,U1020,2026-01-11 14:16:00,1085.67,mobile,B_U1020_16,False,travel,2216.94,False,normal
txn_0000798,U1029,2026-01-11 14:20:00,2828.78,mobile,B_U1029_6,False,electronics,2499.66,False,normal
txn_0002562,U1095,2026-01-11 14:22:00,9117.44,mobile,B_U1095_18,False,fuel,4619.02,False,normal
txn_0000067,U1002,2026-01-11 14:26:00,3991.52,web,B_U1002_6,False,dining,4906.58,False,normal
txn_0001525,U1056,2026-01-11 14:27:00,4177.54,mobile,B_U1056_4,False,fuel,4117.9,False,normal
txn_0002254,U1083,2026-01-11 14:34:00,1768.71,mobile,B_U1083_6,False,fuel,3626.19,False,normal
txn_0003189,U1119,2026-01-11 14:36:00,2891.92,mobile,B_U1119_7,False,electronics,2176.44,False,normal
txn_0002901,U1108,2026-01-11 15:05:00,4218.44,mobile,B_U1108_7,False,investment,3438.35,False,normal
txn_0000123,U1004,2026-01-11 15:08:00,5436.49,web,B_U1004_2,False,fuel,2852.1,False,normal
txn_0001363,U1050,2026-01-11 15:11:00,4139.07,mobile,B_U1050_1,False,dining,3695.41,False,normal
txn_0001445,U1053,2026-01-11 15:30:00,3388.11,mobile,B_U1053_3,False,peer_transfer,3360.77,False,normal
txn_0000739,U1027,2026-01-11 15:34:00,4803.12,mobile,B_U1027_3,False,groceries,2802.86,False,normal
txn_0001634,U1060,2026-01-11 15:36:00,1146.84,atm,B_U1060_3,False,dining,2200.45,False,normal
txn_0002378,U1088,2026-01-11 15:41:00,975.58,mobile,B_U1088_3,False,dining,1638.89,False,normal
txn_0000688,U1025,2026-01-11 15:54:00,4425.6,atm,B_U1025_2,False,investment,2077.08,False,normal
txn_0000420,U1015,2026-01-11 15:55:00,10065.81,atm,B_U1015_3,False,electronics,2999.76,False,normal
txn_0002637,U1098,2026-01-11 15:55:00,13902.66,mobile,B_U1098_3,False,electronics,7495.59,False,normal
txn_0002332,U1086,2026-01-11 16:06:00,4280.82,web,B_U1086_16,False,groceries,4347.82,False,normal
txn_0001255,U1046,2026-01-11 16:12:00,4767.61,mobile,B_U1046_18,False,electronics,2217.91,False,normal
txn_0001526,U1056,2026-01-11 16:15:00,5333.07,mobile,B_U1056_2,False,electronics,4117.9,False,normal
txn_0001635,U1060,2026-01-11 16:17:00,2647.49,mobile,B_U1060_8,False,electronics,2200.45,False,normal
txn_0000039,U1001,2026-01-11 16:24:00,4663.49,web,B_U1001_12,False,utilities,2959.57,False,normal
txn_0002799,U1104,2026-01-11 16:25:00,1699.04,web,B_U1104_16,False,groceries,1958.45,False,normal
txn_0000849,U1031,2026-01-11 16:38:00,8607.72,mobile,B_U1031_18,False,travel,3939.68,False,normal
txn_0002405,U1089,2026-01-11 16:57:00,15520.29,atm,B_U1089_8,False,travel,9995.49,False,normal
txn_0003083,U1115,2026-01-11 16:58:00,3547.78,mobile,B_U1115_2,False,investment,1701.41,False,normal
txn_0002461,U1091,2026-01-11 17:21:00,3651.9,mobile,B_U1091_5,False,investment,1905.36,False,normal
txn_0002875,U1107,2026-01-11 17:28:00,4244.43,atm,B_U1107_13,False,dining,2290.51,False,normal
txn_0002800,U1104,2026-01-11 17:40:00,1468.81,web,B_U1104_9,False,electronics,1958.45,False,normal
txn_0001982,U1073,2026-01-11 17:52:00,2447.28,mobile,B_U1073_16,False,electronics,3306.92,False,normal
txn_0003110,U1116,2026-01-11 18:00:00,3874.99,web,B_U1116_18,False,groceries,5060.46,False,normal
txn_0000718,U1026,2026-01-11 18:04:00,1614.63,mobile,B_U1026_4,False,utilities,2270.01,False,normal
txn_0002462,U1091,2026-01-11 18:21:00,1773.33,atm,B_U1091_16,False,electronics,1905.36,False,normal
txn_0002774,U1103,2026-01-11 18:27:00,2292.33,web,B_U1103_15,False,travel,3356.29,False,normal
txn_0000988,U1036,2026-01-11 18:32:00,715.71,web,B_U1036_8,False,utilities,1129.15,False,normal
txn_0000203,U1007,2026-01-11 18:37:00,3043.8,mobile,B_U1007_4,False,investment,3285.15,False,normal
txn_0002820,U1105,2026-01-11 18:40:00,3799.31,mobile,B_U1105_13,False,groceries,5101.93,False,normal
txn_0001848,U1068,2026-01-11 18:48:00,3527.99,mobile,B_U1068_3,False,dining,2999.9,False,normal
txn_0000449,U1016,2026-01-11 18:52:00,4018.37,mobile,B_U1016_13,False,utilities,2121.6,False,normal
txn_0001820,U1067,2026-01-11 18:52:00,4267.56,atm,B_U1067_14,False,groceries,2136.18,False,normal
txn_0000009,U1000,2026-01-11 19:23:00,2014.42,mobile,B_U1000_5,False,dining,3431.57,False,normal
txn_0002698,U1100,2026-01-11 19:44:00,2603.21,atm,B_U1100_13,False,investment,3364.39,False,normal
txn_0002351,U1087,2026-01-11 19:57:00,1413.53,atm,B_U1087_13,False,electronics,1419.15,False,normal
txn_0000664,U1024,2026-01-11 20:08:00,1796.47,web,B_U1024_8,False,peer_transfer,3630.97,False,normal
txn_0002849,U1106,2026-01-11 20:18:00,12080.96,mobile,B_U1106_12,False,investment,3670.02,False,normal
txn_0001289,U1047,2026-01-11 20:21:00,4190.51,web,B_U1047_14,False,groceries,2870.56,False,normal
txn_0001636,U1060,2026-01-11 20:30:00,2362.79,atm,B_U1060_17,False,electronics,2200.45,False,normal
txn_0000820,U1030,2026-01-11 20:49:00,1922.67,mobile,B_U1030_8,False,utilities,2316.16,False,normal
txn_0002066,U1076,2026-01-11 20:56:00,2740.62,mobile,B_U1076_9,False,groceries,4907.7,False,normal
txn_0003111,U1116,2026-01-11 21:16:00,3883.46,web,B_U1116_15,False,peer_transfer,5060.46,False,normal
txn_0000821,U1030,2026-01-11 21:17:00,2934.55,web,B_U1030_12,False,fuel,2316.16,False,normal
txn_0000392,U1014,2026-01-11 21:23:00,4798.17,web,B_U1014_12,False,groceries,5753.35,False,normal
txn_0001009,U1037,2026-01-11 21:39:00,5334.25,web,B_U1037_9,False,travel,3096.92,False,normal
txn_0000469,U1017,2026-01-11 21:47:00,3279.83,mobile,B_U1017_5,False,electronics,4706.98,False,normal
txn_0000450,U1016,2026-01-11 22:16:00,1399.06,mobile,B_U1016_5,False,peer_transfer,2121.6,False,normal
txn_0002170,U1080,2026-01-11 22:17:00,4714.18,mobile,B_U1080_3,False,electronics,2738.22,False,normal
txn_0001637,U1060,2026-01-11 22:40:00,2994.86,mobile,B_U1060_10,False,dining,2200.45,False,normal
txn_0002406,U1089,2026-01-11 23:13:00,6225.75,mobile,B_U1089_10,False,groceries,9995.49,False,normal
txn_0001119,U1041,2026-01-11 23:14:00,3420.83,mobile,B_U1041_1,False,peer_transfer,3955.76,False,normal
txn_0000010,U1000,2026-01-11 23:15:00,2097.61,mobile,B_U1000_18,False,peer_transfer,3431.57,False,normal
txn_0001340,U1049,2026-01-11 23:29:00,2464.34,atm,B_U1049_6,False,investment,1500.95,False,normal
txn_0001497,U1055,2026-01-11 23:42:00,4460.62,mobile,B_U1055_13,False,utilities,2454.82,False,normal
txn_0001933,U1071,2026-01-11 23:44:00,6829.74,mobile,B_U1071_12,False,utilities,4084.71,False,normal
txn_0002171,U1080,2026-01-11 23:47:00,2437.2,mobile,B_U1080_9,False,fuel,2738.22,False,normal
txn_0000369,U1013,2026-01-12 00:15:00,7078.25,web,B_U1013_15,False,travel,4381.55,False,normal
txn_0003060,U1114,2026-01-12 00:24:00,1568.6,mobile,B_U1114_5,False,utilities,2369.62,False,normal
txn_0001771,U1065,2026-01-12 00:26:00,18276.24,atm,B_U1065_7,False,investment,2907.56,False,normal
txn_0001668,U1061,2026-01-12 00:44:00,22511.2,mobile,B_U1061_6,False,electronics,13171.59,False,normal
txn_0000665,U1024,2026-01-12 00:46:00,5440.59,web,B_U1024_26225,True,groceries,3630.97,False,normal
txn_0001983,U1073,2026-01-12 00:48:00,6626.67,mobile,B_U1073_72012,True,utilities,3306.92,False,normal
txn_0001498,U1055,2026-01-12 00:57:00,3470.93,mobile,B_U1055_8,False,groceries,2454.82,False,normal
txn_0002096,U1077,2026-01-12 01:04:00,2312.61,web,B_U1077_10,False,peer_transfer,1866.36,False,normal
txn_0000822,U1030,2026-01-12 01:05:00,1839.85,mobile,B_U1030_7,False,dining,2316.16,False,normal
txn_0000908,U1033,2026-01-12 01:10:00,1478.78,mobile,B_U1033_5,False,investment,2238.38,False,normal
txn_0001716,U1063,2026-01-12 01:18:00,9093.44,web,B_U1063_82304,True,investment,10220.13,False,normal
txn_0000177,U1006,2026-01-12 01:34:00,963.07,mobile,B_U1006_11,False,utilities,2287.03,False,normal
txn_0002202,U1081,2026-01-12 01:41:00,3322.1,mobile,B_U1081_10,False,dining,4023.78,False,normal
txn_0001421,U1052,2026-01-12 02:09:00,1125.11,mobile,B_U1052_7,False,fuel,1695.82,False,normal
txn_0000234,U1008,2026-01-12 02:10:00,3511.01,mobile,B_U1008_5,False,dining,3573.17,False,normal
txn_0003002,U1112,2026-01-12 02:30:00,6544.73,web,B_U1112_12,False,travel,5205.26,False,normal
txn_0001908,U1070,2026-01-12 02:32:00,6574.12,web,B_U1070_17,False,electronics,4224.9,False,normal
txn_0000909,U1033,2026-01-12 02:36:00,1348.44,mobile,B_U1033_1,False,fuel,2238.38,False,normal
txn_0002379,U1088,2026-01-12 02:46:00,1364.83,mobile,B_U1088_2,False,fuel,1638.89,False,normal
txn_0002463,U1091,2026-01-12 03:28:00,723.86,atm,B_U1091_18,False,groceries,1905.36,False,normal
txn_0002067,U1076,2026-01-12 03:53:00,5657.63,mobile,B_U1076_9,False,fuel,4907.7,False,normal
txn_0000529,U1019,2026-01-12 04:00:00,8900.77,web,B_U1019_13,False,dining,4323.75,False,normal
txn_0002980,U1111,2026-01-12 04:03:00,5226.79,mobile,B_U1111_14,False,dining,3287.89,False,normal
txn_0000235,U1008,2026-01-12 04:25:00,3494.85,web,B_U1008_16,False,groceries,3573.17,False,normal
txn_0000370,U1013,2026-01-12 04:31:00,2049.87,web,B_U1013_8,False,fuel,4381.55,False,normal
txn_0002380,U1088,2026-01-12 04:36:00,860.99,web,B_U1088_8,False,peer_transfer,1638.89,False,normal
txn_0003033,U1113,2026-01-12 04:44:00,609.49,web,B_U1113_9,False,travel,1261.03,False,normal
txn_0000501,U1018,2026-01-12 04:50:00,1441.39,web,B_U1018_11,False,fuel,1714.18,False,normal
txn_0002959,U1110,2026-01-12 04:53:00,1856.54,mobile,B_U1110_9,False,groceries,2501.88,False,normal
txn_0001984,U1073,2026-01-12 05:08:00,1204.88,mobile,B_U1073_10,False,dining,3306.92,False,normal
txn_0001961,U1072,2026-01-12 05:30:00,5428.2,web,B_U1072_18,False,travel,5461.96,False,normal
txn_0001341,U1049,2026-01-12 05:32:00,918.51,mobile,B_U1049_5,False,travel,1500.95,False,normal
txn_0001821,U1067,2026-01-12 05:46:00,1266.07,web,B_U1067_8,False,peer_transfer,2136.18,False,normal
txn_0000823,U1030,2026-01-12 05:47:00,2042.53,web,B_U1030_4,False,travel,2316.16,False,normal
txn_0001040,U1038,2026-01-12 05:48:00,6177.05,mobile,B_U1038_15,False,travel,9163.94,False,normal
txn_0000393,U1014,2026-01-12 05:49:00,8284.3,mobile,B_U1014_9,False,investment,5753.35,False,normal
txn_0002981,U1111,2026-01-12 05:49:00,1370.3,mobile,B_U1111_50378,True,groceries,3287.89,False,normal
txn_0003112,U1116,2026-01-12 05:54:00,11058.95,mobile,B_U1116_11,False,fuel,5060.46,False,normal
txn_0002333,U1086,2026-01-12 06:02:00,5162.88,web,B_U1086_1,False,investment,4347.82,False,normal
txn_0001256,U1046,2026-01-12 06:18:00,940.57,mobile,B_U1046_15,False,dining,2217.91,False,normal
txn_0002381,U1088,2026-01-12 06:21:00,5705.53,web,B_U1088_3,False,investment,1638.89,False,normal
txn_0001985,U1073,2026-01-12 06:35:00,2259.76,mobile,B_U1073_18,False,peer_transfer,3306.92,False,normal
txn_0002663,U1099,2026-01-12 06:41:00,4917.65,web,B_U1099_4,False,groceries,7588.88,False,normal
txn_0002922,U1109,2026-01-12 06:48:00,7664.43,web,B_U1109_7,False,utilities,5925.56,False,normal
txn_0001527,U1056,2026-01-12 06:59:00,7303.13,web,B_U1056_8,False,investment,4117.9,False,normal
txn_0001579,U1058,2026-01-12 07:00:00,4746.82,mobile,B_U1058_16,False,utilities,4002.51,False,normal
txn_0002664,U1099,2026-01-12 07:02:00,3096.59,atm,B_U1099_12,False,dining,7588.88,False,normal
txn_0001010,U1037,2026-01-12 07:13:00,5047.61,mobile,B_U1037_10,False,electronics,3096.92,False,normal
txn_0002923,U1109,2026-01-12 07:13:00,7738.11,mobile,B_U1109_10,False,groceries,5925.56,False,normal
txn_0001934,U1071,2026-01-12 07:15:00,2735.39,web,B_U1071_15,False,investment,4084.71,False,normal
txn_0001741,U1064,2026-01-12 07:25:00,8324.13,web,B_U1064_15,False,dining,7922.85,False,normal
txn_0002143,U1079,2026-01-12 07:29:00,2333.09,web,B_U1079_8,False,peer_transfer,1934.95,False,normal
txn_0000963,U1035,2026-01-12 07:32:00,1846.21,mobile,B_U1035_3,False,peer_transfer,2810.15,False,normal
txn_0000775,U1028,2026-01-12 07:33:00,5562.47,mobile,B_U1028_13,False,electronics,4440.68,False,normal
txn_0002434,U1090,2026-01-12 07:52:00,3764.59,mobile,B_U1090_10,False,dining,3957.38,False,normal
txn_0002041,U1075,2026-01-12 08:14:00,4840.3,web,B_U1075_13,False,electronics,3596.75,False,normal
txn_0002876,U1107,2026-01-12 08:25:00,1417.86,mobile,B_U1107_5,False,investment,2290.51,False,normal
txn_0001011,U1037,2026-01-12 08:39:00,2591.58,mobile,B_U1037_5,False,peer_transfer,3096.92,False,normal
txn_0001555,U1057,2026-01-12 08:41:00,4919.85,web,B_U1057_11,False,electronics,6319.59,False,normal
txn_0002516,U1093,2026-01-12 08:57:00,4630.56,mobile,B_U1093_4,False,utilities,3053.67,False,normal
txn_0000259,U1009,2026-01-12 09:03:00,1058.86,mobile,B_U1009_7,False,fuel,1573.47,False,normal
txn_0000557,U1020,2026-01-12 09:05:00,3489.94,mobile,B_U1020_13,False,travel,2216.94,False,normal
txn_0003034,U1113,2026-01-12 09:42:00,1585.89,mobile,B_U1113_6,False,travel,1261.03,False,normal
txn_0000931,U1034,2026-01-12 09:46:00,3962.65,mobile,B_U1034_4,False,dining,3918.7,False,normal
txn_0001717,U1063,2026-01-12 09:53:00,6624.77,web,B_U1063_14,False,peer_transfer,10220.13,False,normal
txn_0001742,U1064,2026-01-12 10:04:00,16628.46,web,B_U1064_2,False,peer_transfer,7922.85,False,normal
txn_0000068,U1002,2026-01-12 10:28:00,3205.66,web,B_U1002_11,False,peer_transfer,4906.58,False,normal
txn_0000069,U1002,2026-01-12 10:52:00,2490.0,mobile,B_U1002_9,False,groceries,4906.58,False,normal
txn_0000502,U1018,2026-01-12 10:52:00,1307.03,mobile,B_U1018_16,False,dining,1714.18,False,normal
txn_0002255,U1083,2026-01-12 10:55:00,3861.55,web,B_U1083_12,False,groceries,3626.19,False,normal
txn_0000204,U1007,2026-01-12 11:02:00,1442.74,mobile,B_U1007_8,False,electronics,3285.15,False,normal
txn_0000011,U1000,2026-01-12 11:07:00,1629.99,web,B_U1000_3,False,groceries,3431.57,False,normal
txn_0001602,U1059,2026-01-12 11:15:00,2923.98,mobile,B_U1059_1,False,electronics,2320.66,False,normal
txn_0000153,U1005,2026-01-12 11:32:00,2363.12,mobile,B_U1005_12,False,electronics,2618.11,False,normal
txn_0001229,U1045,2026-01-12 11:45:00,1672.98,mobile,B_U1045_18,False,travel,3817.05,False,normal
txn_0000530,U1019,2026-01-12 11:52:00,7004.31,web,B_U1019_6,False,dining,4323.75,False,normal
txn_0002638,U1098,2026-01-12 12:02:00,9628.64,mobile,B_U1098_10,False,electronics,7495.59,False,normal
txn_0000451,U1016,2026-01-12 12:03:00,2619.56,web,B_U1016_5,False,dining,2121.6,False,normal
txn_0002665,U1099,2026-01-12 12:14:00,6196.17,mobile,B_U1099_8,False,electronics,7588.88,False,normal
txn_0000824,U1030,2026-01-12 12:15:00,1641.66,web,B_U1030_97248,True,peer_transfer,2316.16,False,normal
txn_0002621,U1097,2026-01-12 12:24:00,2294.28,mobile,B_U1097_18,False,travel,1723.17,False,normal
txn_0001795,U1066,2026-01-12 12:30:00,2028.03,mobile,B_U1066_1,False,travel,2174.71,False,normal
txn_0001173,U1043,2026-01-12 12:33:00,7126.27,atm,B_U1043_2,False,travel,6061.22,False,normal
txn_0000470,U1017,2026-01-12 12:34:00,10040.72,mobile,B_U1017_3,False,travel,4706.98,False,normal
txn_0001849,U1068,2026-01-12 12:53:00,1067.84,atm,B_U1068_1,False,utilities,2999.9,False,normal
txn_0001556,U1057,2026-01-12 12:54:00,11894.18,mobile,B_U1057_12,False,travel,6319.59,False,normal
txn_0001822,U1067,2026-01-12 12:54:00,3193.08,web,B_U1067_15,False,utilities,2136.18,False,normal
txn_0001580,U1058,2026-01-12 13:18:00,3283.02,web,B_U1058_4,False,electronics,4002.51,False,normal
txn_0002172,U1080,2026-01-12 13:25:00,2507.11,mobile,B_U1080_10,False,electronics,2738.22,False,normal
txn_0000312,U1011,2026-01-12 13:31:00,14381.58,mobile,B_U1011_6,False,peer_transfer,9375.34,False,normal
txn_0000825,U1030,2026-01-12 13:31:00,2412.48,web,B_U1030_16,False,fuel,2316.16,False,normal
txn_0001230,U1045,2026-01-12 13:32:00,2957.13,mobile,B_U1045_17,False,travel,3817.05,False,normal
txn_0000878,U1032,2026-01-12 14:08:00,1472.62,mobile,B_U1032_1,False,electronics,1492.58,False,normal
txn_0000313,U1011,2026-01-12 14:22:00,18946.55,web,B_U1011_1,False,electronics,9375.34,False,normal
txn_0000879,U1032,2026-01-12 14:22:00,1010.02,mobile,B_U1032_10,False,travel,1492.58,False,normal
txn_0000421,U1015,2026-01-12 14:30:00,806.1,web,B_U1015_18,False,fuel,2999.76,False,normal
txn_0001041,U1038,2026-01-12 14:36:00,14453.68,web,B_U1038_13811,True,travel,9163.94,False,normal
txn_0002017,U1074,2026-01-12 14:38:00,11353.36,mobile,B_U1074_18,False,dining,2873.53,False,normal
txn_0002173,U1080,2026-01-12 14:41:00,5778.86,web,B_U1080_6,False,dining,2738.22,False,normal
txn_0002538,U1094,2026-01-12 14:41:00,4961.91,mobile,B_U1094_7,False,investment,2174.74,False,normal
txn_0001581,U1058,2026-01-12 14:50:00,4440.35,mobile,B_U1058_4,False,electronics,4002.51,False,normal
txn_0002097,U1077,2026-01-12 14:50:00,793.4,atm,B_U1077_13,False,groceries,1866.36,False,normal
txn_0001603,U1059,2026-01-12 15:11:00,4023.89,atm,B_U1059_1,False,travel,2320.66,False,normal
txn_0001604,U1059,2026-01-12 15:11:00,2338.44,web,B_U1059_15,False,electronics,2320.66,False,normal
txn_0000666,U1024,2026-01-12 15:12:00,3743.62,web,B_U1024_7,False,dining,3630.97,False,normal
txn_0002382,U1088,2026-01-12 15:19:00,1811.95,mobile,B_U1088_13,False,investment,1638.89,False,normal
txn_0002563,U1095,2026-01-12 15:19:00,6612.86,atm,B_U1095_14,False,peer_transfer,4619.02,False,normal
txn_0000850,U1031,2026-01-12 15:21:00,4145.91,web,B_U1031_13,False,utilities,3939.68,False,normal
txn_0002203,U1081,2026-01-12 15:48:00,2937.11,mobile,B_U1081_15,False,peer_transfer,4023.78,False,normal
txn_0002383,U1088,2026-01-12 16:11:00,1421.64,mobile,B_U1088_12,False,utilities,1638.89,False,normal
txn_0000012,U1000,2026-01-12 16:22:00,2944.45,web,B_U1000_21379,True,travel,3431.57,False,normal
txn_0000633,U1023,2026-01-12 16:23:00,5806.15,web,B_U1023_4,False,investment,3158.77,False,normal
txn_0000989,U1036,2026-01-12 16:27:00,1087.96,web,B_U1036_4,False,dining,1129.15,False,normal
txn_0002639,U1098,2026-01-12 16:44:00,6301.28,web,B_U1098_8,False,electronics,7495.59,False,normal
txn_0001422,U1052,2026-01-12 16:45:00,2723.05,mobile,B_U1052_6,False,electronics,1695.82,False,normal
txn_0001823,U1067,2026-01-12 16:45:00,3951.65,mobile,B_U1067_13,False,electronics,2136.18,False,normal
txn_0002902,U1108,2026-01-12 16:45:00,2732.2,web,B_U1108_10,False,peer_transfer,3438.35,False,normal
txn_0000990,U1036,2026-01-12 16:51:00,782.37,atm,B_U1036_14,False,travel,1129.15,False,normal
txn_0000991,U1036,2026-01-12 16:53:00,1199.78,web,B_U1036_13,False,utilities,1129.15,False,normal
txn_0002666,U1099,2026-01-12 17:02:00,11415.61,web,B_U1099_17,False,utilities,7588.88,False,normal
txn_0000585,U1021,2026-01-12 17:13:00,2432.73,mobile,B_U1021_12,False,dining,2094.79,False,normal
txn_0002068,U1076,2026-01-12 17:16:00,20582.45,web,B_U1076_4,False,investment,4907.7,False,normal
txn_0002352,U1087,2026-01-12 17:45:00,801.57,mobile,B_U1087_14,False,peer_transfer,1419.15,False,normal
txn_0000178,U1006,2026-01-12 17:47:00,1298.35,mobile,B_U1006_2,False,peer_transfer,2287.03,False,normal
txn_0001718,U1063,2026-01-12 17:53:00,8642.61,mobile,B_U1063_17,False,travel,10220.13,False,normal
txn_0000422,U1015,2026-01-12 18:01:00,4460.7,mobile,B_U1015_14,False,electronics,2999.76,False,normal
txn_0002227,U1082,2026-01-12 18:07:00,3431.2,web,B_U1082_11,False,dining,4569.76,False,normal
txn_0001446,U1053,2026-01-12 18:16:00,2130.75,mobile,B_U1053_5,False,peer_transfer,3360.77,False,normal
txn_0002517,U1093,2026-01-12 18:21:00,4105.55,web,B_U1093_4,False,electronics,3053.67,False,normal
txn_0002667,U1099,2026-01-12 18:21:00,6154.3,web,B_U1099_8,False,fuel,7588.88,False,normal
txn_0002518,U1093,2026-01-12 18:23:00,3026.74,mobile,B_U1093_7,False,investment,3053.67,False,normal
txn_0001141,U1042,2026-01-12 18:31:00,2209.83,web,B_U1042_17,False,peer_transfer,4610.29,False,normal
txn_0000070,U1002,2026-01-12 18:34:00,4612.36,mobile,B_U1002_6,False,travel,4906.58,False,normal
txn_0000071,U1002,2026-01-12 18:42:00,5455.13,mobile,B_U1002_17,False,investment,4906.58,False,normal
txn_0002924,U1109,2026-01-12 19:08:00,9104.6,mobile,B_U1109_13,False,groceries,5925.56,False,normal
txn_0000740,U1027,2026-01-12 19:15:00,9381.56,mobile,B_U1027_5,False,utilities,2802.86,False,normal
txn_0002539,U1094,2026-01-12 19:36:00,1202.81,mobile,B_U1094_17,False,fuel,2174.74,False,normal
txn_0002960,U1110,2026-01-12 19:55:00,4070.71,web,B_U1110_16,False,groceries,2501.88,False,normal
txn_0000826,U1030,2026-01-12 20:07:00,1366.33,mobile,B_U1030_17,False,dining,2316.16,False,normal
txn_0000338,U1012,2026-01-12 20:11:00,1565.77,mobile,B_U1012_61049,True,groceries,2152.49,False,normal
txn_0000339,U1012,2026-01-12 20:16:00,2130.07,mobile,B_U1012_13,False,travel,2152.49,False,normal
txn_0001095,U1040,2026-01-12 20:21:00,1531.54,mobile,B_U1040_7,False,peer_transfer,3480.98,False,normal
txn_0000992,U1036,2026-01-12 20:40:00,1458.1,web,B_U1036_17,False,electronics,1129.15,False,normal
txn_0002925,U1109,2026-01-12 21:00:00,7878.1,web,B_U1109_10,False,peer_transfer,5925.56,False,normal
txn_0002279,U1084,2026-01-12 21:05:00,1298.95,mobile,B_U1084_16,False,electronics,1662.97,False,normal
txn_0001962,U1072,2026-01-12 21:11:00,2901.6,mobile,B_U1072_94318,True,utilities,5461.96,False,normal
txn_0003132,U1117,2026-01-12 21:16:00,6539.15,web,B_U1117_9,False,investment,3396.23,False,normal
txn_0000851,U1031,2026-01-12 21:34:00,3477.45,mobile,B_U1031_8,False,fuel,3939.68,False,normal
txn_0002174,U1080,2026-01-12 21:44:00,7442.76,atm,B_U1080_9,False,utilities,2738.22,False,normal
txn_0000179,U1006,2026-01-12 21:56:00,1402.08,mobile,B_U1006_14,False,investment,2287.03,False,normal
txn_0002586,U1096,2026-01-12 21:58:00,7403.84,atm,B_U1096_1,False,electronics,4725.77,False,normal
txn_0003003,U1112,2026-01-12 21:59:00,2291.54,mobile,B_U1112_12,False,fuel,5205.26,False,normal
txn_0001638,U1060,2026-01-12 22:09:00,2379.71,mobile,B_U1060_12,False,utilities,2200.45,False,normal
txn_0000799,U1029,2026-01-12 22:12:00,3507.32,mobile,B_U1029_1,False,electronics,2499.66,False,normal
txn_0001719,U1063,2026-01-12 22:27:00,4359.93,mobile,B_U1063_3,False,dining,10220.13,False,normal
txn_0001743,U1064,2026-01-12 22:28:00,9066.46,mobile,B_U1064_6,False,dining,7922.85,False,normal
txn_0003061,U1114,2026-01-12 22:47:00,2218.94,web,B_U1114_6,False,utilities,2369.62,False,normal
txn_0000452,U1016,2026-01-12 23:04:00,1845.99,mobile,B_U1016_10,False,dining,2121.6,False,normal
txn_0002353,U1087,2026-01-12 23:11:00,982.81,atm,B_U1087_27300,True,dining,1419.15,False,normal
txn_0002775,U1103,2026-01-12 23:19:00,3124.29,mobile,B_U1103_5,False,peer_transfer,3356.29,False,normal
txn_0000340,U1012,2026-01-12 23:23:00,722.05,mobile,B_U1012_2,False,travel,2152.49,False,normal
txn_0001909,U1070,2026-01-12 23:26:00,8184.03,mobile,B_U1070_16,False,fuel,4224.9,False,normal
txn_0003190,U1119,2026-01-12 23:26:00,4165.56,mobile,B_U1119_2,False,investment,2176.44,False,normal
txn_0003062,U1114,2026-01-12 23:27:00,2281.08,mobile,B_U1114_16,False,groceries,2369.62,False,normal
txn_0002042,U1075,2026-01-12 23:30:00,1934.9,mobile,B_U1075_9,False,travel,3596.75,False,normal
txn_0000471,U1017,2026-01-12 23:37:00,2735.04,web,B_U1017_1,False,peer_transfer,4706.98,False,normal
txn_0003133,U1117,2026-01-12 23:44:00,3920.24,mobile,B_U1117_16,False,dining,3396.23,False,normal
txn_0001203,U1044,2026-01-12 23:45:00,7731.49,mobile,B_U1044_15,False,utilities,6443.21,False,normal
txn_0001231,U1045,2026-01-12 23:45:00,1569.49,mobile,B_U1045_58625,True,electronics,3817.05,False,normal
txn_0003063,U1114,2026-01-12 23:53:00,1588.92,web,B_U1114_8,False,groceries,2369.62,False,normal
txn_0001387,U1051,2026-01-12 23:59:00,1124.05,mobile,B_U1051_9,False,travel,1990.06,False,normal
txn_0002121,U1078,2026-01-13 00:11:00,2404.64,mobile,B_U1078_67576,True,peer_transfer,6944.14,False,normal
txn_0000800,U1029,2026-01-13 00:15:00,1451.49,web,B_U1029_18,False,fuel,2499.66,False,normal
txn_0001096,U1040,2026-01-13 00:19:00,3330.74,mobile,B_U1040_18,False,peer_transfer,3480.98,False,normal
txn_0000852,U1031,2026-01-13 00:50:00,2751.7,mobile,B_U1031_98141,True,investment,3939.68,False,normal
txn_0001910,U1070,2026-01-13 01:01:00,1083.71,web,B_U1070_14,False,investment,4224.9,False,normal
txn_0000260,U1009,2026-01-13 01:16:00,1121.26,mobile,B_U1009_2,False,fuel,1573.47,False,normal
txn_0001850,U1068,2026-01-13 01:25:00,4458.65,web,B_U1068_10,False,peer_transfer,2999.9,False,normal
txn_0002354,U1087,2026-01-13 01:25:00,2831.68,web,B_U1087_7,False,travel,1419.15,False,normal
txn_0000472,U1017,2026-01-13 01:32:00,6962.04,mobile,B_U1017_12,False,travel,4706.98,False,normal
txn_0002464,U1091,2026-01-13 02:08:00,1293.04,mobile,B_U1091_8,False,travel,1905.36,False,normal
txn_0001876,U1069,2026-01-13 02:14:00,12828.88,web,B_U1069_15,False,investment,5981.69,False,normal
txn_0002903,U1108,2026-01-13 02:20:00,3192.22,atm,B_U1108_98627,True,fuel,3438.35,False,normal
txn_0000205,U1007,2026-01-13 02:32:00,2826.36,web,B_U1007_10,False,electronics,3285.15,False,normal
txn_0000531,U1019,2026-01-13 02:41:00,3584.48,web,B_U1019_12,False,electronics,4323.75,False,normal
txn_0002744,U1102,2026-01-13 03:02:00,4336.22,atm,B_U1102_12,False,groceries,4673.84,False,normal
txn_0002801,U1104,2026-01-13 03:03:00,484.93,mobile,B_U1104_9,False,electronics,1958.45,False,normal
txn_0002043,U1075,2026-01-13 03:05:00,5905.2,mobile,B_U1075_9,False,investment,3596.75,False,normal
txn_0000634,U1023,2026-01-13 03:25:00,2758.61,mobile,B_U1023_14,False,dining,3158.77,False,normal
txn_0000610,U1022,2026-01-13 03:26:00,3995.4,web,B_U1022_7,False,peer_transfer,4140.87,False,normal
txn_0001174,U1043,2026-01-13 03:37:00,8890.77,web,B_U1043_16,False,fuel,6061.22,False,normal
txn_0002640,U1098,2026-01-13 03:48:00,2259.08,mobile,B_U1098_6,False,groceries,7495.59,False,normal
txn_0001528,U1056,2026-01-13 04:08:00,5505.76,web,B_U1056_1,False,peer_transfer,4117.9,False,normal
txn_0002280,U1084,2026-01-13 04:25:00,1125.44,web,B_U1084_5,False,utilities,1662.97,False,normal
txn_0002641,U1098,2026-01-13 04:38:00,7857.31,mobile,B_U1098_2,False,travel,7495.59,False,normal
txn_0000013,U1000,2026-01-13 04:55:00,2049.2,mobile,B_U1000_13,False,fuel,3431.57,False,normal
txn_0002745,U1102,2026-01-13 05:06:00,7520.49,mobile,B_U1102_11,False,investment,4673.84,False,normal
txn_0000453,U1016,2026-01-13 05:10:00,897.51,mobile,B_U1016_9,False,utilities,2121.6,False,normal
txn_0002668,U1099,2026-01-13 05:42:00,6654.96,mobile,B_U1099_9,False,fuel,7588.88,False,normal
txn_0001175,U1043,2026-01-13 05:44:00,4590.61,atm,B_U1043_15107,True,peer_transfer,6061.22,False,normal
txn_0003084,U1115,2026-01-13 06:07:00,3062.7,mobile,B_U1115_1,False,electronics,1701.41,False,normal
txn_0000719,U1026,2026-01-13 06:15:00,2597.3,web,B_U1026_11,False,dining,2270.01,False,normal
txn_0002407,U1089,2026-01-13 06:15:00,4678.53,web,B_U1089_1,False,groceries,9995.49,False,normal
txn_0002587,U1096,2026-01-13 06:15:00,14494.71,mobile,B_U1096_13,False,investment,4725.77,False,normal
txn_0001142,U1042,2026-01-13 06:34:00,2748.96,mobile,B_U1042_11,False,fuel,4610.29,False,normal
txn_0002435,U1090,2026-01-13 06:43:00,8262.47,mobile,B_U1090_8,False,utilities,3957.38,False,normal
txn_0001851,U1068,2026-01-13 07:00:00,4780.7,mobile,B_U1068_3,False,utilities,2999.9,False,normal
txn_0000014,U1000,2026-01-13 07:03:00,3224.91,mobile,B_U1000_12,False,electronics,3431.57,False,normal
txn_0001935,U1071,2026-01-13 07:05:00,6552.72,web,B_U1071_16,False,utilities,4084.71,False,normal
txn_0002850,U1106,2026-01-13 07:05:00,3137.12,web,B_U1106_6,False,peer_transfer,3670.02,False,normal
txn_0002622,U1097,2026-01-13 07:09:00,634.93,mobile,B_U1097_9,False,fuel,1723.17,False,normal
txn_0001068,U1039,2026-01-13 07:10:00,1026.27,mobile,B_U1039_12,False,peer_transfer,1555.7,False,normal
txn_0002355,U1087,2026-01-13 07:21:00,704.82,mobile,B_U1087_11,False,fuel,1419.15,False,normal
txn_0000261,U1009,2026-01-13 07:49:00,3743.99,mobile,B_U1009_2,False,peer_transfer,1573.47,False,normal
txn_0002204,U1081,2026-01-13 08:22:00,3374.85,web,B_U1081_9,False,travel,4023.78,False,normal
txn_0001852,U1068,2026-01-13 08:40:00,3950.0,mobile,B_U1068_5,False,utilities,2999.9,False,normal
txn_0000853,U1031,2026-01-13 08:53:00,3399.89,web,B_U1031_1,False,travel,3939.68,False,normal
txn_0002256,U1083,2026-01-13 08:58:00,4070.82,mobile,B_U1083_11,False,travel,3626.19,False,normal
txn_0001042,U1038,2026-01-13 09:06:00,5820.04,mobile,B_U1038_8,False,peer_transfer,9163.94,False,normal
txn_0002175,U1080,2026-01-13 09:07:00,2430.51,mobile,B_U1080_8,False,groceries,2738.22,False,normal
txn_0002564,U1095,2026-01-13 09:10:00,4267.52,mobile,B_U1095_7,False,fuel,4619.02,False,normal
txn_0000423,U1015,2026-01-13 09:12:00,2777.53,mobile,B_U1015_7,False,groceries,2999.76,False,normal
txn_0001120,U1041,2026-01-13 09:20:00,7516.85,mobile,B_U1041_5,False,fuel,3955.76,False,normal
txn_0000341,U1012,2026-01-13 09:41:00,1751.44,mobile,B_U1012_16,False,utilities,2152.49,False,normal
txn_0001342,U1049,2026-01-13 09:58:00,1858.23,mobile,B_U1049_8,False,electronics,1500.95,False,normal
txn_0001639,U1060,2026-01-13 09:58:00,604.4,web,B_U1060_5,False,investment,2200.45,False,normal
txn_0002304,U1085,2026-01-13 10:04:00,2102.91,mobile,B_U1085_8,False,electronics,1952.44,False,normal
txn_0001069,U1039,2026-01-13 10:06:00,1548.67,mobile,B_U1039_15,False,investment,1555.7,False,normal
txn_0003134,U1117,2026-01-13 10:14:00,5766.39,mobile,B_U1117_18,False,peer_transfer,3396.23,False,normal
txn_0000262,U1009,2026-01-13 10:19:00,1213.23,web,B_U1009_10,False,dining,1573.47,False,normal
txn_0000635,U1023,2026-01-13 10:36:00,2194.85,atm,B_U1023_13,False,dining,3158.77,False,normal
txn_0003113,U1116,2026-01-13 10:36:00,7992.18,mobile,B_U1116_18,False,groceries,5060.46,False,normal
txn_0002305,U1085,2026-01-13 10:37:00,1655.19,mobile,B_U1085_3,False,dining,1952.44,False,normal
txn_0002904,U1108,2026-01-13 11:05:00,3315.38,atm,B_U1108_13,False,fuel,3438.35,False,normal
txn_0002877,U1107,2026-01-13 11:22:00,1938.52,mobile,B_U1107_18,False,groceries,2290.51,False,normal
txn_0002878,U1107,2026-01-13 11:47:00,5278.17,mobile,B_U1107_13,False,dining,2290.51,False,normal
txn_0002069,U1076,2026-01-13 12:05:00,3622.27,mobile,B_U1076_2,False,travel,4907.7,False,normal
txn_0002018,U1074,2026-01-13 12:07:00,5168.53,mobile,B_U1074_8,False,investment,2873.53,False,normal
txn_0002961,U1110,2026-01-13 12:27:00,1928.64,web,B_U1110_7,False,utilities,2501.88,False,normal
txn_0002384,U1088,2026-01-13 12:32:00,1598.12,mobile,B_U1088_1,False,travel,1638.89,False,normal
txn_0002642,U1098,2026-01-13 12:32:00,7945.2,mobile,B_U1098_11,False,groceries,7495.59,False,normal
txn_0000284,U1010,2026-01-13 12:44:00,4534.41,mobile,B_U1010_16,False,groceries,4545.51,False,normal
txn_0000314,U1011,2026-01-13 13:16:00,15852.57,mobile,B_U1011_3,False,utilities,9375.34,False,normal
txn_0000503,U1018,2026-01-13 13:16:00,1112.31,web,B_U1018_3,False,electronics,1714.18,False,normal
txn_0001853,U1068,2026-01-13 13:16:00,4044.46,mobile,B_U1068_12522,True,investment,2999.9,False,normal
txn_0001176,U1043,2026-01-13 13:18:00,2699.13,mobile,B_U1043_4,False,utilities,6061.22,False,normal
txn_0002306,U1085,2026-01-13 13:28:00,4444.67,web,B_U1085_10,False,fuel,1952.44,False,normal
txn_0001388,U1051,2026-01-13 13:30:00,1249.66,mobile,B_U1051_10,False,groceries,1990.06,False,normal
txn_0002519,U1093,2026-01-13 13:34:00,3284.72,web,B_U1093_3,False,peer_transfer,3053.67,False,normal
txn_0002098,U1077,2026-01-13 13:38:00,1412.44,web,B_U1077_6,False,utilities,1866.36,False,normal
txn_0001986,U1073,2026-01-13 13:46:00,5986.49,mobile,B_U1073_6,False,groceries,3306.92,False,normal
txn_0000932,U1034,2026-01-13 13:52:00,5834.5,mobile,B_U1034_29292,True,peer_transfer,3918.7,False,normal
txn_0003191,U1119,2026-01-13 13:52:00,2656.92,mobile,B_U1119_73395,True,investment,2176.44,False,normal
txn_0002962,U1110,2026-01-13 14:05:00,4842.01,mobile,B_U1110_6,False,electronics,2501.88,False,normal
txn_0000880,U1032,2026-01-13 14:06:00,2111.77,mobile,B_U1032_15,False,utilities,1492.58,False,normal
txn_0002176,U1080,2026-01-13 14:18:00,924.77,mobile,B_U1080_9,False,travel,2738.22,False,normal
txn_0001877,U1069,2026-01-13 14:36:00,10037.14,mobile,B_U1069_17,False,dining,5981.69,False,normal
txn_0001688,U1062,2026-01-13 14:40:00,3773.44,web,B_U1062_3,False,travel,5313.72,False,normal
txn_0000342,U1012,2026-01-13 14:54:00,2938.93,mobile,B_U1012_3,False,fuel,2152.49,False,normal
txn_0001290,U1047,2026-01-13 14:58:00,2265.77,mobile,B_U1047_15,False,utilities,2870.56,False,normal
txn_0001772,U1065,2026-01-13 15:31:00,2589.22,web,B_U1065_10,False,utilities,2907.56,False,normal
txn_0000586,U1021,2026-01-13 15:38:00,1915.97,mobile,B_U1021_1,False,travel,2094.79,False,normal
txn_0001070,U1039,2026-01-13 15:47:00,1818.97,mobile,B_U1039_3,False,utilities,1555.7,False,normal
txn_0002436,U1090,2026-01-13 16:26:00,5005.85,web,B_U1090_14,False,groceries,3957.38,False,normal
txn_0002746,U1102,2026-01-13 16:54:00,3828.85,mobile,B_U1102_17,False,travel,4673.84,False,normal
txn_0002307,U1085,2026-01-13 17:04:00,1045.5,mobile,B_U1085_8,False,dining,1952.44,False,normal
txn_0000263,U1009,2026-01-13 17:24:00,1947.21,mobile,B_U1009_5,False,groceries,1573.47,False,normal
txn_0000371,U1013,2026-01-13 17:29:00,18219.52,mobile,B_U1013_1,False,investment,4381.55,False,normal
txn_0000933,U1034,2026-01-13 17:34:00,2066.36,web,B_U1034_1,False,fuel,3918.7,False,normal
txn_0000015,U1000,2026-01-13 17:35:00,4506.62,mobile,B_U1000_10,False,utilities,3431.57,False,normal
txn_0001936,U1071,2026-01-13 18:06:00,6377.73,mobile,B_U1071_13,False,fuel,4084.71,False,normal
txn_0000587,U1021,2026-01-13 18:18:00,1994.55,web,B_U1021_13,False,utilities,2094.79,False,normal
txn_0001963,U1072,2026-01-13 18:21:00,3986.21,web,B_U1072_7,False,peer_transfer,5461.96,False,normal
txn_0001987,U1073,2026-01-13 19:09:00,3331.25,mobile,B_U1073_45485,True,electronics,3306.92,False,normal
txn_0002122,U1078,2026-01-13 19:20:00,7159.38,mobile,B_U1078_9,False,dining,6944.14,False,normal
txn_0001423,U1052,2026-01-13 19:26:00,3081.63,atm,B_U1052_9,False,fuel,1695.82,False,normal
txn_0000720,U1026,2026-01-13 19:43:00,3578.7,web,B_U1026_1,False,groceries,2270.01,False,normal
txn_0001744,U1064,2026-01-13 19:44:00,8616.22,mobile,B_U1064_3,False,investment,7922.85,False,normal
txn_0000394,U1014,2026-01-13 19:48:00,14802.52,mobile,B_U1014_4,False,investment,5753.35,False,normal
txn_0002177,U1080,2026-01-13 19:51:00,2209.64,web,B_U1080_8,False,peer_transfer,2738.22,False,normal
txn_0002540,U1094,2026-01-13 20:16:00,1415.02,mobile,B_U1094_8,False,utilities,2174.74,False,normal
txn_0000016,U1000,2026-01-13 21:09:00,3250.27,web,B_U1000_8,False,electronics,3431.57,False,normal
txn_0002588,U1096,2026-01-13 21:27:00,4253.44,web,B_U1096_10,False,fuel,4725.77,False,normal
txn_0000741,U1027,2026-01-13 21:30:00,2178.46,mobile,B_U1027_8,False,utilities,2802.86,False,normal
txn_0000776,U1028,2026-01-13 21:38:00,6013.01,web,B_U1028_15,False,travel,4440.68,False,normal
txn_0000777,U1028,2026-01-13 21:49:00,5537.89,atm,B_U1028_9,False,investment,4440.68,False,normal
txn_0001364,U1050,2026-01-13 21:57:00,9796.16,web,B_U1050_17,False,peer_transfer,3695.41,False,normal
txn_0001582,U1058,2026-01-13 22:00:00,4749.86,web,B_U1058_5,False,fuel,4002.51,False,normal
txn_0000689,U1025,2026-01-13 22:06:00,1960.55,web,B_U1025_16,False,dining,2077.08,False,normal
txn_0001071,U1039,2026-01-13 22:42:00,654.22,atm,B_U1039_8,False,utilities,1555.7,False,normal
txn_0002926,U1109,2026-01-13 23:04:00,7480.85,mobile,B_U1109_13,False,dining,5925.56,False,normal
txn_0001474,U1054,2026-01-13 23:08:00,10648.09,mobile,B_U1054_6,False,investment,2347.07,False,normal
txn_0002776,U1103,2026-01-13 23:08:00,2500.24,web,B_U1103_70984,True,electronics,3356.29,False,normal
txn_0002486,U1092,2026-01-13 23:12:00,3276.15,atm,B_U1092_3,False,investment,2917.77,False,normal
txn_0000040,U1001,2026-01-13 23:15:00,2165.76,mobile,B_U1001_11,False,dining,2959.57,False,normal
txn_0001773,U1065,2026-01-13 23:18:00,2087.53,web,B_U1065_16,False,groceries,2907.56,False,normal
txn_0002927,U1109,2026-01-13 23:18:00,9831.61,mobile,B_U1109_13,False,fuel,5925.56,False,normal
txn_0000827,U1030,2026-01-13 23:23:00,2058.4,mobile,B_U1030_3,False,utilities,2316.16,False,normal
txn_0000236,U1008,2026-01-13 23:41:00,3463.22,mobile,B_U1008_12,False,groceries,3573.17,False,normal
txn_0003004,U1112,2026-01-13 23:43:00,3994.73,web,B_U1112_17,False,investment,5205.26,False,normal
txn_0000395,U1014,2026-01-13 23:49:00,5452.0,mobile,B_U1014_12,False,fuel,5753.35,False,normal
txn_0001257,U1046,2026-01-14 00:07:00,3709.45,web,B_U1046_12,False,groceries,2217.91,False,normal
txn_0000396,U1014,2026-01-14 00:37:00,4894.57,mobile,B_U1014_74040,True,utilities,5753.35,False,normal
txn_0001499,U1055,2026-01-14 00:43:00,3670.65,mobile,B_U1055_14,False,utilities,2454.82,False,normal
txn_0001583,U1058,2026-01-14 00:51:00,2919.38,mobile,B_U1058_9,False,groceries,4002.51,False,normal
txn_0002669,U1099,2026-01-14 00:56:00,8805.78,mobile,B_U1099_10,False,fuel,7588.88,False,normal
txn_0001314,U1048,2026-01-14 01:09:00,1308.09,atm,B_U1048_65476,True,fuel,2557.77,False,normal
txn_0002144,U1079,2026-01-14 01:12:00,3130.23,mobile,B_U1079_12,False,utilities,1934.95,False,normal
txn_0002821,U1105,2026-01-14 01:26:00,6561.09,mobile,B_U1105_4,False,investment,5101.93,False,normal
txn_0002851,U1106,2026-01-14 01:45:00,5053.47,mobile,B_U1106_9,False,investment,3670.02,False,normal
txn_0001291,U1047,2026-01-14 01:51:00,4257.91,web,B_U1047_15,False,peer_transfer,2870.56,False,normal
txn_0001605,U1059,2026-01-14 01:58:00,2721.58,atm,B_U1059_5,False,travel,2320.66,False,normal
txn_0001447,U1053,2026-01-14 02:05:00,6230.19,web,B_U1053_70687,True,investment,3360.77,False,normal
txn_0000854,U1031,2026-01-14 02:10:00,4178.98,atm,B_U1031_10,False,travel,3939.68,False,normal
txn_0003192,U1119,2026-01-14 02:22:00,1157.69,web,B_U1119_2,False,groceries,2176.44,False,normal
txn_0000237,U1008,2026-01-14 02:27:00,4497.0,mobile,B_U1008_99436,True,electronics,3573.17,False,normal
txn_0000532,U1019,2026-01-14 02:35:00,2141.78,atm,B_U1019_13,False,groceries,4323.75,False,normal
txn_0001121,U1041,2026-01-14 03:00:00,2920.4,mobile,B_U1041_12,False,electronics,3955.76,False,normal
txn_0001988,U1073,2026-01-14 03:13:00,3612.05,mobile,B_U1073_18,False,dining,3306.92,False,normal
txn_0001640,U1060,2026-01-14 03:26:00,1626.37,mobile,B_U1060_65495,True,utilities,2200.45,False,normal
txn_0001043,U1038,2026-01-14 04:33:00,8595.11,atm,B_U1038_2,False,dining,9163.94,False,normal
txn_0002356,U1087,2026-01-14 04:37:00,1122.6,web,B_U1087_3,False,utilities,1419.15,False,normal
txn_0003193,U1119,2026-01-14 04:39:00,2999.8,atm,B_U1119_10,False,peer_transfer,2176.44,False,normal
txn_0001796,U1066,2026-01-14 04:54:00,2074.51,mobile,B_U1066_4,False,utilities,2174.71,False,normal
txn_0002802,U1104,2026-01-14 05:11:00,1795.25,mobile,B_U1104_1,False,fuel,1958.45,False,normal
txn_0002928,U1109,2026-01-14 05:47:00,6070.17,web,B_U1109_2,False,utilities,5925.56,False,normal
txn_0000072,U1002,2026-01-14 06:03:00,2825.12,mobile,B_U1002_2,False,utilities,4906.58,False,normal
txn_0002777,U1103,2026-01-14 06:21:00,1570.79,mobile,B_U1103_5,False,electronics,3356.29,False,normal
txn_0000934,U1034,2026-01-14 06:24:00,5125.82,mobile,B_U1034_2,False,utilities,3918.7,False,normal
txn_0001448,U1053,2026-01-14 06:29:00,7147.29,mobile,B_U1053_82422,True,fuel,3360.77,False,normal
txn_0001878,U1069,2026-01-14 06:48:00,11163.76,web,B_U1069_2,False,utilities,5981.69,False,normal
txn_0001641,U1060,2026-01-14 07:09:00,2056.59,mobile,B_U1060_1,False,dining,2200.45,False,normal
txn_0001879,U1069,2026-01-14 07:33:00,3601.15,mobile,B_U1069_14,False,electronics,5981.69,False,normal
txn_0000993,U1036,2026-01-14 07:53:00,1612.66,web,B_U1036_14,False,investment,1129.15,False,normal
txn_0003114,U1116,2026-01-14 07:57:00,3304.84,mobile,B_U1116_1,False,groceries,5060.46,False,normal
txn_0000828,U1030,2026-01-14 08:20:00,2290.87,mobile,B_U1030_9,False,investment,2316.16,False,normal
txn_0000154,U1005,2026-01-14 08:34:00,2484.18,mobile,B_U1005_3,False,dining,2618.11,False,normal
txn_0001584,U1058,2026-01-14 08:39:00,4717.89,mobile,B_U1058_1,False,utilities,4002.51,False,normal
txn_0002145,U1079,2026-01-14 08:41:00,1923.79,mobile,B_U1079_22502,True,dining,1934.95,False,normal
txn_0001097,U1040,2026-01-14 08:43:00,4622.53,mobile,B_U1040_16,False,utilities,3480.98,False,normal
txn_0000721,U1026,2026-01-14 08:47:00,860.04,mobile,B_U1026_2,False,peer_transfer,2270.01,False,normal
txn_0002385,U1088,2026-01-14 09:02:00,864.65,web,B_U1088_13,False,dining,1638.89,False,normal
txn_0000636,U1023,2026-01-14 09:10:00,5028.51,mobile,B_U1023_17,False,travel,3158.77,False,normal
txn_0002699,U1100,2026-01-14 09:16:00,3077.8,mobile,B_U1100_1,False,groceries,3364.39,False,normal
txn_0001585,U1058,2026-01-14 09:17:00,3344.21,mobile,B_U1058_3,False,groceries,4002.51,False,normal
txn_0002541,U1094,2026-01-14 09:25:00,1371.83,mobile,B_U1094_1,False,travel,2174.74,False,normal
txn_0000637,U1023,2026-01-14 09:40:00,6789.97,atm,B_U1023_87855,True,investment,3158.77,False,normal
txn_0002929,U1109,2026-01-14 09:47:00,5193.82,mobile,B_U1109_90098,True,utilities,5925.56,False,normal
txn_0002982,U1111,2026-01-14 10:04:00,3803.3,atm,B_U1111_16,False,travel,3287.89,False,normal
txn_0000315,U1011,2026-01-14 10:16:00,7414.44,web,B_U1011_15,False,groceries,9375.34,False,normal
txn_0002700,U1100,2026-01-14 10:19:00,3244.9,web,B_U1100_17,False,travel,3364.39,False,normal
txn_0002408,U1089,2026-01-14 10:42:00,6898.64,mobile,B_U1089_1,False,peer_transfer,9995.49,False,normal
txn_0002487,U1092,2026-01-14 10:45:00,4508.8,mobile,B_U1092_4,False,groceries,2917.77,False,normal
txn_0003163,U1118,2026-01-14 10:59:00,4251.61,mobile,B_U1118_9,False,investment,3428.82,False,normal
txn_0003064,U1114,2026-01-14 11:09:00,1814.78,mobile,B_U1114_12,False,investment,2369.62,False,normal
txn_0002123,U1078,2026-01-14 11:28:00,5025.27,mobile,B_U1078_13,False,groceries,6944.14,False,normal
txn_0001797,U1066,2026-01-14 11:41:00,3100.84,web,B_U1066_14,False,electronics,2174.71,False,normal
txn_0000855,U1031,2026-01-14 11:44:00,2146.99,mobile,B_U1031_18,False,groceries,3939.68,False,normal
txn_0001177,U1043,2026-01-14 12:01:00,3437.79,web,B_U1043_13,False,travel,6061.22,False,normal
txn_0001824,U1067,2026-01-14 12:03:00,1022.49,mobile,B_U1067_1,False,travel,2136.18,False,normal
txn_0002019,U1074,2026-01-14 12:19:00,2105.36,web,B_U1074_3,False,dining,2873.53,False,normal
txn_0001989,U1073,2026-01-14 12:21:00,4678.8,web,B_U1073_16,False,peer_transfer,3306.92,False,normal
txn_0001586,U1058,2026-01-14 12:41:00,6026.13,mobile,B_U1058_18,False,dining,4002.51,False,normal
txn_0002822,U1105,2026-01-14 12:42:00,3427.27,mobile,B_U1105_5,False,utilities,5101.93,False,normal
txn_0002488,U1092,2026-01-14 12:43:00,8591.94,mobile,B_U1092_9,False,electronics,2917.77,False,normal
txn_0001178,U1043,2026-01-14 12:44:00,5624.37,mobile,B_U1043_3,False,peer_transfer,6061.22,False,normal
txn_0002124,U1078,2026-01-14 12:44:00,5149.33,mobile,B_U1078_4,False,peer_transfer,6944.14,False,normal
txn_0000124,U1004,2026-01-14 12:52:00,1424.97,web,B_U1004_17,False,dining,2852.1,False,normal
txn_0002205,U1081,2026-01-14 12:55:00,3343.36,web,B_U1081_11,False,travel,4023.78,False,normal
txn_0001990,U1073,2026-01-14 13:01:00,4659.81,mobile,B_U1073_13,False,investment,3306.92,False,normal
txn_0001825,U1067,2026-01-14 13:13:00,684.17,web,B_U1067_18,False,electronics,2136.18,False,normal
txn_0001557,U1057,2026-01-14 13:15:00,6301.48,mobile,B_U1057_12,False,utilities,6319.59,False,normal
txn_0001774,U1065,2026-01-14 13:44:00,4296.72,web,B_U1065_8,False,groceries,2907.56,False,normal
txn_0002146,U1079,2026-01-14 13:56:00,1486.95,mobile,B_U1079_6,False,travel,1934.95,False,normal
txn_0001179,U1043,2026-01-14 13:57:00,4453.48,mobile,B_U1043_14,False,fuel,6061.22,False,normal
txn_0000722,U1026,2026-01-14 14:44:00,2091.24,mobile,B_U1026_10,False,groceries,2270.01,False,normal
txn_0002125,U1078,2026-01-14 15:00:00,7300.65,atm,B_U1078_6,False,peer_transfer,6944.14,False,normal
txn_0000125,U1004,2026-01-14 15:35:00,3019.46,web,B_U1004_16,False,travel,2852.1,False,normal
txn_0001745,U1064,2026-01-14 15:40:00,10532.92,mobile,B_U1064_14,False,dining,7922.85,False,normal
txn_0002701,U1100,2026-01-14 15:50:00,5072.34,web,B_U1100_17,False,fuel,3364.39,False,normal
txn_0001642,U1060,2026-01-14 15:52:00,2793.78,web,B_U1060_3,False,utilities,2200.45,False,normal
txn_0001798,U1066,2026-01-14 15:58:00,2437.69,mobile,B_U1066_17,False,dining,2174.71,False,normal
txn_0000690,U1025,2026-01-14 16:05:00,1199.63,mobile,B_U1025_1,False,dining,2077.08,False,normal
txn_0003005,U1112,2026-01-14 16:07:00,3184.69,mobile,B_U1112_18,False,peer_transfer,5205.26,False,normal
txn_0001424,U1052,2026-01-14 16:18:00,1815.46,mobile,B_U1052_16,False,travel,1695.82,False,normal
txn_0001606,U1059,2026-01-14 16:54:00,1608.38,web,B_U1059_18,False,investment,2320.66,False,normal
txn_0002126,U1078,2026-01-14 16:55:00,7356.49,web,B_U1078_16,False,fuel,6944.14,False,normal
txn_0001746,U1064,2026-01-14 17:03:00,6341.2,mobile,B_U1064_3,False,utilities,7922.85,False,normal
txn_0002879,U1107,2026-01-14 17:10:00,1529.13,web,B_U1107_13,False,travel,2290.51,False,normal
txn_0001689,U1062,2026-01-14 17:23:00,7155.89,mobile,B_U1062_8,False,electronics,5313.72,False,normal
txn_0002778,U1103,2026-01-14 17:35:00,2041.65,mobile,B_U1103_1,False,dining,3356.29,False,normal
txn_0001500,U1055,2026-01-14 17:53:00,2251.7,mobile,B_U1055_9,False,travel,2454.82,False,normal
txn_0002983,U1111,2026-01-14 17:56:00,2395.15,mobile,B_U1111_5,False,travel,3287.89,False,normal
txn_0001122,U1041,2026-01-14 18:07:00,2097.85,mobile,B_U1041_10,False,travel,3955.76,False,normal
txn_0002589,U1096,2026-01-14 18:20:00,5670.46,web,B_U1096_4,False,travel,4725.77,False,normal
txn_0002823,U1105,2026-01-14 18:20:00,3811.92,atm,B_U1105_9,False,utilities,5101.93,False,normal
txn_0000316,U1011,2026-01-14 18:27:00,12779.6,web,B_U1011_15,False,electronics,9375.34,False,normal
txn_0000155,U1005,2026-01-14 18:35:00,3886.04,atm,B_U1005_11,False,investment,2618.11,False,normal
txn_0001937,U1071,2026-01-14 18:40:00,9988.97,mobile,B_U1071_77545,True,investment,4084.71,False,normal
txn_0001938,U1071,2026-01-14 18:40:00,5629.61,web,B_U1071_11775,True,peer_transfer,4084.71,False,normal
txn_0001775,U1065,2026-01-14 18:41:00,7602.67,mobile,B_U1065_14,False,electronics,2907.56,False,normal
txn_0001365,U1050,2026-01-14 18:49:00,7822.41,atm,B_U1050_5,False,investment,3695.41,False,normal
txn_0001389,U1051,2026-01-14 18:51:00,785.42,web,B_U1051_5,False,dining,1990.06,False,normal
txn_0002590,U1096,2026-01-14 18:58:00,11115.02,mobile,B_U1096_11,False,dining,4725.77,False,normal
txn_0001911,U1070,2026-01-14 19:14:00,5179.52,mobile,B_U1070_12,False,electronics,4224.9,False,normal
txn_0000397,U1014,2026-01-14 19:21:00,8127.21,web,B_U1014_25881,True,travel,5753.35,False,normal
txn_0000691,U1025,2026-01-14 19:40:00,1112.43,mobile,B_U1025_15,False,utilities,2077.08,False,normal
txn_0002824,U1105,2026-01-14 19:41:00,3755.7,mobile,B_U1105_3,False,travel,5101.93,False,normal
txn_0003085,U1115,2026-01-14 19:50:00,2495.6,web,B_U1115_11,False,investment,1701.41,False,normal
txn_0001072,U1039,2026-01-14 19:53:00,758.33,mobile,B_U1039_11,False,peer_transfer,1555.7,False,normal
txn_0000041,U1001,2026-01-14 19:57:00,2565.29,mobile,B_U1001_18,False,investment,2959.57,False,normal
txn_0000638,U1023,2026-01-14 20:01:00,7230.59,web,B_U1023_11,False,groceries,3158.77,False,normal
txn_0003115,U1116,2026-01-14 20:13:00,2283.37,web,B_U1116_5,False,utilities,5060.46,False,normal
txn_0000881,U1032,2026-01-14 20:29:00,785.52,web,B_U1032_17,False,dining,1492.58,False,normal
txn_0002591,U1096,2026-01-14 21:01:00,4257.24,mobile,B_U1096_8,False,peer_transfer,4725.77,False,normal
txn_0000994,U1036,2026-01-14 21:08:00,781.3,mobile,B_U1036_80486,True,groceries,1129.15,False,normal
txn_0001720,U1063,2026-01-14 21:12:00,12729.73,web,B_U1063_21193,True,fuel,10220.13,False,normal
txn_0000042,U1001,2026-01-14 21:15:00,6550.97,mobile,B_U1001_88455,True,electronics,2959.57,False,normal
txn_0002386,U1088,2026-01-14 21:22:00,1417.76,mobile,B_U1088_1,False,dining,1638.89,False,normal
txn_0001558,U1057,2026-01-14 21:36:00,14798.25,mobile,B_U1057_8,False,fuel,6319.59,False,normal
txn_0001143,U1042,2026-01-14 21:42:00,3021.16,web,B_U1042_50982,True,peer_transfer,4610.29,False,normal
txn_0000558,U1020,2026-01-14 21:52:00,2661.68,atm,B_U1020_11,False,peer_transfer,2216.94,False,normal
txn_0003006,U1112,2026-01-14 22:11:00,4250.47,mobile,B_U1112_2,False,electronics,5205.26,False,normal
txn_0000742,U1027,2026-01-14 22:26:00,3511.4,web,B_U1027_5,False,utilities,2802.86,False,normal
txn_0002592,U1096,2026-01-14 22:26:00,3025.44,mobile,B_U1096_13,False,dining,4725.77,False,normal
txn_0001123,U1041,2026-01-14 22:28:00,1568.64,atm,B_U1041_7,False,utilities,3955.76,False,normal
txn_0002623,U1097,2026-01-14 22:29:00,1262.49,web,B_U1097_9,False,investment,1723.17,False,normal
txn_0002984,U1111,2026-01-14 22:31:00,3138.66,web,B_U1111_52310,True,utilities,3287.89,False,normal
txn_0002702,U1100,2026-01-14 22:53:00,1675.03,mobile,B_U1100_5,False,peer_transfer,3364.39,False,normal
txn_0000043,U1001,2026-01-14 22:57:00,1406.49,mobile,B_U1001_7,False,fuel,2959.57,False,normal
txn_0001799,U1066,2026-01-14 23:04:00,2245.14,web,B_U1066_17,False,groceries,2174.71,False,normal
txn_0000473,U1017,2026-01-14 23:08:00,8988.45,web,B_U1017_6,False,dining,4706.98,False,normal
txn_0001607,U1059,2026-01-14 23:13:00,752.17,web,B_U1059_4,False,peer_transfer,2320.66,False,normal
txn_0000073,U1002,2026-01-14 23:19:00,7107.39,mobile,B_U1002_57623,True,travel,4906.58,False,normal
txn_0002020,U1074,2026-01-14 23:20:00,1395.77,web,B_U1074_14,False,groceries,2873.53,False,normal
txn_0000424,U1015,2026-01-14 23:32:00,4344.03,atm,B_U1015_9,False,peer_transfer,2999.76,False,normal
txn_0000533,U1019,2026-01-14 23:41:00,7925.57,mobile,B_U1019_13,False,peer_transfer,4323.75,False,normal
txn_0001747,U1064,2026-01-14 23:50:00,6953.71,web,B_U1064_18,False,dining,7922.85,False,normal
txn_0002985,U1111,2026-01-14 23:53:00,1259.41,mobile,B_U1111_11,False,dining,3287.89,False,normal
txn_0003007,U1112,2026-01-14 23:56:00,4094.14,mobile,B_U1112_17,False,fuel,5205.26,False,normal
txn_0001012,U1037,2026-01-15 00:04:00,3561.04,web,B_U1037_9,False,electronics,3096.92,False,normal
txn_0001608,U1059,2026-01-15 00:09:00,4011.88,web,B_U1059_2,False,peer_transfer,2320.66,False,normal
txn_0002308,U1085,2026-01-15 00:18:00,1602.25,mobile,B_U1085_60078,True,groceries,1952.44,False,normal
txn_0002147,U1079,2026-01-15 00:50:00,5249.04,web,B_U1079_11,False,electronics,1934.95,False,normal
txn_0002565,U1095,2026-01-15 00:55:00,1955.25,atm,B_U1095_29663,True,travel,4619.02,False,normal
txn_0001366,U1050,2026-01-15 01:10:00,2072.16,mobile,B_U1050_5,False,peer_transfer,3695.41,False,normal
txn_0002489,U1092,2026-01-15 01:12:00,1816.12,mobile,B_U1092_11,False,utilities,2917.77,False,normal
txn_0001690,U1062,2026-01-15 01:15:00,10589.76,mobile,B_U1062_14,False,investment,5313.72,False,normal
txn_0002724,U1101,2026-01-15 01:36:00,2688.76,mobile,B_U1101_18,False,groceries,2326.49,False,normal
txn_0000935,U1034,2026-01-15 01:40:00,2688.37,mobile,B_U1034_71512,True,utilities,3918.7,False,normal
txn_0000474,U1017,2026-01-15 01:44:00,2664.05,mobile,B_U1017_14,False,utilities,4706.98,False,normal
txn_0002670,U1099,2026-01-15 02:02:00,5970.76,web,B_U1099_18,False,travel,7588.88,False,normal
txn_0000611,U1022,2026-01-15 02:05:00,2235.08,mobile,B_U1022_11,False,electronics,4140.87,False,normal
txn_0001826,U1067,2026-01-15 02:06:00,7280.73,mobile,B_U1067_1,False,dining,2136.18,False,normal
txn_0001390,U1051,2026-01-15 02:15:00,1813.91,mobile,B_U1051_10,False,utilities,1990.06,False,normal
txn_0000882,U1032,2026-01-15 02:29:00,879.91,mobile,B_U1032_10,False,peer_transfer,1492.58,False,normal
txn_0001669,U1061,2026-01-15 02:32:00,10179.39,mobile,B_U1061_15,False,dining,13171.59,False,normal
txn_0000398,U1014,2026-01-15 02:52:00,7681.58,atm,B_U1014_8,False,groceries,5753.35,False,normal
txn_0001124,U1041,2026-01-15 02:56:00,1913.0,mobile,B_U1041_5,False,dining,3955.76,False,normal
txn_0000534,U1019,2026-01-15 02:59:00,3854.33,mobile,B_U1019_11,False,electronics,4323.75,False,normal
txn_0000126,U1004,2026-01-15 03:05:00,1636.45,mobile,B_U1004_6,False,fuel,2852.1,False,normal
txn_0002930,U1109,2026-01-15 03:23:00,3887.24,web,B_U1109_17,False,investment,5925.56,False,normal
txn_0001854,U1068,2026-01-15 03:27:00,6912.41,web,B_U1068_9,False,investment,2999.9,False,normal
txn_0003135,U1117,2026-01-15 03:30:00,1668.23,atm,B_U1117_11,False,peer_transfer,3396.23,False,normal
txn_0002593,U1096,2026-01-15 03:36:00,3449.68,web,B_U1096_82161,True,dining,4725.77,False,normal
txn_0002387,U1088,2026-01-15 03:41:00,664.76,web,B_U1088_5,False,groceries,1638.89,False,normal
txn_0000044,U1001,2026-01-15 04:01:00,2851.61,mobile,B_U1001_2,False,electronics,2959.57,False,normal
txn_0000017,U1000,2026-01-15 04:22:00,6395.33,mobile,B_U1000_9,False,investment,3431.57,False,normal
txn_0001529,U1056,2026-01-15 04:27:00,2239.14,mobile,B_U1056_17,False,travel,4117.9,False,normal
txn_0002465,U1091,2026-01-15 04:29:00,2569.57,atm,B_U1091_11,False,utilities,1905.36,False,normal
txn_0000156,U1005,2026-01-15 04:35:00,2057.65,mobile,B_U1005_6,False,travel,2618.11,False,normal
txn_0001044,U1038,2026-01-15 04:53:00,7300.05,mobile,B_U1038_11,False,groceries,9163.94,False,normal
txn_0000317,U1011,2026-01-15 04:58:00,4549.51,mobile,B_U1011_16,False,peer_transfer,9375.34,False,normal
txn_0000180,U1006,2026-01-15 05:07:00,926.64,mobile,B_U1006_6,False,dining,2287.03,False,normal
txn_0000667,U1024,2026-01-15 05:09:00,3455.24,web,B_U1024_6,False,travel,3630.97,False,normal
txn_0001748,U1064,2026-01-15 05:13:00,16228.62,mobile,B_U1064_11,False,travel,7922.85,False,normal
txn_0001258,U1046,2026-01-15 05:21:00,1732.79,mobile,B_U1046_3,False,fuel,2217.91,False,normal
txn_0002671,U1099,2026-01-15 05:33:00,5151.78,mobile,B_U1099_11687,True,fuel,7588.88,False,normal
txn_0001939,U1071,2026-01-15 05:40:00,4637.3,web,B_U1071_17,False,fuel,4084.71,False,normal
txn_0002021,U1074,2026-01-15 05:58:00,7573.56,mobile,B_U1074_6,False,investment,2873.53,False,normal
txn_0003164,U1118,2026-01-15 05:59:00,6683.61,mobile,B_U1118_5,False,travel,3428.82,False,normal
txn_0001880,U1069,2026-01-15 06:02:00,2873.73,mobile,B_U1069_5,False,travel,5981.69,False,normal
txn_0002309,U1085,2026-01-15 06:04:00,794.48,mobile,B_U1085_8,False,dining,1952.44,False,normal
txn_0000883,U1032,2026-01-15 06:08:00,930.06,web,B_U1032_4,False,groceries,1492.58,False,normal
txn_0001259,U1046,2026-01-15 06:29:00,3381.98,mobile,B_U1046_2,False,travel,2217.91,False,normal
txn_0001232,U1045,2026-01-15 06:33:00,3918.95,mobile,B_U1045_13,False,investment,3817.05,False,normal
txn_0003035,U1113,2026-01-15 06:41:00,789.0,mobile,B_U1113_12,False,utilities,1261.03,False,normal
txn_0001098,U1040,2026-01-15 06:51:00,1507.99,mobile,B_U1040_86468,True,groceries,3480.98,False,normal
txn_0003136,U1117,2026-01-15 06:55:00,6852.36,mobile,B_U1117_18,False,electronics,3396.23,False,normal
txn_0000098,U1003,2026-01-15 06:56:00,889.38,mobile,B_U1003_10,False,peer_transfer,2001.51,False,normal
txn_0002643,U1098,2026-01-15 06:59:00,2755.79,web,B_U1098_4,False,travel,7495.59,False,normal
txn_0002594,U1096,2026-01-15 07:03:00,6994.91,web,B_U1096_16,False,electronics,4725.77,False,normal
txn_0002644,U1098,2026-01-15 07:03:00,4803.86,atm,B_U1098_15,False,dining,7495.59,False,normal
txn_0001721,U1063,2026-01-15 07:14:00,6201.15,mobile,B_U1063_4,False,dining,10220.13,False,normal
txn_0001125,U1041,2026-01-15 07:31:00,1947.69,mobile,B_U1041_1,False,groceries,3955.76,False,normal
txn_0003165,U1118,2026-01-15 08:22:00,3556.45,atm,B_U1118_13,False,investment,3428.82,False,normal
txn_0002852,U1106,2026-01-15 08:27:00,2098.58,mobile,B_U1106_18,False,travel,3670.02,False,normal
txn_0002645,U1098,2026-01-15 08:41:00,6208.03,mobile,B_U1098_11,False,dining,7495.59,False,normal
txn_0002228,U1082,2026-01-15 08:47:00,11256.59,mobile,B_U1082_14,False,utilities,4569.76,False,normal
txn_0001475,U1054,2026-01-15 08:49:00,1337.09,web,B_U1054_18,False,groceries,2347.07,False,normal
txn_0000045,U1001,2026-01-15 09:10:00,3549.63,atm,B_U1001_11,False,fuel,2959.57,False,normal
txn_0000612,U1022,2026-01-15 09:11:00,1385.79,mobile,B_U1022_10,False,peer_transfer,4140.87,False,normal
txn_0002490,U1092,2026-01-15 09:38:00,3573.19,web,B_U1092_1,False,utilities,2917.77,False,normal
txn_0003065,U1114,2026-01-15 09:53:00,1734.94,mobile,B_U1114_4,False,groceries,2369.62,False,normal
txn_0001501,U1055,2026-01-15 09:58:00,785.12,web,B_U1055_13,False,travel,2454.82,False,normal
txn_0000668,U1024,2026-01-15 10:00:00,4825.23,mobile,B_U1024_15,False,electronics,3630.97,False,normal
txn_0001449,U1053,2026-01-15 10:07:00,1786.61,mobile,B_U1053_71987,True,travel,3360.77,False,normal
txn_0000535,U1019,2026-01-15 10:09:00,2280.46,web,B_U1019_11,False,investment,4323.75,False,normal
txn_0001643,U1060,2026-01-15 10:15:00,1201.44,mobile,B_U1060_7,False,travel,2200.45,False,normal
txn_0001144,U1042,2026-01-15 10:27:00,4745.11,mobile,B_U1042_4,False,fuel,4610.29,False,normal
txn_0000238,U1008,2026-01-15 10:42:00,7094.04,web,B_U1008_3,False,investment,3573.17,False,normal
txn_0000343,U1012,2026-01-15 10:49:00,3715.38,atm,B_U1012_12,False,peer_transfer,2152.49,False,normal
txn_0001587,U1058,2026-01-15 10:50:00,2186.22,mobile,B_U1058_64219,True,groceries,4002.51,False,normal
txn_0000588,U1021,2026-01-15 11:07:00,2940.6,mobile,B_U1021_13,False,dining,2094.79,False,normal
txn_0001180,U1043,2026-01-15 11:14:00,7721.35,web,B_U1043_10,False,travel,6061.22,False,normal
txn_0002646,U1098,2026-01-15 11:32:00,8287.57,mobile,B_U1098_12,False,electronics,7495.59,False,normal
txn_0000829,U1030,2026-01-15 11:37:00,2128.0,mobile,B_U1030_18,False,groceries,2316.16,False,normal
txn_0002931,U1109,2026-01-15 11:49:00,5937.47,mobile,B_U1109_10,False,groceries,5925.56,False,normal
txn_0001559,U1057,2026-01-15 11:59:00,5447.24,mobile,B_U1057_2,False,travel,6319.59,False,normal
txn_0000181,U1006,2026-01-15 12:22:00,1810.49,mobile,B_U1006_18,False,fuel,2287.03,False,normal
txn_0002044,U1075,2026-01-15 12:22:00,3028.43,mobile,B_U1075_99358,True,investment,3596.75,False,normal
txn_0001045,U1038,2026-01-15 12:37:00,6045.17,web,B_U1038_8,False,utilities,9163.94,False,normal
txn_0003008,U1112,2026-01-15 12:42:00,5623.24,mobile,B_U1112_17,False,utilities,5205.26,False,normal
txn_0001204,U1044,2026-01-15 12:46:00,6964.73,mobile,B_U1044_72072,True,groceries,6443.21,False,normal
txn_0001145,U1042,2026-01-15 12:51:00,4013.58,web,B_U1042_13,False,investment,4610.29,False,normal
txn_0000206,U1007,2026-01-15 13:32:00,4716.63,mobile,B_U1007_3,False,electronics,3285.15,False,normal
txn_0001260,U1046,2026-01-15 13:58:00,2340.23,mobile,B_U1046_6,False,fuel,2217.91,False,normal
txn_0000936,U1034,2026-01-15 14:25:00,3396.58,web,B_U1034_10,False,fuel,3918.7,False,normal
txn_0001722,U1063,2026-01-15 14:38:00,11630.48,web,B_U1063_18,False,dining,10220.13,False,normal
txn_0000559,U1020,2026-01-15 14:44:00,2884.83,mobile,B_U1020_12,False,utilities,2216.94,False,normal
txn_0001964,U1072,2026-01-15 14:50:00,7400.72,mobile,B_U1072_3,False,travel,5461.96,False,normal
txn_0003086,U1115,2026-01-15 15:03:00,1778.86,mobile,B_U1115_12,False,fuel,1701.41,False,normal
txn_0001609,U1059,2026-01-15 15:11:00,1265.33,web,B_U1059_5,False,dining,2320.66,False,normal
txn_0003137,U1117,2026-01-15 15:15:00,3295.98,mobile,B_U1117_7,False,fuel,3396.23,False,normal
txn_0000692,U1025,2026-01-15 15:16:00,2230.35,web,B_U1025_4,False,electronics,2077.08,False,normal
txn_0002566,U1095,2026-01-15 15:33:00,2286.7,mobile,B_U1095_17,False,fuel,4619.02,False,normal
txn_0002206,U1081,2026-01-15 15:35:00,3650.23,atm,B_U1081_13,False,electronics,4023.78,False,normal
txn_0001146,U1042,2026-01-15 15:43:00,2471.04,mobile,B_U1042_26727,True,dining,4610.29,False,normal
txn_0002409,U1089,2026-01-15 15:53:00,11871.68,mobile,B_U1089_16,False,utilities,9995.49,False,normal
txn_0000723,U1026,2026-01-15 15:55:00,2371.48,mobile,B_U1026_8,False,electronics,2270.01,False,normal
txn_0002803,U1104,2026-01-15 16:05:00,1360.94,mobile,B_U1104_3,False,utilities,1958.45,False,normal
txn_0001126,U1041,2026-01-15 16:10:00,15461.81,mobile,B_U1041_12,False,investment,3955.76,False,normal
txn_0002127,U1078,2026-01-15 16:11:00,14928.98,mobile,B_U1078_11,False,dining,6944.14,False,normal
txn_0001147,U1042,2026-01-15 16:12:00,4908.37,mobile,B_U1042_18,False,electronics,4610.29,False,normal
txn_0000856,U1031,2026-01-15 16:24:00,2785.67,web,B_U1031_14,False,peer_transfer,3939.68,False,normal
txn_0002825,U1105,2026-01-15 16:33:00,7276.87,web,B_U1105_15,False,fuel,5101.93,False,normal
txn_0003116,U1116,2026-01-15 16:35:00,10588.45,web,B_U1116_15,False,investment,5060.46,False,normal
txn_0001391,U1051,2026-01-15 16:39:00,3162.46,web,B_U1051_16,False,peer_transfer,1990.06,False,normal
txn_0000937,U1034,2026-01-15 16:50:00,4014.52,mobile,B_U1034_5,False,travel,3918.7,False,normal
txn_0001749,U1064,2026-01-15 16:50:00,12329.23,mobile,B_U1064_5,False,groceries,7922.85,False,normal
txn_0003009,U1112,2026-01-15 17:12:00,5061.64,mobile,B_U1112_16,False,groceries,5205.26,False,normal
txn_0002905,U1108,2026-01-15 17:27:00,3000.11,mobile,B_U1108_6,False,travel,3438.35,False,normal
txn_0001073,U1039,2026-01-15 17:43:00,2180.18,mobile,B_U1039_6,False,dining,1555.7,False,normal
txn_0001099,U1040,2026-01-15 17:57:00,7592.62,mobile,B_U1040_13,False,electronics,3480.98,False,normal
txn_0001205,U1044,2026-01-15 18:03:00,8730.86,mobile,B_U1044_15,False,investment,6443.21,False,normal
txn_0002853,U1106,2026-01-15 18:13:00,2011.94,mobile,B_U1106_16,False,dining,3670.02,False,normal
txn_0002099,U1077,2026-01-15 18:22:00,1045.28,mobile,B_U1077_13,False,fuel,1866.36,False,normal
txn_0001965,U1072,2026-01-15 18:28:00,5126.22,mobile,B_U1072_13,False,fuel,5461.96,False,normal
txn_0000693,U1025,2026-01-15 18:33:00,3136.07,mobile,B_U1025_18,False,utilities,2077.08,False,normal
txn_0000475,U1017,2026-01-15 18:34:00,2414.76,web,B_U1017_1,False,fuel,4706.98,False,normal
txn_0001750,U1064,2026-01-15 18:37:00,13351.04,mobile,B_U1064_8,False,utilities,7922.85,False,normal
txn_0003194,U1119,2026-01-15 18:39:00,1645.76,web,B_U1119_18,False,dining,2176.44,False,normal
txn_0000099,U1003,2026-01-15 19:17:00,3759.12,web,B_U1003_16,False,travel,2001.51,False,normal
txn_0002725,U1101,2026-01-15 19:29:00,2150.94,web,B_U1101_7,False,electronics,2326.49,False,normal
txn_0000560,U1020,2026-01-15 19:31:00,1516.34,web,B_U1020_65357,True,electronics,2216.94,False,normal
txn_0000454,U1016,2026-01-15 19:34:00,964.93,mobile,B_U1016_8,False,dining,2121.6,False,normal
txn_0003066,U1114,2026-01-15 19:44:00,2797.98,web,B_U1114_8,False,travel,2369.62,False,normal
txn_0000589,U1021,2026-01-15 19:47:00,2596.86,web,B_U1021_4,False,electronics,2094.79,False,normal
txn_0002567,U1095,2026-01-15 19:52:00,5339.5,mobile,B_U1095_16,False,electronics,4619.02,False,normal
txn_0003138,U1117,2026-01-15 19:57:00,4187.61,mobile,B_U1117_81250,True,fuel,3396.23,False,normal
txn_0001881,U1069,2026-01-15 20:17:00,14553.37,web,B_U1069_1,False,dining,5981.69,False,normal
txn_0000801,U1029,2026-01-15 20:35:00,2403.36,web,B_U1029_15,False,fuel,2499.66,False,normal
txn_0000372,U1013,2026-01-15 20:38:00,3769.85,web,B_U1013_9,False,fuel,4381.55,False,normal
txn_0001013,U1037,2026-01-15 20:59:00,2163.29,mobile,B_U1037_9,False,fuel,3096.92,False,normal
txn_0001502,U1055,2026-01-15 21:00:00,2170.88,atm,B_U1055_64974,True,utilities,2454.82,False,normal
txn_0001014,U1037,2026-01-15 21:03:00,3212.65,mobile,B_U1037_5,False,fuel,3096.92,False,normal
txn_0000802,U1029,2026-01-15 21:19:00,4082.27,web,B_U1029_12,False,investment,2499.66,False,normal
txn_0000743,U1027,2026-01-15 21:26:00,2463.99,mobile,B_U1027_13,False,utilities,2802.86,False,normal
txn_0001588,U1058,2026-01-15 21:35:00,1159.68,mobile,B_U1058_1,False,peer_transfer,4002.51,False,normal
txn_0003139,U1117,2026-01-15 21:36:00,1883.16,mobile,B_U1117_18,False,fuel,3396.23,False,normal
txn_0003117,U1116,2026-01-15 21:52:00,2464.42,atm,B_U1116_18,False,fuel,5060.46,False,normal
txn_0002880,U1107,2026-01-15 22:10:00,1821.02,web,B_U1107_5,False,dining,2290.51,False,normal
txn_0002178,U1080,2026-01-15 22:12:00,2435.72,web,B_U1080_11,False,travel,2738.22,False,normal
txn_0000561,U1020,2026-01-15 22:17:00,2836.95,mobile,B_U1020_18,False,peer_transfer,2216.94,False,normal
txn_0000744,U1027,2026-01-15 22:23:00,3482.89,mobile,B_U1027_5,False,fuel,2802.86,False,normal
txn_0000264,U1009,2026-01-15 22:33:00,742.4,mobile,B_U1009_18,False,fuel,1573.47,False,normal
txn_0001392,U1051,2026-01-15 22:33:00,2636.51,web,B_U1051_14,False,peer_transfer,1990.06,False,normal
txn_0001450,U1053,2026-01-15 22:35:00,2079.7,mobile,B_U1053_7,False,investment,3360.77,False,normal
txn_0002281,U1084,2026-01-15 22:40:00,1422.15,mobile,B_U1084_53381,True,investment,1662.97,False,normal
txn_0002207,U1081,2026-01-15 23:03:00,6198.46,mobile,B_U1081_8,False,peer_transfer,4023.78,False,normal
txn_0001882,U1069,2026-01-15 23:08:00,3320.75,mobile,B_U1069_10,False,peer_transfer,5981.69,False,normal
txn_0001451,U1053,2026-01-15 23:11:00,3464.48,mobile,B_U1053_1,False,fuel,3360.77,False,normal
txn_0000285,U1010,2026-01-15 23:21:00,5876.32,web,B_U1010_5,False,electronics,4545.51,False,normal
txn_0001015,U1037,2026-01-15 23:22:00,2413.34,atm,B_U1037_11,False,fuel,3096.92,False,normal
txn_0001393,U1051,2026-01-15 23:37:00,3757.8,web,B_U1051_21775,True,investment,1990.06,False,normal
txn_0001181,U1043,2026-01-15 23:38:00,4997.07,web,B_U1043_12,False,travel,6061.22,False,normal
txn_0002128,U1078,2026-01-15 23:59:00,2727.3,mobile,B_U1078_18,False,investment,6944.14,False,normal
txn_0002334,U1086,2026-01-16 00:02:00,3762.9,mobile,B_U1086_6,False,groceries,4347.82,False,normal
txn_0001912,U1070,2026-01-16 00:07:00,3665.06,web,B_U1070_2,False,peer_transfer,4224.9,False,normal
txn_0001233,U1045,2026-01-16 00:08:00,2903.92,mobile,B_U1045_92416,True,fuel,3817.05,False,normal
txn_0001100,U1040,2026-01-16 00:19:00,2177.04,mobile,B_U1040_12,False,travel,3480.98,False,normal
txn_0000613,U1022,2026-01-16 00:44:00,4396.98,web,B_U1022_3,False,fuel,4140.87,False,normal
txn_0003087,U1115,2026-01-16 00:51:00,943.11,mobile,B_U1115_4,False,groceries,1701.41,False,normal
txn_0000265,U1009,2026-01-16 00:52:00,1149.47,mobile,B_U1009_11,False,groceries,1573.47,False,normal
txn_0001913,U1070,2026-01-16 00:56:00,6910.61,mobile,B_U1070_15,False,investment,4224.9,False,normal
txn_0002335,U1086,2026-01-16 00:56:00,2054.83,web,B_U1086_7,False,peer_transfer,4347.82,False,normal
txn_0002542,U1094,2026-01-16 00:57:00,4042.49,web,B_U1094_37561,True,electronics,2174.74,False,normal
txn_0000399,U1014,2026-01-16 01:17:00,6093.95,web,B_U1014_10,False,dining,5753.35,False,normal
txn_0001855,U1068,2026-01-16 01:21:00,5742.77,atm,B_U1068_5,False,utilities,2999.9,False,normal
txn_0000639,U1023,2026-01-16 01:23:00,2415.57,mobile,B_U1023_14,False,dining,3158.77,False,normal
txn_0002229,U1082,2026-01-16 01:29:00,3216.98,web,B_U1082_8,False,investment,4569.76,False,normal
txn_0001016,U1037,2026-01-16 01:46:00,2135.18,mobile,B_U1037_14,False,groceries,3096.92,False,normal
txn_0002491,U1092,2026-01-16 01:48:00,9434.66,mobile,B_U1092_2,False,investment,2917.77,False,normal
txn_0002854,U1106,2026-01-16 01:51:00,2993.52,mobile,B_U1106_32513,True,travel,3670.02,False,normal
txn_0001883,U1069,2026-01-16 02:06:00,4796.01,mobile,B_U1069_6,False,dining,5981.69,False,normal
txn_0001234,U1045,2026-01-16 02:24:00,3241.47,web,B_U1045_11,False,dining,3817.05,False,normal
txn_0001394,U1051,2026-01-16 02:28:00,940.35,mobile,B_U1051_12,False,dining,1990.06,False,normal
txn_0002129,U1078,2026-01-16 02:34:00,3597.24,mobile,B_U1078_12,False,utilities,6944.14,False,normal
txn_0001691,U1062,2026-01-16 02:42:00,4859.68,atm,B_U1062_18,False,dining,5313.72,False,normal
txn_0000938,U1034,2026-01-16 02:58:00,1614.14,mobile,B_U1034_7,False,fuel,3918.7,False,normal
txn_0000803,U1029,2026-01-16 03:12:00,3672.82,web,B_U1029_17,False,investment,2499.66,False,normal
txn_0001856,U1068,2026-01-16 03:21:00,2430.09,mobile,B_U1068_13,False,dining,2999.9,False,normal
txn_0001857,U1068,2026-01-16 03:51:00,3385.55,mobile,B_U1068_5,False,utilities,2999.9,False,normal
txn_0002726,U1101,2026-01-16 03:58:00,2469.54,web,B_U1101_14,False,investment,2326.49,False,normal
txn_0001884,U1069,2026-01-16 04:02:00,8626.16,mobile,B_U1069_17,False,peer_transfer,5981.69,False,normal
txn_0001589,U1058,2026-01-16 04:09:00,3652.37,mobile,B_U1058_2,False,utilities,4002.51,False,normal
txn_0002100,U1077,2026-01-16 04:20:00,1204.06,web,B_U1077_2,False,dining,1866.36,False,normal
txn_0002520,U1093,2026-01-16 04:22:00,1673.24,atm,B_U1093_18,False,dining,3053.67,False,normal
txn_0001017,U1037,2026-01-16 04:32:00,2502.4,mobile,B_U1037_15,False,utilities,3096.92,False,normal
txn_0000590,U1021,2026-01-16 04:33:00,631.73,web,B_U1021_1,False,peer_transfer,2094.79,False,normal
txn_0002727,U1101,2026-01-16 04:39:00,5225.02,mobile,B_U1101_15,False,dining,2326.49,False,normal
txn_0000562,U1020,2026-01-16 04:53:00,2888.07,mobile,B_U1020_42914,True,peer_transfer,2216.94,False,normal
txn_0000074,U1002,2026-01-16 05:04:00,5675.62,mobile,B_U1002_9,False,fuel,4906.58,False,normal
txn_0001182,U1043,2026-01-16 05:11:00,8624.9,mobile,B_U1043_8,False,dining,6061.22,False,normal
txn_0002855,U1106,2026-01-16 05:23:00,4641.36,web,B_U1106_9,False,travel,3670.02,False,normal
txn_0001206,U1044,2026-01-16 05:30:00,7252.79,mobile,B_U1044_11,False,utilities,6443.21,False,normal
txn_0002437,U1090,2026-01-16 05:49:00,3324.97,mobile,B_U1090_9,False,utilities,3957.38,False,normal
txn_0002906,U1108,2026-01-16 05:54:00,2196.16,mobile,B_U1108_10,False,groceries,3438.35,False,normal
txn_0002747,U1102,2026-01-16 06:19:00,3015.44,web,B_U1102_16,False,dining,4673.84,False,normal
txn_0002804,U1104,2026-01-16 06:19:00,1385.88,mobile,B_U1104_17,False,fuel,1958.45,False,normal
txn_0002410,U1089,2026-01-16 06:22:00,5547.05,mobile,B_U1089_17,False,dining,9995.49,False,normal
txn_0003036,U1113,2026-01-16 06:27:00,2293.58,web,B_U1113_13,False,fuel,1261.03,False,normal
txn_0002045,U1075,2026-01-16 06:42:00,4872.21,mobile,B_U1075_4,False,utilities,3596.75,False,normal
txn_0002805,U1104,2026-01-16 06:46:00,1513.62,mobile,B_U1104_1,False,utilities,1958.45,False,normal
txn_0000614,U1022,2026-01-16 07:14:00,3164.72,web,B_U1022_14,False,travel,4140.87,False,normal
txn_0001692,U1062,2026-01-16 07:19:00,3814.31,web,B_U1062_15,False,peer_transfer,5313.72,False,normal
txn_0003037,U1113,2026-01-16 07:31:00,919.62,mobile,B_U1113_15,False,utilities,1261.03,False,normal
txn_0002543,U1094,2026-01-16 07:32:00,1267.5,web,B_U1094_7,False,electronics,2174.74,False,normal
txn_0002568,U1095,2026-01-16 07:43:00,6231.34,mobile,B_U1095_6,False,electronics,4619.02,False,normal
txn_0000640,U1023,2026-01-16 08:03:00,1826.26,mobile,B_U1023_3,False,utilities,3158.77,False,normal
txn_0000286,U1010,2026-01-16 08:08:00,8252.06,atm,B_U1010_3,False,investment,4545.51,False,normal
txn_0002070,U1076,2026-01-16 08:13:00,3352.0,atm,B_U1076_7,False,utilities,4907.7,False,normal
txn_0000804,U1029,2026-01-16 08:28:00,1735.72,mobile,B_U1029_3,False,dining,2499.66,False,normal
txn_0002672,U1099,2026-01-16 08:29:00,12435.79,web,B_U1099_16,False,investment,7588.88,False,normal
txn_0001858,U1068,2026-01-16 08:36:00,2338.83,atm,B_U1068_3,False,peer_transfer,2999.9,False,normal
txn_0002257,U1083,2026-01-16 08:41:00,1577.13,mobile,B_U1083_3,False,dining,3626.19,False,normal
txn_0000018,U1000,2026-01-16 09:12:00,1689.66,web,B_U1000_17,False,dining,3431.57,False,normal
txn_0002728,U1101,2026-01-16 09:12:00,3487.98,web,B_U1101_3,False,peer_transfer,2326.49,False,normal
txn_0001183,U1043,2026-01-16 09:18:00,21394.36,atm,B_U1043_14,False,investment,6061.22,False,normal
txn_0001859,U1068,2026-01-16 09:29:00,5554.34,mobile,B_U1068_16,False,dining,2999.9,False,normal
txn_0000995,U1036,2026-01-16 09:38:00,880.82,mobile,B_U1036_11,False,electronics,1129.15,False,normal
txn_0001148,U1042,2026-01-16 09:40:00,5427.41,mobile,B_U1042_14,False,travel,4610.29,False,normal
txn_0001966,U1072,2026-01-16 10:01:00,5938.45,mobile,B_U1072_14,False,travel,5461.96,False,normal
txn_0000884,U1032,2026-01-16 10:19:00,841.84,mobile,B_U1032_3,False,electronics,1492.58,False,normal
txn_0001693,U1062,2026-01-16 10:23:00,6181.03,atm,B_U1062_9,False,electronics,5313.72,False,normal
txn_0002595,U1096,2026-01-16 10:25:00,4242.11,mobile,B_U1096_76588,True,groceries,4725.77,False,normal
txn_0002569,U1095,2026-01-16 10:42:00,6027.35,mobile,B_U1095_9,False,utilities,4619.02,False,normal
txn_0002907,U1108,2026-01-16 10:47:00,3105.95,mobile,B_U1108_17,False,travel,3438.35,False,normal
txn_0002729,U1101,2026-01-16 11:02:00,3923.08,web,B_U1101_10081,True,electronics,2326.49,False,normal
txn_0002438,U1090,2026-01-16 11:07:00,2621.3,mobile,B_U1090_13,False,investment,3957.38,False,normal
txn_0003088,U1115,2026-01-16 11:17:00,1572.02,mobile,B_U1115_10,False,peer_transfer,1701.41,False,normal
txn_0000724,U1026,2026-01-16 11:18:00,2820.77,web,B_U1026_17,False,dining,2270.01,False,normal
txn_0001207,U1044,2026-01-16 11:21:00,9233.23,atm,B_U1044_13,False,peer_transfer,6443.21,False,normal
txn_0002130,U1078,2026-01-16 11:24:00,5376.14,mobile,B_U1078_50351,True,investment,6944.14,False,normal
txn_0000745,U1027,2026-01-16 11:25:00,2557.1,web,B_U1027_5,False,dining,2802.86,False,normal
txn_0002022,U1074,2026-01-16 11:36:00,6102.77,web,B_U1074_17,False,groceries,2873.53,False,normal
txn_0000207,U1007,2026-01-16 11:41:00,4159.9,mobile,B_U1007_10,False,dining,3285.15,False,normal
txn_0003089,U1115,2026-01-16 11:46:00,2926.93,atm,B_U1115_3,False,travel,1701.41,False,normal
txn_0002310,U1085,2026-01-16 12:09:00,2529.46,mobile,B_U1085_16,False,electronics,1952.44,False,normal
txn_0001530,U1056,2026-01-16 12:30:00,1539.77,mobile,B_U1056_42967,True,peer_transfer,4117.9,False,normal
txn_0001127,U1041,2026-01-16 12:43:00,3546.04,mobile,B_U1041_1,False,fuel,3955.76,False,normal
txn_0000182,U1006,2026-01-16 13:00:00,1602.04,mobile,B_U1006_10,False,utilities,2287.03,False,normal
txn_0000910,U1033,2026-01-16 13:09:00,2052.57,mobile,B_U1033_17,False,utilities,2238.38,False,normal
txn_0000287,U1010,2026-01-16 13:24:00,7829.79,mobile,B_U1010_6,False,peer_transfer,4545.51,False,normal
txn_0002071,U1076,2026-01-16 14:07:00,2710.34,web,B_U1076_59892,True,dining,4907.7,False,normal
txn_0001149,U1042,2026-01-16 14:18:00,4252.92,mobile,B_U1042_6,False,electronics,4610.29,False,normal
txn_0000318,U1011,2026-01-16 14:39:00,17921.35,web,B_U1011_4,False,dining,9375.34,False,normal
txn_0001150,U1042,2026-01-16 14:49:00,2360.99,web,B_U1042_16,False,dining,4610.29,False,normal
txn_0000694,U1025,2026-01-16 15:08:00,1377.99,web,B_U1025_4,False,electronics,2077.08,False,normal
txn_0001292,U1047,2026-01-16 15:18:00,4564.69,web,B_U1047_2,False,fuel,2870.56,False,normal
txn_0002673,U1099,2026-01-16 15:19:00,4111.97,mobile,B_U1099_6,False,utilities,7588.88,False,normal
txn_0000911,U1033,2026-01-16 15:41:00,1002.73,mobile,B_U1033_7,False,dining,2238.38,False,normal
txn_0001476,U1054,2026-01-16 15:44:00,2010.71,mobile,B_U1054_2,False,electronics,2347.07,False,normal
txn_0000266,U1009,2026-01-16 15:45:00,2749.23,web,B_U1009_3,False,travel,1573.47,False,normal
txn_0000805,U1029,2026-01-16 15:52:00,4508.26,mobile,B_U1029_1,False,electronics,2499.66,False,normal
txn_0001991,U1073,2026-01-16 16:20:00,18200.38,mobile,B_U1073_12,False,investment,3306.92,False,normal
txn_0002046,U1075,2026-01-16 16:54:00,3536.81,atm,B_U1075_15,False,peer_transfer,3596.75,False,normal
txn_0002411,U1089,2026-01-16 17:03:00,6594.45,mobile,B_U1089_3,False,travel,9995.49,False,normal
txn_0000046,U1001,2026-01-16 17:16:00,4753.19,web,B_U1001_18,False,electronics,2959.57,False,normal
txn_0002779,U1103,2026-01-16 17:22:00,4618.9,mobile,B_U1103_2,False,dining,3356.29,False,normal
txn_0002986,U1111,2026-01-16 17:28:00,3241.79,mobile,B_U1111_5,False,travel,3287.89,False,normal
txn_0002466,U1091,2026-01-16 17:36:00,1111.11,mobile,B_U1091_11,False,peer_transfer,1905.36,False,normal
txn_0000996,U1036,2026-01-16 17:52:00,1194.82,mobile,B_U1036_17,False,utilities,1129.15,False,normal
txn_0000536,U1019,2026-01-16 18:27:00,4643.94,web,B_U1019_15,False,dining,4323.75,False,normal
txn_0001723,U1063,2026-01-16 19:00:00,7201.89,atm,B_U1063_46842,True,dining,10220.13,False,normal
txn_0000455,U1016,2026-01-16 19:01:00,3154.72,mobile,B_U1016_91548,True,investment,2121.6,False,normal
txn_0001101,U1040,2026-01-16 19:09:00,3929.2,web,B_U1040_2,False,utilities,3480.98,False,normal
txn_0000373,U1013,2026-01-16 19:12:00,3834.27,mobile,B_U1013_2,False,peer_transfer,4381.55,False,normal
txn_0002047,U1075,2026-01-16 19:14:00,3604.07,atm,B_U1075_14,False,fuel,3596.75,False,normal
txn_0000476,U1017,2026-01-16 19:16:00,4183.44,mobile,B_U1017_8,False,groceries,4706.98,False,normal
txn_0002748,U1102,2026-01-16 19:17:00,4466.47,atm,B_U1102_10,False,electronics,4673.84,False,normal
txn_0003090,U1115,2026-01-16 19:17:00,1229.22,mobile,B_U1115_9,False,dining,1701.41,False,normal
txn_0000319,U1011,2026-01-16 19:22:00,14190.05,atm,B_U1011_6,False,investment,9375.34,False,normal
txn_0002932,U1109,2026-01-16 19:29:00,6643.28,atm,B_U1109_18,False,dining,5925.56,False,normal
txn_0001102,U1040,2026-01-16 19:41:00,6502.94,mobile,B_U1040_17,False,fuel,3480.98,False,normal
txn_0000127,U1004,2026-01-16 20:01:00,2741.29,web,B_U1004_9,False,travel,2852.1,False,normal
txn_0001724,U1063,2026-01-16 20:11:00,15277.49,mobile,B_U1063_10,False,investment,10220.13,False,normal
txn_0000208,U1007,2026-01-16 20:20:00,1318.9,mobile,B_U1007_11,False,peer_transfer,3285.15,False,normal
txn_0001885,U1069,2026-01-16 20:29:00,2760.02,mobile,B_U1069_27142,True,travel,5981.69,False,normal
txn_0000344,U1012,2026-01-16 20:31:00,3366.03,atm,B_U1012_18,False,travel,2152.49,False,normal
txn_0000725,U1026,2026-01-16 20:52:00,900.92,mobile,B_U1026_17,False,dining,2270.01,False,normal
txn_0002336,U1086,2026-01-16 20:58:00,3901.33,mobile,B_U1086_17,False,peer_transfer,4347.82,False,normal
txn_0002467,U1091,2026-01-16 20:58:00,1435.87,web,B_U1091_14,False,electronics,1905.36,False,normal
txn_0000288,U1010,2026-01-16 21:04:00,3413.04,web,B_U1010_18,False,dining,4545.51,False,normal
txn_0001531,U1056,2026-01-16 21:06:00,2320.04,mobile,B_U1056_9,False,groceries,4117.9,False,normal
txn_0000456,U1016,2026-01-16 21:13:00,4094.2,mobile,B_U1016_4,False,electronics,2121.6,False,normal
txn_0000641,U1023,2026-01-16 21:18:00,6294.48,web,B_U1023_3,False,groceries,3158.77,False,normal
txn_0000374,U1013,2026-01-16 21:37:00,7469.57,web,B_U1013_58466,True,groceries,4381.55,False,normal
txn_0002388,U1088,2026-01-16 21:42:00,1211.42,web,B_U1088_11,False,dining,1638.89,False,normal
txn_0001293,U1047,2026-01-16 21:50:00,978.35,web,B_U1047_11,False,electronics,2870.56,False,normal
txn_0002412,U1089,2026-01-16 22:02:00,25719.67,atm,B_U1089_67646,True,electronics,9995.49,False,normal
txn_0000239,U1008,2026-01-16 22:17:00,7382.29,mobile,B_U1008_16,False,fuel,3573.17,False,normal
txn_0001151,U1042,2026-01-16 22:24:00,6583.96,web,B_U1042_3,False,investment,4610.29,False,normal
txn_0001776,U1065,2026-01-16 22:35:00,1427.58,atm,B_U1065_1,False,dining,2907.56,False,normal
txn_0001152,U1042,2026-01-16 22:37:00,5795.88,mobile,B_U1042_9,False,electronics,4610.29,False,normal
txn_0003038,U1113,2026-01-16 22:41:00,1103.07,atm,B_U1113_12,False,investment,1261.03,False,normal
txn_0002023,U1074,2026-01-16 22:46:00,2081.71,web,B_U1074_44053,True,fuel,2873.53,False,normal
txn_0002780,U1103,2026-01-16 22:57:00,4022.82,mobile,B_U1103_14,False,dining,3356.29,False,normal
txn_0000128,U1004,2026-01-16 23:10:00,915.74,atm,B_U1004_13,False,travel,2852.1,False,normal
txn_0002282,U1084,2026-01-16 23:18:00,2604.21,mobile,B_U1084_13,False,investment,1662.97,False,normal
txn_0001425,U1052,2026-01-16 23:37:00,1309.76,mobile,B_U1052_18,False,investment,1695.82,False,normal
txn_0001967,U1072,2026-01-17 00:07:00,2602.01,web,B_U1072_17309,True,dining,5461.96,False,normal
txn_0001367,U1050,2026-01-17 00:12:00,9962.51,mobile,B_U1050_2,False,investment,3695.41,False,normal
txn_0001694,U1062,2026-01-17 00:12:00,6267.68,mobile,B_U1062_16,False,electronics,5313.72,False,normal
txn_0002908,U1108,2026-01-17 00:12:00,5371.88,mobile,B_U1108_16,False,fuel,3438.35,False,normal
txn_0001046,U1038,2026-01-17 00:48:00,4405.49,web,B_U1038_9,False,dining,9163.94,False,normal
txn_0002283,U1084,2026-01-17 00:50:00,1530.95,mobile,B_U1084_6,False,groceries,1662.97,False,normal
txn_0000504,U1018,2026-01-17 01:13:00,1215.92,web,B_U1018_10,False,electronics,1714.18,False,normal
txn_0002179,U1080,2026-01-17 01:20:00,3238.61,mobile,B_U1080_12,False,peer_transfer,2738.22,False,normal
txn_0002544,U1094,2026-01-17 01:30:00,3396.03,mobile,B_U1094_16,False,investment,2174.74,False,normal
txn_0000289,U1010,2026-01-17 01:33:00,2585.52,web,B_U1010_11,False,utilities,4545.51,False,normal
txn_0000669,U1024,2026-01-17 01:33:00,1800.43,mobile,B_U1024_7,False,utilities,3630.97,False,normal
txn_0002545,U1094,2026-01-17 01:37:00,1990.06,atm,B_U1094_17,False,travel,2174.74,False,normal
txn_0000746,U1027,2026-01-17 01:43:00,3271.12,web,B_U1027_8,False,investment,2802.86,False,normal
txn_0002856,U1106,2026-01-17 01:49:00,3031.37,mobile,B_U1106_13,False,investment,3670.02,False,normal
txn_0000047,U1001,2026-01-17 02:04:00,3233.03,mobile,B_U1001_9,False,peer_transfer,2959.57,False,normal
txn_0003195,U1119,2026-01-17 02:06:00,949.31,web,B_U1119_18,False,groceries,2176.44,False,normal
txn_0001208,U1044,2026-01-17 02:13:00,11855.28,web,B_U1044_14780,True,electronics,6443.21,False,normal
txn_0000290,U1010,2026-01-17 02:18:00,4611.54,mobile,B_U1010_17,False,groceries,4545.51,False,normal
txn_0002284,U1084,2026-01-17 02:22:00,2238.14,atm,B_U1084_13,False,utilities,1662.97,False,normal
txn_0001992,U1073,2026-01-17 02:24:00,3007.57,mobile,B_U1073_11,False,electronics,3306.92,False,normal
txn_0003010,U1112,2026-01-17 02:32:00,7546.47,mobile,B_U1112_17,False,electronics,5205.26,False,normal
txn_0002389,U1088,2026-01-17 02:42:00,2527.04,web,B_U1088_15,False,travel,1638.89,False,normal
txn_0000670,U1024,2026-01-17 02:45:00,4900.52,web,B_U1024_6,False,peer_transfer,3630.97,False,normal
txn_0003039,U1113,2026-01-17 02:49:00,1962.41,atm,B_U1113_12,False,fuel,1261.03,False,normal
txn_0002987,U1111,2026-01-17 02:55:00,7443.16,mobile,B_U1111_9,False,peer_transfer,3287.89,False,normal
txn_0003011,U1112,2026-01-17 02:55:00,2500.88,mobile,B_U1112_5,False,groceries,5205.26,False,normal
txn_0002357,U1087,2026-01-17 03:14:00,1495.82,mobile,B_U1087_13,False,investment,1419.15,False,normal
txn_0000400,U1014,2026-01-17 03:15:00,8739.07,mobile,B_U1014_3,False,travel,5753.35,False,normal
txn_0002624,U1097,2026-01-17 03:19:00,2610.5,atm,B_U1097_15,False,travel,1723.17,False,normal
txn_0001695,U1062,2026-01-17 03:23:00,1555.08,mobile,B_U1062_22202,True,investment,5313.72,False,normal
txn_0000615,U1022,2026-01-17 03:29:00,3989.94,web,B_U1022_17,False,dining,4140.87,False,normal
txn_0003040,U1113,2026-01-17 03:40:00,1660.99,mobile,B_U1113_9,False,travel,1261.03,False,normal
txn_0000778,U1028,2026-01-17 03:46:00,2910.71,web,B_U1028_17,False,electronics,4440.68,False,normal
txn_0001452,U1053,2026-01-17 03:54:00,4652.73,web,B_U1053_16,False,fuel,3360.77,False,normal
txn_0002963,U1110,2026-01-17 03:54:00,4881.24,mobile,B_U1110_13,False,peer_transfer,2501.88,False,normal
txn_0001751,U1064,2026-01-17 04:10:00,9047.57,mobile,B_U1064_10,False,peer_transfer,7922.85,False,normal
txn_0003091,U1115,2026-01-17 04:24:00,771.82,mobile,B_U1115_14,False,investment,1701.41,False,normal
txn_0002492,U1092,2026-01-17 04:27:00,3056.71,mobile,B_U1092_16,False,travel,2917.77,False,normal
txn_0001153,U1042,2026-01-17 04:54:00,4828.24,mobile,B_U1042_17,False,dining,4610.29,False,normal
txn_0003140,U1117,2026-01-17 05:00:00,5355.84,web,B_U1117_12632,True,investment,3396.23,False,normal
txn_0001074,U1039,2026-01-17 05:07:00,839.89,web,B_U1039_11,False,utilities,1555.7,False,normal
txn_0002439,U1090,2026-01-17 05:23:00,5289.08,web,B_U1090_13,False,investment,3957.38,False,normal
txn_0003041,U1113,2026-01-17 05:43:00,1950.2,web,B_U1113_17,False,electronics,1261.03,False,normal
txn_0000157,U1005,2026-01-17 05:45:00,2096.8,web,B_U1005_17,False,groceries,2618.11,False,normal
txn_0002148,U1079,2026-01-17 05:53:00,1474.3,atm,B_U1079_4,False,fuel,1934.95,False,normal
txn_0000425,U1015,2026-01-17 06:01:00,2489.67,mobile,B_U1015_6,False,electronics,2999.76,False,normal
txn_0000857,U1031,2026-01-17 06:07:00,4462.44,mobile,B_U1031_11,False,investment,3939.68,False,normal
txn_0000563,U1020,2026-01-17 06:08:00,3131.43,web,B_U1020_8,False,peer_transfer,2216.94,False,normal
txn_0001128,U1041,2026-01-17 06:09:00,2533.08,web,B_U1041_82575,True,peer_transfer,3955.76,False,normal
txn_0001209,U1044,2026-01-17 06:11:00,7831.73,mobile,B_U1044_83792,True,dining,6443.21,False,normal
txn_0002625,U1097,2026-01-17 06:22:00,2425.32,web,B_U1097_5,False,investment,1723.17,False,normal
txn_0000964,U1035,2026-01-17 06:25:00,1731.28,mobile,B_U1035_18,False,fuel,2810.15,False,normal
txn_0000858,U1031,2026-01-17 06:41:00,4621.36,mobile,B_U1031_9,False,investment,3939.68,False,normal
txn_0001129,U1041,2026-01-17 06:56:00,10056.38,web,B_U1041_16,False,electronics,3955.76,False,normal
txn_0000401,U1014,2026-01-17 06:57:00,8683.56,web,B_U1014_7,False,travel,5753.35,False,normal
txn_0003067,U1114,2026-01-17 07:08:00,1925.57,mobile,B_U1114_11,False,travel,2369.62,False,normal
txn_0002493,U1092,2026-01-17 07:16:00,2610.19,mobile,B_U1092_16,False,travel,2917.77,False,normal
txn_0002337,U1086,2026-01-17 07:20:00,5057.04,atm,B_U1086_7,False,investment,4347.82,False,normal
txn_0002826,U1105,2026-01-17 07:20:00,2780.6,web,B_U1105_6,False,utilities,5101.93,False,normal
txn_0000695,U1025,2026-01-17 07:23:00,844.77,mobile,B_U1025_3,False,travel,2077.08,False,normal
txn_0001968,U1072,2026-01-17 07:40:00,1891.18,mobile,B_U1072_9,False,dining,5461.96,False,normal
txn_0001261,U1046,2026-01-17 07:57:00,2366.63,web,B_U1046_48692,True,travel,2217.91,False,normal
txn_0001075,U1039,2026-01-17 08:12:00,1389.39,web,B_U1039_11034,True,travel,1555.7,False,normal
txn_0001395,U1051,2026-01-17 08:17:00,2791.75,web,B_U1051_8,False,investment,1990.06,False,normal
txn_0000320,U1011,2026-01-17 08:19:00,12916.0,atm,B_U1011_1,False,travel,9375.34,False,normal
txn_0000671,U1024,2026-01-17 08:33:00,2333.95,web,B_U1024_14,False,utilities,3630.97,False,normal
txn_0001210,U1044,2026-01-17 08:51:00,12540.66,mobile,B_U1044_1,False,investment,6443.21,False,normal
txn_0003012,U1112,2026-01-17 09:19:00,5691.18,mobile,B_U1112_7,False,utilities,5205.26,False,normal
txn_0001184,U1043,2026-01-17 09:27:00,9556.63,web,B_U1043_2,False,travel,6061.22,False,normal
txn_0001396,U1051,2026-01-17 09:30:00,1867.88,web,B_U1051_12,False,travel,1990.06,False,normal
txn_0002230,U1082,2026-01-17 09:40:00,2765.81,mobile,B_U1082_17,False,utilities,4569.76,False,normal
txn_0002208,U1081,2026-01-17 09:43:00,3387.07,mobile,B_U1081_1,False,electronics,4023.78,False,normal
txn_0002311,U1085,2026-01-17 09:56:00,1958.7,mobile,B_U1085_12,False,electronics,1952.44,False,normal
txn_0002149,U1079,2026-01-17 10:02:00,2355.49,mobile,B_U1079_9,False,fuel,1934.95,False,normal
txn_0001426,U1052,2026-01-17 10:06:00,2152.21,web,B_U1052_15,False,groceries,1695.82,False,normal
txn_0001560,U1057,2026-01-17 10:10:00,8198.08,mobile,B_U1057_6,False,fuel,6319.59,False,normal
txn_0001503,U1055,2026-01-17 10:19:00,1272.01,mobile,B_U1055_66038,True,investment,2454.82,False,normal
txn_0001368,U1050,2026-01-17 10:26:00,9794.2,mobile,B_U1050_14,False,electronics,3695.41,False,normal
txn_0001235,U1045,2026-01-17 10:30:00,6387.38,mobile,B_U1045_4,False,fuel,3817.05,False,normal
txn_0000806,U1029,2026-01-17 10:48:00,2239.87,mobile,B_U1029_1,False,electronics,2499.66,False,normal
txn_0000537,U1019,2026-01-17 11:12:00,6384.85,web,B_U1019_17,False,travel,4323.75,False,normal
txn_0000183,U1006,2026-01-17 11:14:00,3750.4,atm,B_U1006_7,False,electronics,2287.03,False,normal
txn_0002546,U1094,2026-01-17 11:36:00,1801.66,mobile,B_U1094_15,False,utilities,2174.74,False,normal
txn_0002072,U1076,2026-01-17 11:38:00,5569.7,web,B_U1076_10,False,dining,4907.7,False,normal
txn_0003141,U1117,2026-01-17 12:00:00,5917.62,mobile,B_U1117_11,False,electronics,3396.23,False,normal
txn_0001532,U1056,2026-01-17 12:04:00,1928.01,mobile,B_U1056_8,False,peer_transfer,4117.9,False,normal
txn_0003118,U1116,2026-01-17 12:18:00,7730.18,mobile,B_U1116_13,False,dining,5060.46,False,normal
txn_0001294,U1047,2026-01-17 12:24:00,1592.2,web,B_U1047_9,False,fuel,2870.56,False,normal
txn_0002827,U1105,2026-01-17 12:33:00,3235.61,web,B_U1105_12,False,dining,5101.93,False,normal
txn_0003166,U1118,2026-01-17 12:34:00,1939.96,mobile,B_U1118_42931,True,peer_transfer,3428.82,False,normal
txn_0000291,U1010,2026-01-17 12:35:00,3486.29,web,B_U1010_14,False,peer_transfer,4545.51,False,normal
txn_0002933,U1109,2026-01-17 12:49:00,11198.54,mobile,B_U1109_4,False,travel,5925.56,False,normal
txn_0001018,U1037,2026-01-17 12:53:00,2640.49,web,B_U1037_8,False,peer_transfer,3096.92,False,normal
txn_0001993,U1073,2026-01-17 13:01:00,3613.22,mobile,B_U1073_92670,True,peer_transfer,3306.92,False,normal
txn_0002413,U1089,2026-01-17 13:22:00,10351.03,web,B_U1089_9,False,utilities,9995.49,False,normal
txn_0000129,U1004,2026-01-17 13:35:00,1492.83,mobile,B_U1004_14,False,dining,2852.1,False,normal
txn_0001696,U1062,2026-01-17 14:10:00,4208.06,mobile,B_U1062_10,False,travel,5313.72,False,normal
txn_0001047,U1038,2026-01-17 14:13:00,9674.75,mobile,B_U1038_20727,True,fuel,9163.94,False,normal
txn_0002468,U1091,2026-01-17 14:14:00,1991.72,mobile,B_U1091_9,False,utilities,1905.36,False,normal
txn_0001185,U1043,2026-01-17 14:44:00,3899.01,atm,B_U1043_11,False,electronics,6061.22,False,normal
txn_0000158,U1005,2026-01-17 14:45:00,3342.37,mobile,B_U1005_9,False,groceries,2618.11,False,normal
txn_0000375,U1013,2026-01-17 14:45:00,6460.3,web,B_U1013_1,False,groceries,4381.55,False,normal
txn_0001561,U1057,2026-01-17 14:45:00,10458.39,atm,B_U1057_11,False,utilities,6319.59,False,normal
txn_0000100,U1003,2026-01-17 14:46:00,1418.31,web,B_U1003_5,False,electronics,2001.51,False,normal
txn_0002570,U1095,2026-01-17 15:13:00,2729.5,mobile,B_U1095_13,False,investment,4619.02,False,normal
txn_0000696,U1025,2026-01-17 15:16:00,2339.19,web,B_U1025_4,False,dining,2077.08,False,normal
txn_0001562,U1057,2026-01-17 15:25:00,12708.35,mobile,B_U1057_13,False,dining,6319.59,False,normal
txn_0001369,U1050,2026-01-17 15:39:00,2260.8,mobile,B_U1050_4,False,dining,3695.41,False,normal
txn_0000019,U1000,2026-01-17 15:43:00,1291.66,mobile,B_U1000_1,False,peer_transfer,3431.57,False,normal
txn_0000426,U1015,2026-01-17 15:47:00,2070.38,mobile,B_U1015_17,False,utilities,2999.76,False,normal
txn_0000885,U1032,2026-01-17 15:54:00,2939.02,web,B_U1032_2,False,investment,1492.58,False,normal
txn_0000209,U1007,2026-01-17 15:58:00,4525.61,mobile,B_U1007_3,False,travel,3285.15,False,normal
txn_0001103,U1040,2026-01-17 16:01:00,3779.79,mobile,B_U1040_15,False,dining,3480.98,False,normal
txn_0002285,U1084,2026-01-17 16:01:00,613.23,mobile,B_U1084_9,False,peer_transfer,1662.97,False,normal
txn_0000292,U1010,2026-01-17 16:03:00,11095.31,atm,B_U1010_15,False,utilities,4545.51,False,normal
txn_0001076,U1039,2026-01-17 16:08:00,1800.69,mobile,B_U1039_18,False,peer_transfer,1555.7,False,normal
txn_0000642,U1023,2026-01-17 16:14:00,4135.42,mobile,B_U1023_12,False,fuel,3158.77,False,normal
txn_0000939,U1034,2026-01-17 16:18:00,6571.17,web,B_U1034_14,False,electronics,3918.7,False,normal
txn_0000564,U1020,2026-01-17 16:21:00,4046.5,mobile,B_U1020_11,False,electronics,2216.94,False,normal
txn_0001800,U1066,2026-01-17 16:37:00,2059.43,atm,B_U1066_90873,True,dining,2174.71,False,normal
txn_0002358,U1087,2026-01-17 16:38:00,2051.15,mobile,B_U1087_6,False,utilities,1419.15,False,normal
txn_0001370,U1050,2026-01-17 16:41:00,4117.35,atm,B_U1050_10,False,electronics,3695.41,False,normal
txn_0002934,U1109,2026-01-17 16:48:00,12309.69,web,B_U1109_13,False,fuel,5925.56,False,normal
txn_0002988,U1111,2026-01-17 16:50:00,2491.76,web,B_U1111_6,False,fuel,3287.89,False,normal
txn_0001262,U1046,2026-01-17 16:52:00,1895.51,mobile,B_U1046_7,False,groceries,2217.91,False,normal
txn_0003167,U1118,2026-01-17 16:55:00,2495.9,mobile,B_U1118_10091,True,groceries,3428.82,False,normal
txn_0001697,U1062,2026-01-17 17:06:00,7099.97,atm,B_U1062_6,False,fuel,5313.72,False,normal
txn_0002312,U1085,2026-01-17 17:13:00,2908.87,mobile,B_U1085_12418,True,travel,1952.44,False,normal
txn_0000697,U1025,2026-01-17 17:31:00,1079.04,web,B_U1025_12,False,fuel,2077.08,False,normal
txn_0002494,U1092,2026-01-17 18:17:00,5264.97,mobile,B_U1092_1,False,electronics,2917.77,False,normal
txn_0000210,U1007,2026-01-17 18:19:00,2105.11,mobile,B_U1007_5,False,dining,3285.15,False,normal
txn_0000747,U1027,2026-01-17 18:22:00,983.83,web,B_U1027_17,False,utilities,2802.86,False,normal
txn_0002935,U1109,2026-01-17 18:24:00,7530.65,mobile,B_U1109_11,False,fuel,5925.56,False,normal
txn_0002390,U1088,2026-01-17 18:33:00,1509.61,web,B_U1088_2,False,dining,1638.89,False,normal
txn_0001154,U1042,2026-01-17 19:02:00,3051.09,mobile,B_U1042_12878,True,fuel,4610.29,False,normal
txn_0003013,U1112,2026-01-17 19:04:00,3831.97,web,B_U1112_7,False,electronics,5205.26,False,normal
txn_0002674,U1099,2026-01-17 19:05:00,6311.83,web,B_U1099_5,False,dining,7588.88,False,normal
txn_0002828,U1105,2026-01-17 19:19:00,2650.51,mobile,B_U1105_4,False,dining,5101.93,False,normal
txn_0000726,U1026,2026-01-17 19:25:00,2441.96,web,B_U1026_9,False,groceries,2270.01,False,normal
txn_0001371,U1050,2026-01-17 19:28:00,4442.46,atm,B_U1050_17,False,electronics,3695.41,False,normal
txn_0001670,U1061,2026-01-17 19:34:00,18187.27,mobile,B_U1061_12,False,fuel,13171.59,False,normal
txn_0001263,U1046,2026-01-17 19:49:00,2334.54,atm,B_U1046_13,False,investment,2217.91,False,normal
txn_0001397,U1051,2026-01-17 20:19:00,1627.55,mobile,B_U1051_13,False,peer_transfer,1990.06,False,normal
txn_0002806,U1104,2026-01-17 20:30:00,2125.45,atm,B_U1104_16,False,peer_transfer,1958.45,False,normal
txn_0001372,U1050,2026-01-17 20:45:00,2888.12,mobile,B_U1050_7,False,electronics,3695.41,False,normal
txn_0000591,U1021,2026-01-17 20:47:00,3351.28,mobile,B_U1021_9,False,fuel,2094.79,False,normal
txn_0001186,U1043,2026-01-17 21:10:00,4084.23,mobile,B_U1043_5,False,dining,6061.22,False,normal
txn_0000075,U1002,2026-01-17 21:12:00,5268.38,mobile,B_U1002_15,False,travel,4906.58,False,normal
txn_0000505,U1018,2026-01-17 21:22:00,577.01,web,B_U1018_14,False,groceries,1714.18,False,normal
txn_0002131,U1078,2026-01-17 21:40:00,12497.13,mobile,B_U1078_2,False,dining,6944.14,False,normal
txn_0001315,U1048,2026-01-17 21:46:00,1648.44,web,B_U1048_35949,True,travel,2557.77,False,normal
txn_0002909,U1108,2026-01-17 21:50:00,4889.94,mobile,B_U1108_4,False,utilities,3438.35,False,normal
txn_0002495,U1092,2026-01-17 21:57:00,4806.16,mobile,B_U1092_2,False,dining,2917.77,False,normal
txn_0001077,U1039,2026-01-17 22:26:00,3582.46,mobile,B_U1039_11,False,groceries,1555.7,False,normal
txn_0001504,U1055,2026-01-17 22:26:00,1252.37,mobile,B_U1055_5,False,investment,2454.82,False,normal
txn_0001671,U1061,2026-01-17 22:34:00,37376.0,web,B_U1061_1,False,investment,13171.59,False,normal
txn_0000748,U1027,2026-01-17 23:05:00,4758.89,atm,B_U1027_16,False,investment,2802.86,False,normal
txn_0001777,U1065,2026-01-17 23:16:00,6436.04,web,B_U1065_18,False,dining,2907.56,False,normal
txn_0000727,U1026,2026-01-17 23:24:00,2374.02,mobile,B_U1026_13,False,groceries,2270.01,False,normal
txn_0001211,U1044,2026-01-17 23:29:00,5674.83,mobile,B_U1044_18,False,dining,6443.21,False,normal
txn_0002881,U1107,2026-01-17 23:29:00,2160.16,web,B_U1107_16,False,groceries,2290.51,False,normal
txn_0000020,U1000,2026-01-17 23:30:00,2064.22,mobile,B_U1000_10,False,utilities,3431.57,False,normal
txn_0001316,U1048,2026-01-17 23:41:00,3227.78,mobile,B_U1048_4,False,dining,2557.77,False,normal
txn_0000672,U1024,2026-01-17 23:51:00,3430.45,web,B_U1024_14,False,fuel,3630.97,False,normal
txn_0001914,U1070,2026-01-17 23:51:00,2648.87,web,B_U1070_1,False,dining,4224.9,False,normal
txn_0001533,U1056,2026-01-18 00:04:00,2723.63,web,B_U1056_2,False,dining,4117.9,False,normal
txn_0000779,U1028,2026-01-18 00:09:00,3233.04,web,B_U1028_86767,True,dining,4440.68,False,normal
txn_0000159,U1005,2026-01-18 00:22:00,2572.53,mobile,B_U1005_12,False,dining,2618.11,False,normal
txn_0002989,U1111,2026-01-18 00:25:00,1597.73,mobile,B_U1111_6,False,travel,3287.89,False,normal
txn_0001398,U1051,2026-01-18 00:30:00,1641.0,mobile,B_U1051_6,False,electronics,1990.06,False,normal
txn_0002829,U1105,2026-01-18 00:41:00,6033.17,web,B_U1105_1,False,utilities,5101.93,False,normal
txn_0000240,U1008,2026-01-18 01:17:00,3306.89,mobile,B_U1008_14,False,electronics,3573.17,False,normal
txn_0000267,U1009,2026-01-18 01:33:00,1449.12,mobile,B_U1009_5,False,dining,1573.47,False,normal
txn_0000048,U1001,2026-01-18 01:38:00,5820.62,mobile,B_U1001_9,False,peer_transfer,2959.57,False,normal
txn_0000130,U1004,2026-01-18 01:38:00,1672.36,mobile,B_U1004_6,False,fuel,2852.1,False,normal
txn_0001969,U1072,2026-01-18 01:43:00,6590.09,mobile,B_U1072_10,False,peer_transfer,5461.96,False,normal
txn_0001317,U1048,2026-01-18 02:00:00,3524.25,web,B_U1048_36282,True,travel,2557.77,False,normal
txn_0002857,U1106,2026-01-18 02:04:00,1932.92,web,B_U1106_17,False,peer_transfer,3670.02,False,normal
txn_0000780,U1028,2026-01-18 02:06:00,2517.19,atm,B_U1028_9,False,travel,4440.68,False,normal
txn_0000101,U1003,2026-01-18 02:18:00,1726.04,mobile,B_U1003_10,False,utilities,2001.51,False,normal
txn_0002440,U1090,2026-01-18 02:22:00,3263.55,mobile,B_U1090_8,False,dining,3957.38,False,normal
txn_0002231,U1082,2026-01-18 02:23:00,2712.59,atm,B_U1082_14,False,dining,4569.76,False,normal
txn_0000997,U1036,2026-01-18 02:43:00,1697.39,mobile,B_U1036_4,False,groceries,1129.15,False,normal
txn_0000965,U1035,2026-01-18 02:48:00,2862.34,web,B_U1035_7,False,travel,2810.15,False,normal
txn_0000293,U1010,2026-01-18 02:49:00,2587.6,mobile,B_U1010_16,False,peer_transfer,4545.51,False,normal
txn_0000940,U1034,2026-01-18 02:51:00,3901.72,web,B_U1034_6,False,fuel,3918.7,False,normal
txn_0001236,U1045,2026-01-18 02:54:00,2864.52,mobile,B_U1045_13,False,travel,3817.05,False,normal
txn_0002101,U1077,2026-01-18 03:04:00,959.7,mobile,B_U1077_9,False,dining,1866.36,False,normal
txn_0000859,U1031,2026-01-18 03:09:00,4241.91,web,B_U1031_13,False,dining,3939.68,False,normal
txn_0000211,U1007,2026-01-18 03:31:00,1812.03,web,B_U1007_7,False,groceries,3285.15,False,normal
txn_0002647,U1098,2026-01-18 03:37:00,18135.17,web,B_U1098_37036,True,utilities,7495.59,False,normal
txn_0000021,U1000,2026-01-18 03:44:00,3438.17,atm,B_U1000_8,False,fuel,3431.57,False,normal
txn_0001343,U1049,2026-01-18 03:47:00,1487.08,mobile,B_U1049_2,False,utilities,1500.95,False,normal
txn_0003068,U1114,2026-01-18 03:47:00,1365.95,mobile,B_U1114_2,False,investment,2369.62,False,normal
txn_0000807,U1029,2026-01-18 04:05:00,1130.06,web,B_U1029_6,False,fuel,2499.66,False,normal
txn_0001344,U1049,2026-01-18 04:13:00,1557.16,mobile,B_U1049_10,False,utilities,1500.95,False,normal
txn_0001130,U1041,2026-01-18 04:26:00,5027.3,mobile,B_U1041_12,False,dining,3955.76,False,normal
txn_0002359,U1087,2026-01-18 04:32:00,1130.48,mobile,B_U1087_17,False,fuel,1419.15,False,normal
txn_0002048,U1075,2026-01-18 04:45:00,5319.16,mobile,B_U1075_9,False,dining,3596.75,False,normal
txn_0001563,U1057,2026-01-18 04:47:00,10632.36,mobile,B_U1057_5,False,investment,6319.59,False,normal
txn_0000616,U1022,2026-01-18 04:58:00,4575.66,web,B_U1022_15,False,utilities,4140.87,False,normal
txn_0002749,U1102,2026-01-18 05:06:00,16799.47,mobile,B_U1102_18,False,electronics,4673.84,False,normal
txn_0002049,U1075,2026-01-18 05:13:00,7664.78,mobile,B_U1075_67771,True,electronics,3596.75,False,normal
txn_0001534,U1056,2026-01-18 05:26:00,2696.97,mobile,B_U1056_6,False,groceries,4117.9,False,normal
txn_0000212,U1007,2026-01-18 05:27:00,1599.55,mobile,B_U1007_41667,True,travel,3285.15,False,normal
txn_0000131,U1004,2026-01-18 05:52:00,2558.66,mobile,B_U1004_15,False,dining,2852.1,False,normal
txn_0002936,U1109,2026-01-18 06:09:00,8805.9,web,B_U1109_17,False,electronics,5925.56,False,normal
txn_0000565,U1020,2026-01-18 06:27:00,1571.73,web,B_U1020_12,False,fuel,2216.94,False,normal
txn_0000749,U1027,2026-01-18 06:32:00,2938.04,mobile,B_U1027_14,False,fuel,2802.86,False,normal
txn_0000750,U1027,2026-01-18 06:37:00,3960.92,atm,B_U1027_35782,True,investment,2802.86,False,normal
txn_0001801,U1066,2026-01-18 06:40:00,1856.34,web,B_U1066_16,False,utilities,2174.71,False,normal
txn_0001427,U1052,2026-01-18 06:56:00,865.41,web,B_U1052_23768,True,electronics,1695.82,False,normal
txn_0001827,U1067,2026-01-18 07:10:00,1339.89,web,B_U1067_6,False,investment,2136.18,False,normal
txn_0002830,U1105,2026-01-18 07:10:00,9304.86,atm,B_U1105_1,False,dining,5101.93,False,normal
txn_0002882,U1107,2026-01-18 07:22:00,1823.73,mobile,B_U1107_8,False,travel,2290.51,False,normal
txn_0002209,U1081,2026-01-18 07:28:00,2436.11,mobile,B_U1081_18,False,electronics,4023.78,False,normal
txn_0000213,U1007,2026-01-18 07:34:00,5235.73,mobile,B_U1007_69573,True,investment,3285.15,False,normal
txn_0000477,U1017,2026-01-18 07:35:00,4949.4,mobile,B_U1017_10,False,travel,4706.98,False,normal
txn_0000049,U1001,2026-01-18 08:00:00,4166.72,mobile,B_U1001_9,False,utilities,2959.57,False,normal
txn_0000830,U1030,2026-01-18 08:02:00,3265.4,mobile,B_U1030_4,False,fuel,2316.16,False,normal
txn_0002073,U1076,2026-01-18 08:07:00,6429.46,mobile,B_U1076_16,False,electronics,4907.7,False,normal
txn_0001345,U1049,2026-01-18 08:13:00,2610.2,web,B_U1049_7,False,electronics,1500.95,False,normal
txn_0000886,U1032,2026-01-18 08:48:00,1452.64,web,B_U1032_13,False,utilities,1492.58,False,normal
txn_0000294,U1010,2026-01-18 08:49:00,4569.17,web,B_U1010_18,False,investment,4545.51,False,normal
txn_0003142,U1117,2026-01-18 08:53:00,2710.05,web,B_U1117_4,False,peer_transfer,3396.23,False,normal
txn_0002150,U1079,2026-01-18 09:02:00,2465.78,atm,B_U1079_2,False,groceries,1934.95,False,normal
txn_0000506,U1018,2026-01-18 09:06:00,1943.65,web,B_U1018_14,False,electronics,1714.18,False,normal
txn_0003092,U1115,2026-01-18 09:12:00,2254.35,mobile,B_U1115_2,False,investment,1701.41,False,normal
txn_0003119,U1116,2026-01-18 09:16:00,5995.18,atm,B_U1116_65720,True,electronics,5060.46,False,normal
txn_0002831,U1105,2026-01-18 09:25:00,3722.92,mobile,B_U1105_18,False,groceries,5101.93,False,normal
txn_0001860,U1068,2026-01-18 09:27:00,1044.54,atm,B_U1068_18,False,electronics,2999.9,False,normal
txn_0001861,U1068,2026-01-18 09:32:00,1384.01,mobile,B_U1068_72717,True,electronics,2999.9,False,normal
txn_0002360,U1087,2026-01-18 09:35:00,2238.14,mobile,B_U1087_12,False,travel,1419.15,False,normal
txn_0000321,U1011,2026-01-18 09:48:00,5750.54,atm,B_U1011_12,False,travel,9375.34,False,normal
txn_0002937,U1109,2026-01-18 09:52:00,9475.21,mobile,B_U1109_2,False,utilities,5925.56,False,normal
txn_0002210,U1081,2026-01-18 09:53:00,4094.79,web,B_U1081_15,False,travel,4023.78,False,normal
txn_0001295,U1047,2026-01-18 09:57:00,1759.79,mobile,B_U1047_14,False,dining,2870.56,False,normal
txn_0001994,U1073,2026-01-18 10:04:00,1356.19,atm,B_U1073_18,False,fuel,3306.92,False,normal
txn_0001019,U1037,2026-01-18 10:07:00,4161.74,web,B_U1037_7,False,fuel,3096.92,False,normal
txn_0001187,U1043,2026-01-18 10:19:00,1704.09,web,B_U1043_11,False,electronics,6061.22,False,normal
txn_0002858,U1106,2026-01-18 10:26:00,5317.73,web,B_U1106_17,False,peer_transfer,3670.02,False,normal
txn_0002211,U1081,2026-01-18 10:30:00,7596.46,web,B_U1081_11,False,investment,4023.78,False,normal
txn_0002496,U1092,2026-01-18 10:41:00,2182.24,mobile,B_U1092_11,False,investment,2917.77,False,normal
txn_0002675,U1099,2026-01-18 10:54:00,4765.1,mobile,B_U1099_4,False,peer_transfer,7588.88,False,normal
txn_0001212,U1044,2026-01-18 11:06:00,6819.63,mobile,B_U1044_9,False,fuel,6443.21,False,normal
txn_0001698,U1062,2026-01-18 11:27:00,5428.27,mobile,B_U1062_11,False,dining,5313.72,False,normal
txn_0001802,U1066,2026-01-18 11:50:00,1929.21,atm,B_U1066_14,False,utilities,2174.71,False,normal
txn_0000022,U1000,2026-01-18 11:56:00,13065.01,mobile,B_U1000_3,False,electronics,3431.57,False,normal
txn_0002883,U1107,2026-01-18 11:56:00,2305.43,web,B_U1107_14,False,peer_transfer,2290.51,False,normal
txn_0000617,U1022,2026-01-18 11:58:00,2174.62,mobile,B_U1022_13,False,dining,4140.87,False,normal
txn_0000507,U1018,2026-01-18 11:59:00,2682.35,web,B_U1018_12,False,groceries,1714.18,False,normal
txn_0000427,U1015,2026-01-18 12:07:00,2767.38,mobile,B_U1015_8,False,travel,2999.76,False,normal
txn_0000538,U1019,2026-01-18 12:12:00,3229.01,mobile,B_U1019_17,False,fuel,4323.75,False,normal
txn_0002102,U1077,2026-01-18 12:24:00,448.33,mobile,B_U1077_9,False,groceries,1866.36,False,normal
txn_0000643,U1023,2026-01-18 12:34:00,2025.64,mobile,B_U1023_68294,True,utilities,3158.77,False,normal
txn_0000023,U1000,2026-01-18 12:55:00,5805.92,mobile,B_U1000_8,False,fuel,3431.57,False,normal
txn_0000751,U1027,2026-01-18 13:23:00,1563.45,web,B_U1027_17,False,utilities,2802.86,False,normal
txn_0003143,U1117,2026-01-18 13:34:00,4565.98,mobile,B_U1117_4,False,electronics,3396.23,False,normal
txn_0001725,U1063,2026-01-18 13:40:00,37070.28,web,B_U1063_17,False,utilities,10220.13,False,normal
txn_0002414,U1089,2026-01-18 13:50:00,10562.79,mobile,B_U1089_9,False,fuel,9995.49,False,normal
txn_0000478,U1017,2026-01-18 14:07:00,5371.07,web,B_U1017_16,False,electronics,4706.98,False,normal
txn_0003196,U1119,2026-01-18 14:08:00,1610.57,mobile,B_U1119_12,False,peer_transfer,2176.44,False,normal
txn_0000345,U1012,2026-01-18 14:12:00,6807.26,web,B_U1012_18,False,investment,2152.49,False,normal
txn_0000102,U1003,2026-01-18 14:32:00,2342.66,web,B_U1003_2,False,electronics,2001.51,False,normal
txn_0001862,U1068,2026-01-18 14:32:00,3789.91,mobile,B_U1068_1,False,travel,2999.9,False,normal
txn_0000941,U1034,2026-01-18 14:33:00,3263.77,web,B_U1034_11,False,dining,3918.7,False,normal
txn_0002074,U1076,2026-01-18 14:34:00,2954.8,web,B_U1076_61482,True,peer_transfer,4907.7,False,normal
txn_0003120,U1116,2026-01-18 14:38:00,6231.26,web,B_U1116_17,False,travel,5060.46,False,normal
txn_0001237,U1045,2026-01-18 14:39:00,11455.97,web,B_U1045_18,False,electronics,3817.05,False,normal
txn_0002258,U1083,2026-01-18 14:48:00,3716.3,mobile,B_U1083_13,False,investment,3626.19,False,normal
txn_0000966,U1035,2026-01-18 14:50:00,2630.3,web,B_U1035_12,False,electronics,2810.15,False,normal
txn_0000214,U1007,2026-01-18 14:52:00,2748.06,mobile,B_U1007_3,False,groceries,3285.15,False,normal
txn_0001564,U1057,2026-01-18 15:15:00,7627.08,mobile,B_U1057_14,False,investment,6319.59,False,normal
txn_0000428,U1015,2026-01-18 16:04:00,1607.24,mobile,B_U1015_2,False,travel,2999.76,False,normal
txn_0002259,U1083,2026-01-18 16:25:00,5369.27,mobile,B_U1083_13,False,investment,3626.19,False,normal
txn_0000808,U1029,2026-01-18 16:28:00,9891.13,atm,B_U1029_19519,True,investment,2499.66,False,normal
txn_0000912,U1033,2026-01-18 16:43:00,4955.18,mobile,B_U1033_12,False,investment,2238.38,False,normal
txn_0001453,U1053,2026-01-18 17:03:00,1651.74,mobile,B_U1053_4,False,utilities,3360.77,False,normal
txn_0000132,U1004,2026-01-18 17:21:00,1745.15,web,B_U1004_12,False,peer_transfer,2852.1,False,normal
txn_0003144,U1117,2026-01-18 17:42:00,4532.15,mobile,B_U1117_8,False,investment,3396.23,False,normal
txn_0001995,U1073,2026-01-18 18:12:00,2733.01,atm,B_U1073_11,False,dining,3306.92,False,normal
txn_0000346,U1012,2026-01-18 18:34:00,1228.08,web,B_U1012_8,False,fuel,2152.49,False,normal
txn_0000942,U1034,2026-01-18 18:36:00,11546.98,web,B_U1034_1,False,electronics,3918.7,False,normal
txn_0000184,U1006,2026-01-18 19:02:00,2855.08,web,B_U1006_3,False,fuel,2287.03,False,normal
txn_0001264,U1046,2026-01-18 19:04:00,1796.8,mobile,B_U1046_1,False,fuel,2217.91,False,normal
txn_0000402,U1014,2026-01-18 19:26:00,7431.35,web,B_U1014_55895,True,travel,5753.35,False,normal
txn_0002910,U1108,2026-01-18 19:27:00,4038.78,web,B_U1108_2,False,utilities,3438.35,False,normal
txn_0000160,U1005,2026-01-18 19:40:00,1026.46,mobile,B_U1005_5,False,peer_transfer,2618.11,False,normal
txn_0000076,U1002,2026-01-18 19:42:00,7752.25,web,B_U1002_14,False,groceries,4906.58,False,normal
txn_0002730,U1101,2026-01-18 19:44:00,1609.81,web,B_U1101_12,False,utilities,2326.49,False,normal
txn_0001428,U1052,2026-01-18 19:45:00,2232.76,mobile,B_U1052_3,False,investment,1695.82,False,normal
txn_0001213,U1044,2026-01-18 19:47:00,1932.21,atm,B_U1044_9,False,peer_transfer,6443.21,False,normal
txn_0002361,U1087,2026-01-18 19:51:00,532.45,mobile,B_U1087_18,False,travel,1419.15,False,normal
txn_0000913,U1033,2026-01-18 20:03:00,1591.31,web,B_U1033_7,False,electronics,2238.38,False,normal
txn_0002596,U1096,2026-01-18 20:10:00,9086.17,mobile,B_U1096_7,False,electronics,4725.77,False,normal
txn_0002103,U1077,2026-01-18 20:20:00,2329.38,mobile,B_U1077_6,False,fuel,1866.36,False,normal
txn_0000322,U1011,2026-01-18 20:46:00,7405.86,web,B_U1011_43522,True,travel,9375.34,False,normal
txn_0002050,U1075,2026-01-18 20:47:00,3644.69,mobile,B_U1075_12,False,peer_transfer,3596.75,False,normal
txn_0000479,U1017,2026-01-18 21:13:00,8844.53,mobile,B_U1017_8,False,peer_transfer,4706.98,False,normal
txn_0000480,U1017,2026-01-18 21:27:00,5521.0,atm,B_U1017_13,False,utilities,4706.98,False,normal
txn_0002964,U1110,2026-01-18 21:27:00,1397.3,web,B_U1110_6,False,dining,2501.88,False,normal
txn_0000831,U1030,2026-01-18 21:31:00,2778.56,mobile,B_U1030_8,False,dining,2316.16,False,normal
txn_0001803,U1066,2026-01-18 21:33:00,1097.76,mobile,B_U1066_11,False,electronics,2174.71,False,normal
txn_0000644,U1023,2026-01-18 21:39:00,6961.67,mobile,B_U1023_15,False,investment,3158.77,False,normal
txn_0000752,U1027,2026-01-18 21:39:00,1401.14,mobile,B_U1027_90703,True,groceries,2802.86,False,normal
txn_0000508,U1018,2026-01-18 21:42:00,2333.96,mobile,B_U1018_8,False,groceries,1714.18,False,normal
txn_0002180,U1080,2026-01-18 22:09:00,2502.41,web,B_U1080_16,False,travel,2738.22,False,normal
txn_0000241,U1008,2026-01-18 22:22:00,4932.43,atm,B_U1008_12388,True,travel,3573.17,False,normal
txn_0001672,U1061,2026-01-18 22:22:00,13958.71,mobile,B_U1061_16,False,travel,13171.59,False,normal
txn_0001265,U1046,2026-01-18 22:28:00,5382.14,mobile,B_U1046_18,False,investment,2217.91,False,normal
txn_0001296,U1047,2026-01-18 22:31:00,2177.48,web,B_U1047_10,False,electronics,2870.56,False,normal
txn_0003197,U1119,2026-01-18 22:47:00,1206.7,mobile,B_U1119_3,False,fuel,2176.44,False,normal
txn_0001346,U1049,2026-01-18 22:50:00,3111.42,web,B_U1049_9,False,peer_transfer,1500.95,False,normal
txn_0000347,U1012,2026-01-18 22:53:00,1276.44,mobile,B_U1012_8,False,utilities,2152.49,False,normal
txn_0001699,U1062,2026-01-18 22:59:00,6714.03,mobile,B_U1062_3,False,peer_transfer,5313.72,False,normal
txn_0001104,U1040,2026-01-18 23:01:00,2099.49,mobile,B_U1040_11,False,fuel,3480.98,False,normal
txn_0001238,U1045,2026-01-18 23:06:00,3490.23,mobile,B_U1045_2,False,groceries,3817.05,False,normal
txn_0000024,U1000,2026-01-18 23:12:00,7293.4,mobile,B_U1000_2,False,investment,3431.57,False,normal
txn_0002286,U1084,2026-01-18 23:12:00,1239.61,mobile,B_U1084_6,False,fuel,1662.97,False,normal
txn_0003145,U1117,2026-01-18 23:19:00,3000.8,mobile,B_U1117_4,False,dining,3396.23,False,normal
txn_0002597,U1096,2026-01-18 23:20:00,4549.5,atm,B_U1096_17,False,peer_transfer,4725.77,False,normal
txn_0000050,U1001,2026-01-18 23:27:00,10331.39,mobile,B_U1001_16,False,investment,2959.57,False,normal
txn_0001078,U1039,2026-01-18 23:35:00,926.67,mobile,B_U1039_54853,True,groceries,1555.7,False,normal
txn_0002884,U1107,2026-01-18 23:35:00,2186.79,web,B_U1107_17,False,groceries,2290.51,False,normal
txn_0003121,U1116,2026-01-19 00:34:00,6414.63,mobile,B_U1116_16,False,peer_transfer,5060.46,False,normal
txn_0002415,U1089,2026-01-19 00:37:00,9849.59,mobile,B_U1089_10,False,dining,9995.49,False,normal
txn_0002338,U1086,2026-01-19 00:45:00,4072.72,atm,B_U1086_3,False,dining,4347.82,False,normal
txn_0000509,U1018,2026-01-19 00:52:00,585.94,mobile,B_U1018_8,False,fuel,1714.18,False,normal
txn_0002885,U1107,2026-01-19 00:57:00,2796.88,mobile,B_U1107_10,False,electronics,2290.51,False,normal
txn_0002232,U1082,2026-01-19 01:03:00,2771.71,web,B_U1082_3,False,travel,4569.76,False,normal
txn_0000185,U1006,2026-01-19 01:04:00,3205.68,mobile,B_U1006_3,False,fuel,2287.03,False,normal
txn_0001399,U1051,2026-01-19 01:22:00,1308.14,mobile,B_U1051_7,False,travel,1990.06,False,normal
txn_0002990,U1111,2026-01-19 01:28:00,4343.25,atm,B_U1111_13,False,travel,3287.89,False,normal
txn_0000186,U1006,2026-01-19 01:57:00,3697.46,mobile,B_U1006_10,False,travel,2287.03,False,normal
txn_0001565,U1057,2026-01-19 02:03:00,8538.29,web,B_U1057_2,False,utilities,6319.59,False,normal
txn_0002313,U1085,2026-01-19 02:05:00,2091.78,web,B_U1085_2,False,groceries,1952.44,False,normal
txn_0001048,U1038,2026-01-19 02:12:00,16292.9,mobile,B_U1038_13,False,utilities,9163.94,False,normal
txn_0000510,U1018,2026-01-19 02:51:00,1714.43,mobile,B_U1018_11,False,investment,1714.18,False,normal
txn_0001020,U1037,2026-01-19 02:53:00,5093.44,mobile,B_U1037_9,False,groceries,3096.92,False,normal
txn_0002781,U1103,2026-01-19 02:59:00,1260.23,mobile,B_U1103_1,False,fuel,3356.29,False,normal
txn_0002362,U1087,2026-01-19 03:01:00,943.75,web,B_U1087_1,False,fuel,1419.15,False,normal
txn_0001940,U1071,2026-01-19 03:41:00,1713.01,web,B_U1071_13,False,groceries,4084.71,False,normal
txn_0001505,U1055,2026-01-19 03:46:00,1682.03,atm,B_U1055_16,False,utilities,2454.82,False,normal
txn_0002886,U1107,2026-01-19 03:54:00,1910.06,mobile,B_U1107_8,False,fuel,2290.51,False,normal
txn_0002441,U1090,2026-01-19 03:55:00,2995.33,web,B_U1090_10,False,investment,3957.38,False,normal
txn_0000698,U1025,2026-01-19 03:56:00,1665.93,web,B_U1025_2,False,investment,2077.08,False,normal
txn_0000592,U1021,2026-01-19 04:00:00,2259.62,mobile,B_U1021_2,False,peer_transfer,2094.79,False,normal
txn_0002750,U1102,2026-01-19 04:16:00,2441.32,atm,B_U1102_11,False,utilities,4673.84,False,normal
txn_0002151,U1079,2026-01-19 04:19:00,1352.68,mobile,B_U1079_2,False,peer_transfer,1934.95,False,normal
txn_0003069,U1114,2026-01-19 04:41:00,7589.79,mobile,B_U1114_12,False,investment,2369.62,False,normal
txn_0003198,U1119,2026-01-19 04:50:00,1655.64,mobile,B_U1119_8,False,travel,2176.44,False,normal
txn_0001673,U1061,2026-01-19 05:07:00,11929.98,mobile,B_U1061_12,False,groceries,13171.59,False,normal
txn_0003093,U1115,2026-01-19 05:13:00,2036.95,atm,B_U1115_16,False,utilities,1701.41,False,normal
txn_0001535,U1056,2026-01-19 05:20:00,5271.67,web,B_U1056_8,False,fuel,4117.9,False,normal
txn_0003094,U1115,2026-01-19 05:25:00,1704.94,web,B_U1115_6,False,investment,1701.41,False,normal
txn_0002051,U1075,2026-01-19 05:28:00,2636.4,web,B_U1075_6,False,dining,3596.75,False,normal
txn_0001828,U1067,2026-01-19 05:34:00,3316.4,web,B_U1067_2,False,peer_transfer,2136.18,False,normal
txn_0001644,U1060,2026-01-19 06:08:00,1243.68,mobile,B_U1060_13,False,fuel,2200.45,False,normal
txn_0003168,U1118,2026-01-19 06:09:00,3167.39,mobile,B_U1118_9,False,fuel,3428.82,False,normal
txn_0002416,U1089,2026-01-19 06:17:00,22563.56,mobile,B_U1089_8,False,fuel,9995.49,False,normal
txn_0002181,U1080,2026-01-19 06:40:00,1114.56,mobile,B_U1080_2,False,groceries,2738.22,False,normal
txn_0002104,U1077,2026-01-19 06:43:00,5254.51,mobile,B_U1077_7,False,peer_transfer,1866.36,False,normal
txn_0001996,U1073,2026-01-19 06:47:00,1846.7,mobile,B_U1073_13,False,travel,3306.92,False,normal
txn_0003095,U1115,2026-01-19 06:48:00,2699.57,mobile,B_U1115_17,False,electronics,1701.41,False,normal
txn_0001105,U1040,2026-01-19 06:59:00,5528.41,mobile,B_U1040_14,False,dining,3480.98,False,normal
txn_0003169,U1118,2026-01-19 07:25:00,6272.04,web,B_U1118_3,False,electronics,3428.82,False,normal
txn_0000268,U1009,2026-01-19 07:34:00,1406.44,web,B_U1009_14,False,fuel,1573.47,False,normal
txn_0002442,U1090,2026-01-19 07:35:00,1950.4,mobile,B_U1090_16,False,fuel,3957.38,False,normal
txn_0001536,U1056,2026-01-19 07:43:00,6082.96,mobile,B_U1056_8,False,electronics,4117.9,False,normal
txn_0001477,U1054,2026-01-19 07:44:00,1942.71,mobile,B_U1054_6,False,utilities,2347.07,False,normal
txn_0000103,U1003,2026-01-19 07:53:00,2504.14,mobile,B_U1003_8,False,peer_transfer,2001.51,False,normal
txn_0000376,U1013,2026-01-19 07:54:00,3974.6,mobile,B_U1013_2,False,electronics,4381.55,False,normal
txn_0002598,U1096,2026-01-19 08:09:00,5415.2,mobile,B_U1096_17,False,fuel,4725.77,False,normal
txn_0002859,U1106,2026-01-19 08:19:00,2579.0,mobile,B_U1106_1,False,groceries,3670.02,False,normal
txn_0002152,U1079,2026-01-19 08:22:00,793.56,mobile,B_U1079_12,False,dining,1934.95,False,normal
txn_0000967,U1035,2026-01-19 08:23:00,4377.87,mobile,B_U1035_19160,True,fuel,2810.15,False,normal
txn_0000051,U1001,2026-01-19 08:26:00,8540.23,mobile,B_U1001_18,False,investment,2959.57,False,normal
txn_0001537,U1056,2026-01-19 08:27:00,4769.2,mobile,B_U1056_5,False,electronics,4117.9,False,normal
txn_0000753,U1027,2026-01-19 08:29:00,1303.06,mobile,B_U1027_10,False,utilities,2802.86,False,normal
txn_0002521,U1093,2026-01-19 08:36:00,4480.89,mobile,B_U1093_7,False,dining,3053.67,False,normal
txn_0002547,U1094,2026-01-19 08:37:00,2060.41,mobile,B_U1094_1,False,utilities,2174.74,False,normal
txn_0002469,U1091,2026-01-19 08:39:00,1674.06,mobile,B_U1091_14,False,investment,1905.36,False,normal
txn_0000269,U1009,2026-01-19 08:42:00,1594.87,atm,B_U1009_3,False,fuel,1573.47,False,normal
txn_0000914,U1033,2026-01-19 08:42:00,3457.74,web,B_U1033_5,False,investment,2238.38,False,normal
txn_0002991,U1111,2026-01-19 08:52:00,1171.97,mobile,B_U1111_16,False,dining,3287.89,False,normal
txn_0001400,U1051,2026-01-19 08:55:00,3517.31,mobile,B_U1051_7,False,travel,1990.06,False,normal
txn_0001239,U1045,2026-01-19 09:12:00,2767.5,mobile,B_U1045_12,False,groceries,3817.05,False,normal
txn_0001155,U1042,2026-01-19 09:31:00,5716.96,web,B_U1042_18,False,travel,4610.29,False,normal
txn_0001429,U1052,2026-01-19 09:38:00,1211.2,mobile,B_U1052_14,False,investment,1695.82,False,normal
txn_0000673,U1024,2026-01-19 09:41:00,1253.02,web,B_U1024_1,False,dining,3630.97,False,normal
txn_0001829,U1067,2026-01-19 09:43:00,6716.64,mobile,B_U1067_5,False,electronics,2136.18,False,normal
txn_0001778,U1065,2026-01-19 10:00:00,4275.85,web,B_U1065_5,False,electronics,2907.56,False,normal
txn_0001156,U1042,2026-01-19 10:01:00,3906.77,web,B_U1042_85587,True,electronics,4610.29,False,normal
txn_0000133,U1004,2026-01-19 10:12:00,3374.26,mobile,B_U1004_8,False,peer_transfer,2852.1,False,normal
txn_0000915,U1033,2026-01-19 10:22:00,3159.95,atm,B_U1033_14,False,fuel,2238.38,False,normal
txn_0000161,U1005,2026-01-19 10:25:00,3105.21,mobile,B_U1005_3,False,dining,2618.11,False,normal
txn_0001021,U1037,2026-01-19 10:29:00,2714.98,web,B_U1037_3,False,dining,3096.92,False,normal
txn_0003014,U1112,2026-01-19 10:32:00,9317.43,web,B_U1112_17,False,electronics,5205.26,False,normal
txn_0002024,U1074,2026-01-19 10:47:00,2844.19,mobile,B_U1074_12,False,travel,2873.53,False,normal
txn_0001478,U1054,2026-01-19 10:51:00,2952.92,mobile,B_U1054_74358,True,peer_transfer,2347.07,False,normal
txn_0001347,U1049,2026-01-19 11:20:00,1811.45,mobile,B_U1049_16,False,fuel,1500.95,False,normal
txn_0001804,U1066,2026-01-19 11:24:00,749.25,web,B_U1066_18,False,peer_transfer,2174.71,False,normal
txn_0002965,U1110,2026-01-19 11:28:00,3120.5,atm,B_U1110_7,False,electronics,2501.88,False,normal
txn_0001752,U1064,2026-01-19 11:38:00,14995.42,mobile,B_U1064_11,False,dining,7922.85,False,normal
txn_0000781,U1028,2026-01-19 11:55:00,3348.07,web,B_U1028_10,False,travel,4440.68,False,normal
txn_0001610,U1059,2026-01-19 11:57:00,3641.93,mobile,B_U1059_10,False,electronics,2320.66,False,normal
txn_0003015,U1112,2026-01-19 12:00:00,6311.92,mobile,B_U1112_51629,True,fuel,5205.26,False,normal
txn_0001188,U1043,2026-01-19 12:07:00,4465.31,mobile,B_U1043_9,False,investment,6061.22,False,normal
txn_0000860,U1031,2026-01-19 12:16:00,1607.88,mobile,B_U1031_17,False,dining,3939.68,False,normal
txn_0002626,U1097,2026-01-19 12:22:00,1430.65,web,B_U1097_10,False,utilities,1723.17,False,normal
txn_0001348,U1049,2026-01-19 12:41:00,738.32,mobile,B_U1049_16,False,groceries,1500.95,False,normal
txn_0001830,U1067,2026-01-19 12:46:00,1765.96,web,B_U1067_14,False,groceries,2136.18,False,normal
txn_0002443,U1090,2026-01-19 12:56:00,1424.06,mobile,B_U1090_16,False,utilities,3957.38,False,normal
txn_0002599,U1096,2026-01-19 12:57:00,4939.36,web,B_U1096_5,False,travel,4725.77,False,normal
txn_0001401,U1051,2026-01-19 13:04:00,2928.46,web,B_U1051_5,False,investment,1990.06,False,normal
txn_0001454,U1053,2026-01-19 13:04:00,2641.46,mobile,B_U1053_13,False,fuel,3360.77,False,normal
txn_0001831,U1067,2026-01-19 13:04:00,4494.02,web,B_U1067_11,False,peer_transfer,2136.18,False,normal
txn_0002751,U1102,2026-01-19 13:18:00,8100.05,mobile,B_U1102_5,False,utilities,4673.84,False,normal
txn_0001479,U1054,2026-01-19 13:25:00,2272.32,mobile,B_U1054_6,False,dining,2347.07,False,normal
txn_0002571,U1095,2026-01-19 13:36:00,6014.9,atm,B_U1095_8,False,electronics,4619.02,False,normal
txn_0002391,U1088,2026-01-19 13:40:00,1943.93,web,B_U1088_5,False,groceries,1638.89,False,normal
txn_0000645,U1023,2026-01-19 14:07:00,2870.68,mobile,B_U1023_7,False,travel,3158.77,False,normal
txn_0002052,U1075,2026-01-19 14:16:00,1798.56,web,B_U1075_35512,True,peer_transfer,3596.75,False,normal
txn_0003170,U1118,2026-01-19 14:18:00,3363.35,mobile,B_U1118_3,False,utilities,3428.82,False,normal
txn_0002444,U1090,2026-01-19 14:32:00,4790.15,mobile,B_U1090_12,False,dining,3957.38,False,normal
txn_0002572,U1095,2026-01-19 14:46:00,3854.95,mobile,B_U1095_8,False,dining,4619.02,False,normal
txn_0002807,U1104,2026-01-19 14:54:00,3049.93,web,B_U1104_1,False,dining,1958.45,False,normal
txn_0000754,U1027,2026-01-19 15:09:00,3981.85,mobile,B_U1027_2,False,electronics,2802.86,False,normal
txn_0001318,U1048,2026-01-19 15:19:00,1588.4,mobile,B_U1048_11,False,dining,2557.77,False,normal
txn_0000916,U1033,2026-01-19 15:25:00,1795.94,atm,B_U1033_6,False,electronics,2238.38,False,normal
txn_0001753,U1064,2026-01-19 15:53:00,12504.61,mobile,B_U1064_3,False,electronics,7922.85,False,normal
txn_0002470,U1091,2026-01-19 16:04:00,6040.77,web,B_U1091_10,False,travel,1905.36,False,normal
txn_0002182,U1080,2026-01-19 16:08:00,1333.55,web,B_U1080_11,False,investment,2738.22,False,normal
txn_0002752,U1102,2026-01-19 16:32:00,16752.75,atm,B_U1102_1,False,investment,4673.84,False,normal
txn_0000377,U1013,2026-01-19 16:54:00,15348.9,web,B_U1013_3,False,investment,4381.55,False,normal
txn_0002703,U1100,2026-01-19 16:55:00,4449.6,web,B_U1100_1,False,dining,3364.39,False,normal
txn_0002808,U1104,2026-01-19 17:10:00,1679.11,mobile,B_U1104_13,False,groceries,1958.45,False,normal
txn_0001214,U1044,2026-01-19 17:11:00,18968.36,mobile,B_U1044_12,False,utilities,6443.21,False,normal
txn_0002183,U1080,2026-01-19 17:15:00,7425.17,mobile,B_U1080_1,False,travel,2738.22,False,normal
txn_0003171,U1118,2026-01-19 17:27:00,2404.75,mobile,B_U1118_12,False,peer_transfer,3428.82,False,normal
txn_0000077,U1002,2026-01-19 17:34:00,8745.92,atm,B_U1002_5,False,investment,4906.58,False,normal
txn_0001157,U1042,2026-01-19 17:42:00,7489.53,web,B_U1042_4,False,fuel,4610.29,False,normal
txn_0002832,U1105,2026-01-19 17:53:00,5569.18,atm,B_U1105_9,False,fuel,5101.93,False,normal
txn_0000943,U1034,2026-01-19 18:07:00,3454.28,mobile,B_U1034_3,False,peer_transfer,3918.7,False,normal
txn_0000104,U1003,2026-01-19 18:28:00,1581.45,web,B_U1003_13,False,travel,2001.51,False,normal
txn_0002753,U1102,2026-01-19 18:34:00,5155.27,web,B_U1102_17,False,travel,4673.84,False,normal
txn_0001506,U1055,2026-01-19 18:35:00,1926.64,mobile,B_U1055_16,False,groceries,2454.82,False,normal
txn_0002392,U1088,2026-01-19 18:39:00,2684.55,mobile,B_U1088_90929,True,electronics,1638.89,False,normal
txn_0002417,U1089,2026-01-19 18:40:00,6608.81,mobile,B_U1089_17,False,travel,9995.49,False,normal
txn_0000457,U1016,2026-01-19 18:46:00,1370.56,mobile,B_U1016_3,False,dining,2121.6,False,normal
txn_0002233,U1082,2026-01-19 18:58:00,5195.09,web,B_U1082_17,False,utilities,4569.76,False,normal
txn_0002075,U1076,2026-01-19 19:00:00,5366.81,mobile,B_U1076_17,False,fuel,4907.7,False,normal
txn_0002153,U1079,2026-01-19 19:03:00,1528.36,web,B_U1079_76984,True,peer_transfer,1934.95,False,normal
txn_0002260,U1083,2026-01-19 19:26:00,3416.32,mobile,B_U1083_74999,True,dining,3626.19,False,normal
txn_0001590,U1058,2026-01-19 19:48:00,3352.93,mobile,B_U1058_18,False,fuel,4002.51,False,normal
txn_0002648,U1098,2026-01-19 19:59:00,6619.56,mobile,B_U1098_7,False,investment,7495.59,False,normal
txn_0003122,U1116,2026-01-19 20:04:00,4893.01,web,B_U1116_13,False,fuel,5060.46,False,normal
txn_0003042,U1113,2026-01-19 20:12:00,1715.31,web,B_U1113_61619,True,peer_transfer,1261.03,False,normal
txn_0000887,U1032,2026-01-19 20:15:00,1264.82,mobile,B_U1032_14,False,utilities,1492.58,False,normal
txn_0002184,U1080,2026-01-19 20:56:00,4202.9,web,B_U1080_2,False,utilities,2738.22,False,normal
txn_0003070,U1114,2026-01-19 21:08:00,1442.6,mobile,B_U1114_18,False,utilities,2369.62,False,normal
txn_0001131,U1041,2026-01-19 21:18:00,3418.47,mobile,B_U1041_5,False,fuel,3955.76,False,normal
txn_0002185,U1080,2026-01-19 21:27:00,3453.46,mobile,B_U1080_18,False,groceries,2738.22,False,normal
txn_0001886,U1069,2026-01-19 21:28:00,6643.63,mobile,B_U1069_35686,True,groceries,5981.69,False,normal
txn_0002154,U1079,2026-01-19 21:31:00,898.04,mobile,B_U1079_18,False,dining,1934.95,False,normal
txn_0001970,U1072,2026-01-19 21:47:00,2324.24,mobile,B_U1072_5,False,utilities,5461.96,False,normal
txn_0000270,U1009,2026-01-19 21:51:00,2895.33,mobile,B_U1009_18,False,fuel,1573.47,False,normal
txn_0001373,U1050,2026-01-19 21:53:00,2555.72,mobile,B_U1050_10,False,groceries,3695.41,False,normal
txn_0002363,U1087,2026-01-19 22:14:00,888.25,web,B_U1087_7,False,peer_transfer,1419.15,False,normal
txn_0000078,U1002,2026-01-19 22:51:00,2259.02,mobile,B_U1002_18,False,fuel,4906.58,False,normal
txn_0000105,U1003,2026-01-19 22:55:00,859.83,atm,B_U1003_3,False,investment,2001.51,False,normal
txn_0001455,U1053,2026-01-19 22:58:00,12315.11,mobile,B_U1053_8,False,investment,3360.77,False,normal
txn_0002155,U1079,2026-01-19 22:58:00,1107.22,web,B_U1079_8,False,fuel,1934.95,False,normal
txn_0000728,U1026,2026-01-19 23:00:00,2325.14,mobile,B_U1026_12,False,groceries,2270.01,False,normal
txn_0002234,U1082,2026-01-19 23:11:00,3182.83,atm,B_U1082_4,False,fuel,4569.76,False,normal
txn_0001726,U1063,2026-01-19 23:30:00,14961.89,mobile,B_U1063_7,False,peer_transfer,10220.13,False,normal
txn_0002911,U1108,2026-01-19 23:40:00,4670.16,mobile,B_U1108_16,False,peer_transfer,3438.35,False,normal
txn_0001402,U1051,2026-01-19 23:45:00,1688.74,web,B_U1051_13,False,electronics,1990.06,False,normal
txn_0002704,U1100,2026-01-20 00:16:00,2301.4,atm,B_U1100_7,False,peer_transfer,3364.39,False,normal
txn_0001727,U1063,2026-01-20 00:18:00,23623.01,mobile,B_U1063_5,False,investment,10220.13,False,normal
txn_0001266,U1046,2026-01-20 00:21:00,4234.41,mobile,B_U1046_8,False,electronics,2217.91,False,normal
txn_0000755,U1027,2026-01-20 00:37:00,1569.62,atm,B_U1027_1,False,investment,2802.86,False,normal
txn_0000809,U1029,2026-01-20 00:37:00,5890.18,mobile,B_U1029_12,False,dining,2499.66,False,normal
txn_0002364,U1087,2026-01-20 00:46:00,836.76,web,B_U1087_14,False,utilities,1419.15,False,normal
txn_0001863,U1068,2026-01-20 00:47:00,1817.81,mobile,B_U1068_8,False,peer_transfer,2999.9,False,normal
txn_0000968,U1035,2026-01-20 00:56:00,1868.58,mobile,B_U1035_2,False,fuel,2810.15,False,normal
txn_0000618,U1022,2026-01-20 01:10:00,4359.51,web,B_U1022_10,False,peer_transfer,4140.87,False,normal
txn_0001915,U1070,2026-01-20 01:43:00,12878.08,web,B_U1070_6,False,electronics,4224.9,False,normal
txn_0002833,U1105,2026-01-20 02:08:00,4604.25,web,B_U1105_12901,True,investment,5101.93,False,normal
txn_0001916,U1070,2026-01-20 02:09:00,3411.13,web,B_U1070_9,False,utilities,4224.9,False,normal
txn_0002261,U1083,2026-01-20 02:20:00,2540.84,web,B_U1083_74300,True,utilities,3626.19,False,normal
txn_0000832,U1030,2026-01-20 02:28:00,1405.37,mobile,B_U1030_13,False,investment,2316.16,False,normal
txn_0002754,U1102,2026-01-20 02:33:00,7697.79,web,B_U1102_15,False,peer_transfer,4673.84,False,normal
txn_0000593,U1021,2026-01-20 02:44:00,1783.71,mobile,B_U1021_4,False,peer_transfer,2094.79,False,normal
txn_0001319,U1048,2026-01-20 02:58:00,1743.56,web,B_U1048_18,False,fuel,2557.77,False,normal
txn_0001779,U1065,2026-01-20 02:59:00,3545.49,mobile,B_U1065_12,False,groceries,2907.56,False,normal
txn_0003172,U1118,2026-01-20 03:06:00,1185.98,mobile,B_U1118_13,False,peer_transfer,3428.82,False,normal
txn_0002497,U1092,2026-01-20 03:08:00,2345.24,mobile,B_U1092_7,False,travel,2917.77,False,normal
txn_0003199,U1119,2026-01-20 03:12:00,2301.27,web,B_U1119_7,False,travel,2176.44,False,normal
txn_0002471,U1091,2026-01-20 03:22:00,1389.2,atm,B_U1091_16,False,fuel,1905.36,False,normal
txn_0001591,U1058,2026-01-20 03:34:00,3661.45,mobile,B_U1058_75408,True,groceries,4002.51,False,normal
txn_0001158,U1042,2026-01-20 03:53:00,7089.51,mobile,B_U1042_10,False,utilities,4610.29,False,normal
txn_0001611,U1059,2026-01-20 04:22:00,1073.63,web,B_U1059_14,False,fuel,2320.66,False,normal
txn_0002076,U1076,2026-01-20 04:25:00,3020.36,mobile,B_U1076_8,False,investment,4907.7,False,normal
txn_0001159,U1042,2026-01-20 04:37:00,2538.39,atm,B_U1042_8,False,travel,4610.29,False,normal
txn_0002132,U1078,2026-01-20 04:45:00,5053.23,web,B_U1078_13,False,fuel,6944.14,False,normal
txn_0003096,U1115,2026-01-20 04:51:00,1683.64,mobile,B_U1115_18,False,utilities,1701.41,False,normal
txn_0003146,U1117,2026-01-20 04:51:00,2463.97,web,B_U1117_8,False,utilities,3396.23,False,normal
txn_0001592,U1058,2026-01-20 05:21:00,8676.63,mobile,B_U1058_14,False,fuel,4002.51,False,normal
txn_0001106,U1040,2026-01-20 05:36:00,2325.26,web,B_U1040_11,False,dining,3480.98,False,normal
txn_0003147,U1117,2026-01-20 05:37:00,3182.78,mobile,B_U1117_9,False,electronics,3396.23,False,normal
txn_0001997,U1073,2026-01-20 05:38:00,2662.42,web,B_U1073_8,False,dining,3306.92,False,normal
txn_0001700,U1062,2026-01-20 06:11:00,3155.07,atm,B_U1062_15,False,travel,5313.72,False,normal
txn_0002649,U1098,2026-01-20 06:17:00,5341.79,web,B_U1098_9,False,dining,7495.59,False,normal
txn_0000674,U1024,2026-01-20 06:19:00,2147.73,mobile,B_U1024_16,False,utilities,3630.97,False,normal
txn_0002365,U1087,2026-01-20 06:22:00,2298.15,mobile,B_U1087_13,False,investment,1419.15,False,normal
txn_0003200,U1119,2026-01-20 06:30:00,2700.24,mobile,B_U1119_1,False,peer_transfer,2176.44,False,normal
txn_0001780,U1065,2026-01-20 06:32:00,3070.87,mobile,B_U1065_1,False,utilities,2907.56,False,normal
txn_0001480,U1054,2026-01-20 06:47:00,2388.33,web,B_U1054_74294,True,dining,2347.07,False,normal
txn_0000025,U1000,2026-01-20 06:59:00,5589.55,mobile,B_U1000_12,False,peer_transfer,3431.57,False,normal
txn_0001507,U1055,2026-01-20 07:23:00,5591.19,mobile,B_U1055_1,False,electronics,2454.82,False,normal
txn_0002522,U1093,2026-01-20 07:37:00,3887.51,web,B_U1093_2,False,groceries,3053.67,False,normal
txn_0002186,U1080,2026-01-20 07:43:00,2250.67,mobile,B_U1080_7,False,electronics,2738.22,False,normal
txn_0002912,U1108,2026-01-20 07:46:00,3556.14,mobile,B_U1108_12,False,investment,3438.35,False,normal
txn_0000944,U1034,2026-01-20 07:59:00,4658.7,mobile,B_U1034_17,False,dining,3918.7,False,normal
txn_0001022,U1037,2026-01-20 08:07:00,1888.58,mobile,B_U1037_4,False,travel,3096.92,False,normal
txn_0002393,U1088,2026-01-20 08:18:00,932.08,atm,B_U1088_8,False,groceries,1638.89,False,normal
txn_0002418,U1089,2026-01-20 08:20:00,6352.6,mobile,B_U1089_2,False,groceries,9995.49,False,normal
txn_0002419,U1089,2026-01-20 08:31:00,6205.54,atm,B_U1089_1,False,utilities,9995.49,False,normal
txn_0001403,U1051,2026-01-20 09:55:00,2826.35,mobile,B_U1051_4,False,electronics,1990.06,False,normal
txn_0001430,U1052,2026-01-20 09:59:00,1589.88,mobile,B_U1052_5,False,dining,1695.82,False,normal
txn_0001887,U1069,2026-01-20 10:04:00,4896.31,atm,B_U1069_5,False,utilities,5981.69,False,normal
txn_0000242,U1008,2026-01-20 10:09:00,4932.22,atm,B_U1008_11,False,travel,3573.17,False,normal
txn_0001612,U1059,2026-01-20 10:10:00,3048.52,web,B_U1059_14,False,investment,2320.66,False,normal
txn_0001917,U1070,2026-01-20 10:28:00,4470.89,mobile,B_U1070_14,False,investment,4224.9,False,normal
txn_0002472,U1091,2026-01-20 10:28:00,1545.89,web,B_U1091_15,False,utilities,1905.36,False,normal
txn_0000481,U1017,2026-01-20 10:30:00,4102.48,atm,B_U1017_1,False,electronics,4706.98,False,normal
txn_0002809,U1104,2026-01-20 10:30:00,1587.43,web,B_U1104_11,False,peer_transfer,1958.45,False,normal
txn_0002235,U1082,2026-01-20 10:32:00,5215.21,mobile,B_U1082_18,False,dining,4569.76,False,normal
txn_0000888,U1032,2026-01-20 10:35:00,924.56,web,B_U1032_4,False,utilities,1492.58,False,normal
txn_0002339,U1086,2026-01-20 10:41:00,2067.31,web,B_U1086_57060,True,groceries,4347.82,False,normal
txn_0002262,U1083,2026-01-20 10:54:00,5048.5,mobile,B_U1083_9,False,groceries,3626.19,False,normal
txn_0000539,U1019,2026-01-20 10:56:00,1579.03,web,B_U1019_6,False,groceries,4323.75,False,normal
txn_0001481,U1054,2026-01-20 11:24:00,914.36,web,B_U1054_12,False,fuel,2347.07,False,normal
txn_0000969,U1035,2026-01-20 11:46:00,4219.95,mobile,B_U1035_12,False,electronics,2810.15,False,normal
txn_0001079,U1039,2026-01-20 11:53:00,1568.84,mobile,B_U1039_13,False,dining,1555.7,False,normal
txn_0000295,U1010,2026-01-20 11:55:00,12715.61,mobile,B_U1010_18,False,investment,4545.51,False,normal
txn_0001267,U1046,2026-01-20 12:05:00,4387.51,mobile,B_U1046_14,False,utilities,2217.91,False,normal
txn_0002523,U1093,2026-01-20 12:12:00,1810.9,web,B_U1093_13,False,fuel,3053.67,False,normal
txn_0002705,U1100,2026-01-20 12:27:00,4819.75,web,B_U1100_86305,True,groceries,3364.39,False,normal
txn_0000699,U1025,2026-01-20 12:47:00,1217.09,mobile,B_U1025_2,False,fuel,2077.08,False,normal
txn_0001320,U1048,2026-01-20 13:09:00,2827.61,mobile,B_U1048_9,False,dining,2557.77,False,normal
txn_0002755,U1102,2026-01-20 13:11:00,5522.89,mobile,B_U1102_10,False,dining,4673.84,False,normal
txn_0001023,U1037,2026-01-20 13:14:00,3014.56,mobile,B_U1037_10,False,utilities,3096.92,False,normal
txn_0001971,U1072,2026-01-20 13:31:00,4723.67,mobile,B_U1072_10,False,peer_transfer,5461.96,False,normal
txn_0002627,U1097,2026-01-20 13:32:00,2557.51,atm,B_U1097_6,False,investment,1723.17,False,normal
txn_0001456,U1053,2026-01-20 13:33:00,2563.82,mobile,B_U1053_7,False,groceries,3360.77,False,normal
txn_0001805,U1066,2026-01-20 13:41:00,906.03,web,B_U1066_3,False,electronics,2174.71,False,normal
txn_0000810,U1029,2026-01-20 13:59:00,1330.76,web,B_U1029_2,False,dining,2499.66,False,normal
txn_0001832,U1067,2026-01-20 14:02:00,4242.66,web,B_U1067_10,False,travel,2136.18,False,normal
txn_0002366,U1087,2026-01-20 14:12:00,988.21,web,B_U1087_26226,True,electronics,1419.15,False,normal
txn_0002887,U1107,2026-01-20 14:23:00,3250.48,web,B_U1107_7,False,electronics,2290.51,False,normal
txn_0000511,U1018,2026-01-20 15:11:00,2812.37,mobile,B_U1018_62609,True,peer_transfer,1714.18,False,normal
txn_0002105,U1077,2026-01-20 15:15:00,953.61,mobile,B_U1077_3,False,dining,1866.36,False,normal
txn_0002156,U1079,2026-01-20 15:17:00,3317.71,mobile,B_U1079_18,False,electronics,1934.95,False,normal
txn_0000323,U1011,2026-01-20 15:47:00,32319.62,mobile,B_U1011_3,False,investment,9375.34,False,normal
txn_0000861,U1031,2026-01-20 15:47:00,7534.55,mobile,B_U1031_6,False,utilities,3939.68,False,normal
txn_0001728,U1063,2026-01-20 15:50:00,11241.64,web,B_U1063_78905,True,electronics,10220.13,False,normal
txn_0001833,U1067,2026-01-20 15:50:00,1547.27,mobile,B_U1067_47559,True,groceries,2136.18,False,normal
txn_0000429,U1015,2026-01-20 15:59:00,2739.5,mobile,B_U1015_1,False,electronics,2999.76,False,normal
txn_0002157,U1079,2026-01-20 16:34:00,1829.89,mobile,B_U1079_5,False,electronics,1934.95,False,normal
txn_0000833,U1030,2026-01-20 16:44:00,4431.35,mobile,B_U1030_9,False,travel,2316.16,False,normal
txn_0001941,U1071,2026-01-20 16:46:00,2210.15,mobile,B_U1071_6,False,peer_transfer,4084.71,False,normal
txn_0000512,U1018,2026-01-20 16:55:00,1653.07,mobile,B_U1018_31032,True,dining,1714.18,False,normal
txn_0002077,U1076,2026-01-20 17:00:00,5107.79,web,B_U1076_13,False,investment,4907.7,False,normal
txn_0000134,U1004,2026-01-20 17:16:00,2550.29,mobile,B_U1004_9,False,utilities,2852.1,False,normal
txn_0001806,U1066,2026-01-20 17:29:00,1553.03,web,B_U1066_14,False,groceries,2174.71,False,normal
txn_0002650,U1098,2026-01-20 17:44:00,3426.72,mobile,B_U1098_15,False,dining,7495.59,False,normal
txn_0002651,U1098,2026-01-20 17:58:00,2845.22,web,B_U1098_10,False,utilities,7495.59,False,normal
txn_0002676,U1099,2026-01-20 18:09:00,16238.01,mobile,B_U1099_5,False,investment,7588.88,False,normal
txn_0000052,U1001,2026-01-20 18:12:00,3910.55,web,B_U1001_17,False,utilities,2959.57,False,normal
txn_0000482,U1017,2026-01-20 18:22:00,4307.81,web,B_U1017_6,False,travel,4706.98,False,normal
txn_0002782,U1103,2026-01-20 18:23:00,4885.85,mobile,B_U1103_7,False,electronics,3356.29,False,normal
txn_0000026,U1000,2026-01-20 18:28:00,3496.55,mobile,B_U1000_1,False,travel,3431.57,False,normal
txn_0000970,U1035,2026-01-20 18:35:00,1986.48,mobile,B_U1035_16,False,investment,2810.15,False,normal
txn_0000834,U1030,2026-01-20 18:42:00,2365.31,mobile,B_U1030_15,False,electronics,2316.16,False,normal
txn_0000215,U1007,2026-01-20 18:43:00,8327.76,atm,B_U1007_7,False,electronics,3285.15,False,normal
txn_0001024,U1037,2026-01-20 19:08:00,4457.36,mobile,B_U1037_7,False,electronics,3096.92,False,normal
txn_0001049,U1038,2026-01-20 20:06:00,9438.5,mobile,B_U1038_10,False,dining,9163.94,False,normal
txn_0000106,U1003,2026-01-20 20:07:00,986.12,atm,B_U1003_14,False,groceries,2001.51,False,normal
txn_0001215,U1044,2026-01-20 20:53:00,5323.6,web,B_U1044_18,False,groceries,6443.21,False,normal
txn_0002367,U1087,2026-01-20 21:14:00,1209.99,mobile,B_U1087_11,False,dining,1419.15,False,normal
txn_0002263,U1083,2026-01-20 21:26:00,3193.36,mobile,B_U1083_9,False,groceries,3626.19,False,normal
txn_0001942,U1071,2026-01-20 21:28:00,5010.98,mobile,B_U1071_1,False,utilities,4084.71,False,normal
txn_0001349,U1049,2026-01-20 21:31:00,1844.11,mobile,B_U1049_12,False,investment,1500.95,False,normal
txn_0002287,U1084,2026-01-20 21:37:00,3625.16,web,B_U1084_17,False,peer_transfer,1662.97,False,normal
txn_0002573,U1095,2026-01-20 21:48:00,1947.9,mobile,B_U1095_9,False,utilities,4619.02,False,normal
txn_0002445,U1090,2026-01-20 22:10:00,2911.79,web,B_U1090_11,False,groceries,3957.38,False,normal
txn_0002677,U1099,2026-01-20 22:16:00,7987.78,mobile,B_U1099_10,False,travel,7588.88,False,normal
txn_0000835,U1030,2026-01-20 22:21:00,772.31,mobile,B_U1030_18,False,investment,2316.16,False,normal
txn_0002158,U1079,2026-01-20 22:26:00,1074.82,mobile,B_U1079_3,False,electronics,1934.95,False,normal
txn_0001457,U1053,2026-01-20 22:32:00,1938.61,mobile,B_U1053_30767,True,dining,3360.77,False,normal
txn_0000079,U1002,2026-01-20 22:35:00,4077.18,mobile,B_U1002_82810,True,peer_transfer,4906.58,False,normal
txn_0001613,U1059,2026-01-20 22:53:00,1618.28,mobile,B_U1059_16,False,peer_transfer,2320.66,False,normal
txn_0000430,U1015,2026-01-20 23:04:00,2655.11,mobile,B_U1015_1,False,peer_transfer,2999.76,False,normal
txn_0001025,U1037,2026-01-20 23:09:00,7470.63,mobile,B_U1037_7,False,electronics,3096.92,False,normal
txn_0002340,U1086,2026-01-20 23:35:00,1351.81,web,B_U1086_18,False,travel,4347.82,False,normal
txn_0002236,U1082,2026-01-20 23:39:00,1940.43,mobile,B_U1082_15,False,dining,4569.76,False,normal
txn_0000646,U1023,2026-01-20 23:55:00,2999.06,web,B_U1023_13,False,dining,3158.77,False,normal
txn_0000566,U1020,2026-01-21 00:15:00,1099.67,mobile,B_U1020_14,False,groceries,2216.94,False,normal
txn_0001107,U1040,2026-01-21 00:21:00,1717.73,mobile,B_U1040_18,False,investment,3480.98,False,normal
txn_0002913,U1108,2026-01-21 00:25:00,4082.03,mobile,B_U1108_15,False,utilities,3438.35,False,normal
txn_0002652,U1098,2026-01-21 00:29:00,8059.14,mobile,B_U1098_15,False,groceries,7495.59,False,normal
txn_0002783,U1103,2026-01-21 00:31:00,2731.98,web,B_U1103_7,False,peer_transfer,3356.29,False,normal
txn_0001508,U1055,2026-01-21 00:32:00,1823.52,mobile,B_U1055_1,False,electronics,2454.82,False,normal
txn_0001404,U1051,2026-01-21 00:35:00,1524.37,web,B_U1051_1,False,fuel,1990.06,False,normal
txn_0001645,U1060,2026-01-21 00:45:00,2543.23,mobile,B_U1060_3,False,groceries,2200.45,False,normal
txn_0001614,U1059,2026-01-21 00:49:00,6378.69,mobile,B_U1059_10,False,investment,2320.66,False,normal
txn_0000836,U1030,2026-01-21 00:56:00,1700.06,web,B_U1030_4,False,electronics,2316.16,False,normal
txn_0001646,U1060,2026-01-21 01:09:00,3197.31,mobile,B_U1060_9,False,dining,2200.45,False,normal
txn_0000216,U1007,2026-01-21 01:15:00,4110.37,mobile,B_U1007_5,False,dining,3285.15,False,normal
txn_0002548,U1094,2026-01-21 01:24:00,6323.26,web,B_U1094_3,False,investment,2174.74,False,normal
txn_0002549,U1094,2026-01-21 01:35:00,3938.33,mobile,B_U1094_16,False,groceries,2174.74,False,normal
txn_0000431,U1015,2026-01-21 01:48:00,2507.92,mobile,B_U1015_5,False,utilities,2999.76,False,normal
txn_0001482,U1054,2026-01-21 01:52:00,2474.48,web,B_U1054_2,False,dining,2347.07,False,normal
txn_0000107,U1003,2026-01-21 02:03:00,1512.31,atm,B_U1003_18,False,dining,2001.51,False,normal
txn_0001026,U1037,2026-01-21 02:09:00,2852.76,web,B_U1037_58667,True,travel,3096.92,False,normal
txn_0000917,U1033,2026-01-21 02:38:00,3583.33,mobile,B_U1033_4,False,peer_transfer,2238.38,False,normal
txn_0002678,U1099,2026-01-21 03:14:00,6192.39,web,B_U1099_7,False,utilities,7588.88,False,normal
txn_0000998,U1036,2026-01-21 03:17:00,568.26,web,B_U1036_16,False,peer_transfer,1129.15,False,normal
txn_0000483,U1017,2026-01-21 03:25:00,4511.09,atm,B_U1017_3,False,travel,4706.98,False,normal
txn_0003173,U1118,2026-01-21 03:52:00,5977.96,web,B_U1118_2,False,electronics,3428.82,False,normal
txn_0001483,U1054,2026-01-21 03:55:00,1905.14,web,B_U1054_9,False,utilities,2347.07,False,normal
txn_0000782,U1028,2026-01-21 04:03:00,4483.46,mobile,B_U1028_12,False,dining,4440.68,False,normal
txn_0001050,U1038,2026-01-21 04:17:00,4926.79,mobile,B_U1038_18,False,utilities,9163.94,False,normal
txn_0003016,U1112,2026-01-21 04:31:00,4254.98,web,B_U1112_10,False,utilities,5205.26,False,normal
txn_0000484,U1017,2026-01-21 04:39:00,1780.03,mobile,B_U1017_11,False,dining,4706.98,False,normal
txn_0002914,U1108,2026-01-21 04:46:00,3361.56,mobile,B_U1108_16,False,utilities,3438.35,False,normal
txn_0002600,U1096,2026-01-21 04:50:00,5732.4,mobile,B_U1096_4,False,electronics,4725.77,False,normal
txn_0000700,U1025,2026-01-21 05:04:00,865.52,web,B_U1025_1,False,groceries,2077.08,False,normal
txn_0002653,U1098,2026-01-21 05:09:00,6708.07,web,B_U1098_15,False,investment,7495.59,False,normal
txn_0002524,U1093,2026-01-21 05:22:00,2601.87,mobile,B_U1093_13,False,peer_transfer,3053.67,False,normal
txn_0002212,U1081,2026-01-21 05:32:00,2462.38,mobile,B_U1081_11,False,fuel,4023.78,False,normal
txn_0002810,U1104,2026-01-21 05:38:00,1653.46,mobile,B_U1104_15,False,electronics,1958.45,False,normal
txn_0001484,U1054,2026-01-21 05:55:00,2561.59,web,B_U1054_11,False,fuel,2347.07,False,normal
txn_0000432,U1015,2026-01-21 06:01:00,9903.46,web,B_U1015_5,False,investment,2999.76,False,normal
txn_0002341,U1086,2026-01-21 06:07:00,6174.79,mobile,B_U1086_4,False,groceries,4347.82,False,normal
txn_0001647,U1060,2026-01-21 06:09:00,1985.36,mobile,B_U1060_3,False,utilities,2200.45,False,normal
txn_0002938,U1109,2026-01-21 06:09:00,4958.34,atm,B_U1109_10,False,investment,5925.56,False,normal
txn_0002756,U1102,2026-01-21 06:13:00,4381.31,web,B_U1102_5,False,dining,4673.84,False,normal
txn_0002314,U1085,2026-01-21 06:16:00,3529.33,mobile,B_U1085_14,False,investment,1952.44,False,normal
txn_0002834,U1105,2026-01-21 06:19:00,2924.69,mobile,B_U1105_11,False,groceries,5101.93,False,normal
txn_0002601,U1096,2026-01-21 06:23:00,4063.15,web,B_U1096_3,False,utilities,4725.77,False,normal
txn_0001807,U1066,2026-01-21 06:25:00,5614.07,mobile,B_U1066_5,False,investment,2174.71,False,normal
txn_0001374,U1050,2026-01-21 06:35:00,2547.15,mobile,B_U1050_13,False,groceries,3695.41,False,normal
txn_0001458,U1053,2026-01-21 06:46:00,5247.81,web,B_U1053_13,False,peer_transfer,3360.77,False,normal
txn_0000647,U1023,2026-01-21 06:52:00,2650.44,mobile,B_U1023_7,False,investment,3158.77,False,normal
txn_0000187,U1006,2026-01-21 07:13:00,2572.37,mobile,B_U1006_60587,True,utilities,2287.03,False,normal
txn_0000619,U1022,2026-01-21 07:24:00,4108.89,mobile,B_U1022_11,False,dining,4140.87,False,normal
txn_0000918,U1033,2026-01-21 07:30:00,2972.85,web,B_U1033_6,False,groceries,2238.38,False,normal
txn_0001566,U1057,2026-01-21 07:32:00,6226.2,atm,B_U1057_2,False,fuel,6319.59,False,normal
txn_0002574,U1095,2026-01-21 07:32:00,2999.78,atm,B_U1095_9,False,dining,4619.02,False,normal
txn_0001943,U1071,2026-01-21 07:39:00,2265.32,web,B_U1071_17,False,travel,4084.71,False,normal
txn_0000729,U1026,2026-01-21 08:24:00,1280.93,mobile,B_U1026_8,False,dining,2270.01,False,normal
txn_0000862,U1031,2026-01-21 08:30:00,4506.48,mobile,B_U1031_15,False,dining,3939.68,False,normal
txn_0001132,U1041,2026-01-21 08:38:00,2532.36,web,B_U1041_12,False,fuel,3955.76,False,normal
txn_0000348,U1012,2026-01-21 08:46:00,2291.03,mobile,B_U1012_14,False,dining,2152.49,False,normal
txn_0000889,U1032,2026-01-21 09:06:00,944.33,web,B_U1032_2,False,utilities,1492.58,False,normal
txn_0000837,U1030,2026-01-21 09:09:00,3706.45,mobile,B_U1030_11,False,dining,2316.16,False,normal
txn_0002860,U1106,2026-01-21 09:09:00,7270.51,mobile,B_U1106_12,False,peer_transfer,3670.02,False,normal
txn_0001268,U1046,2026-01-21 09:16:00,1249.51,web,B_U1046_14,False,fuel,2217.91,False,normal
txn_0002861,U1106,2026-01-21 09:50:00,2437.98,mobile,B_U1106_4,False,utilities,3670.02,False,normal
txn_0000594,U1021,2026-01-21 10:01:00,3446.8,web,B_U1021_9,False,utilities,2094.79,False,normal
txn_0002237,U1082,2026-01-21 10:06:00,5631.7,mobile,B_U1082_17,False,peer_transfer,4569.76,False,normal
txn_0002862,U1106,2026-01-21 10:10:00,1985.46,mobile,B_U1106_3,False,groceries,3670.02,False,normal
txn_0002835,U1105,2026-01-21 10:17:00,3083.1,mobile,B_U1105_14,False,groceries,5101.93,False,normal
txn_0001350,U1049,2026-01-21 10:25:00,1019.66,web,B_U1049_56823,True,utilities,1500.95,False,normal
txn_0001485,U1054,2026-01-21 10:50:00,1595.15,atm,B_U1054_11,False,fuel,2347.07,False,normal
txn_0001834,U1067,2026-01-21 11:10:00,1348.27,mobile,B_U1067_5,False,electronics,2136.18,False,normal
txn_0003174,U1118,2026-01-21 11:14:00,4154.9,mobile,B_U1118_17,False,electronics,3428.82,False,normal
txn_0000863,U1031,2026-01-21 11:22:00,3745.67,web,B_U1031_10,False,travel,3939.68,False,normal
txn_0000620,U1022,2026-01-21 11:24:00,5881.2,mobile,B_U1022_11,False,electronics,4140.87,False,normal
txn_0001051,U1038,2026-01-21 11:28:00,21229.83,mobile,B_U1038_4,False,peer_transfer,9163.94,False,normal
txn_0000403,U1014,2026-01-21 11:46:00,4099.33,atm,B_U1014_3,False,dining,5753.35,False,normal
txn_0001321,U1048,2026-01-21 12:08:00,3181.46,mobile,B_U1048_10,False,groceries,2557.77,False,normal
txn_0002106,U1077,2026-01-21 12:18:00,2993.11,mobile,B_U1077_3,False,fuel,1866.36,False,normal
txn_0001133,U1041,2026-01-21 12:19:00,4270.56,mobile,B_U1041_17,False,dining,3955.76,False,normal
txn_0001808,U1066,2026-01-21 12:35:00,7965.25,web,B_U1066_16,False,electronics,2174.71,False,normal
txn_0001080,U1039,2026-01-21 12:47:00,1701.29,mobile,B_U1039_8,False,groceries,1555.7,False,normal
txn_0002706,U1100,2026-01-21 12:50:00,7108.8,mobile,B_U1100_37156,True,utilities,3364.39,False,normal
txn_0002025,U1074,2026-01-21 12:59:00,1810.99,mobile,B_U1074_3,False,utilities,2873.53,False,normal
txn_0000349,U1012,2026-01-21 13:00:00,1351.62,mobile,B_U1012_6,False,electronics,2152.49,False,normal
txn_0000485,U1017,2026-01-21 13:06:00,7134.14,mobile,B_U1017_12,False,dining,4706.98,False,normal
txn_0000486,U1017,2026-01-21 13:13:00,5929.58,web,B_U1017_49795,True,dining,4706.98,False,normal
txn_0001134,U1041,2026-01-21 13:22:00,5720.89,mobile,B_U1041_61914,True,electronics,3955.76,False,normal
txn_0000890,U1032,2026-01-21 13:32:00,966.33,web,B_U1032_8,False,fuel,1492.58,False,normal
txn_0003017,U1112,2026-01-21 13:56:00,15175.44,mobile,B_U1112_11,False,electronics,5205.26,False,normal
txn_0000404,U1014,2026-01-21 14:34:00,7139.57,atm,B_U1014_18,False,peer_transfer,5753.35,False,normal
txn_0002420,U1089,2026-01-21 14:50:00,9625.91,web,B_U1089_13,False,dining,9995.49,False,normal
txn_0001701,U1062,2026-01-21 14:53:00,4915.86,mobile,B_U1062_7,False,utilities,5313.72,False,normal
txn_0000864,U1031,2026-01-21 14:55:00,4667.07,mobile,B_U1031_10,False,dining,3939.68,False,normal
txn_0000080,U1002,2026-01-21 15:02:00,3085.41,web,B_U1002_14,False,investment,4906.58,False,normal
txn_0002888,U1107,2026-01-21 15:06:00,2115.24,mobile,B_U1107_7,False,groceries,2290.51,False,normal
txn_0001538,U1056,2026-01-21 15:28:00,1616.31,web,B_U1056_17,False,peer_transfer,4117.9,False,normal
txn_0003018,U1112,2026-01-21 15:51:00,7094.89,mobile,B_U1112_10,False,travel,5205.26,False,normal
txn_0000324,U1011,2026-01-21 16:03:00,7245.73,web,B_U1011_10,False,dining,9375.34,False,normal
txn_0001615,U1059,2026-01-21 16:04:00,1762.5,web,B_U1059_15,False,fuel,2320.66,False,normal
txn_0000081,U1002,2026-01-21 16:11:00,8797.43,mobile,B_U1002_16,False,investment,4906.58,False,normal
txn_0001616,U1059,2026-01-21 16:25:00,2624.43,web,B_U1059_80104,True,electronics,2320.66,False,normal
txn_0000971,U1035,2026-01-21 16:26:00,4446.78,web,B_U1035_15,False,utilities,2810.15,False,normal
txn_0001754,U1064,2026-01-21 16:58:00,5367.16,mobile,B_U1064_2,False,travel,7922.85,False,normal
txn_0001944,U1071,2026-01-21 17:18:00,7457.45,web,B_U1071_17,False,electronics,4084.71,False,normal
txn_0002757,U1102,2026-01-21 17:39:00,4365.16,mobile,B_U1102_16265,True,travel,4673.84,False,normal
txn_0002159,U1079,2026-01-21 17:59:00,1158.86,mobile,B_U1079_7,False,groceries,1934.95,False,normal
txn_0001593,U1058,2026-01-21 18:07:00,6054.54,mobile,B_U1058_17,False,peer_transfer,4002.51,False,normal
txn_0001617,U1059,2026-01-21 18:08:00,1510.58,mobile,B_U1059_16,False,groceries,2320.66,False,normal
txn_0002394,U1088,2026-01-21 18:23:00,1038.78,web,B_U1088_15,False,travel,1638.89,False,normal
txn_0000891,U1032,2026-01-21 18:32:00,1154.92,mobile,B_U1032_9,False,fuel,1492.58,False,normal
txn_0000188,U1006,2026-01-21 18:40:00,2685.48,atm,B_U1006_18680,True,investment,2287.03,False,normal
txn_0002602,U1096,2026-01-21 18:42:00,5117.62,web,B_U1096_2,False,utilities,4725.77,False,normal
txn_0001509,U1055,2026-01-21 18:45:00,2160.12,mobile,B_U1055_9,False,peer_transfer,2454.82,False,normal
txn_0003043,U1113,2026-01-21 18:54:00,2173.23,mobile,B_U1113_12,False,investment,1261.03,False,normal
txn_0000567,U1020,2026-01-21 19:18:00,2413.2,mobile,B_U1020_10,False,utilities,2216.94,False,normal
txn_0002550,U1094,2026-01-21 19:23:00,2243.41,mobile,B_U1094_90168,True,fuel,2174.74,False,normal
txn_0000243,U1008,2026-01-21 19:32:00,2254.3,web,B_U1008_2,False,dining,3573.17,False,normal
txn_0001539,U1056,2026-01-21 19:34:00,22417.83,web,B_U1056_9,False,investment,4117.9,False,normal
txn_0003044,U1113,2026-01-21 19:39:00,579.97,atm,B_U1113_11,False,groceries,1261.03,False,normal
txn_0002758,U1102,2026-01-21 19:49:00,7276.27,mobile,B_U1102_12,False,utilities,4673.84,False,normal
txn_0001052,U1038,2026-01-21 20:09:00,5934.21,mobile,B_U1038_6,False,utilities,9163.94,False,normal
txn_0001888,U1069,2026-01-21 20:13:00,5605.14,mobile,B_U1069_8,False,groceries,5981.69,False,normal
txn_0000053,U1001,2026-01-21 20:17:00,9680.77,mobile,B_U1001_7,False,investment,2959.57,False,normal
txn_0001618,U1059,2026-01-21 20:44:00,3246.26,web,B_U1059_5,False,electronics,2320.66,False,normal
txn_0000945,U1034,2026-01-21 20:52:00,2305.69,mobile,B_U1034_5,False,utilities,3918.7,False,normal
txn_0002160,U1079,2026-01-21 20:52:00,1103.72,web,B_U1079_10,False,utilities,1934.95,False,normal
txn_0001619,U1059,2026-01-21 21:01:00,2437.56,mobile,B_U1059_5,False,peer_transfer,2320.66,False,normal
txn_0000621,U1022,2026-01-21 21:03:00,3375.29,web,B_U1022_8,False,utilities,4140.87,False,normal
txn_0002078,U1076,2026-01-21 21:04:00,5885.76,web,B_U1076_2,False,travel,4907.7,False,normal
txn_0000999,U1036,2026-01-21 21:08:00,1252.28,mobile,B_U1036_18,False,fuel,1129.15,False,normal
txn_0000350,U1012,2026-01-21 21:30:00,2059.67,mobile,B_U1012_15,False,groceries,2152.49,False,normal
txn_0002679,U1099,2026-01-21 21:31:00,7836.53,atm,B_U1099_15,False,investment,7588.88,False,normal
txn_0002079,U1076,2026-01-21 22:05:00,3885.66,web,B_U1076_14,False,investment,4907.7,False,normal
txn_0001375,U1050,2026-01-21 22:23:00,1888.35,web,B_U1050_7,False,fuel,3695.41,False,normal
txn_0001510,U1055,2026-01-21 22:26:00,1832.12,mobile,B_U1055_14,False,dining,2454.82,False,normal
txn_0001240,U1045,2026-01-21 22:52:00,3458.69,mobile,B_U1045_78503,True,utilities,3817.05,False,normal
txn_0000458,U1016,2026-01-21 23:03:00,2163.99,web,B_U1016_31904,True,utilities,2121.6,False,normal
txn_0002992,U1111,2026-01-21 23:07:00,3489.34,mobile,B_U1111_10,False,fuel,3287.89,False,normal
txn_0001781,U1065,2026-01-21 23:13:00,9036.54,web,B_U1065_8,False,electronics,2907.56,False,normal
txn_0002498,U1092,2026-01-21 23:18:00,2653.36,mobile,B_U1092_6,False,electronics,2917.77,False,normal
txn_0002939,U1109,2026-01-21 23:18:00,5018.79,mobile,B_U1109_1,False,fuel,5925.56,False,normal
txn_0000296,U1010,2026-01-21 23:20:00,3397.85,mobile,B_U1010_4,False,dining,4545.51,False,normal
txn_0001269,U1046,2026-01-21 23:33:00,1096.24,mobile,B_U1046_7,False,utilities,2217.91,False,normal
txn_0001053,U1038,2026-01-21 23:40:00,9140.99,mobile,B_U1038_60438,True,utilities,9163.94,False,normal
txn_0002315,U1085,2026-01-21 23:57:00,659.7,web,B_U1085_14,False,investment,1952.44,False,normal
txn_0002368,U1087,2026-01-21 23:59:00,1411.43,mobile,B_U1087_31301,True,electronics,1419.15,False,normal
txn_0001620,U1059,2026-01-22 00:19:00,3187.01,web,B_U1059_13,False,travel,2320.66,False,normal
txn_0000108,U1003,2026-01-22 00:36:00,5042.36,web,B_U1003_2,False,investment,2001.51,False,normal
txn_0000701,U1025,2026-01-22 00:49:00,1631.15,web,B_U1025_86131,True,fuel,2077.08,False,normal
txn_0002654,U1098,2026-01-22 00:52:00,7543.33,mobile,B_U1098_11,False,travel,7495.59,False,normal
txn_0002133,U1078,2026-01-22 01:09:00,1746.17,mobile,B_U1078_3,False,electronics,6944.14,False,normal
txn_0000135,U1004,2026-01-22 01:23:00,1246.04,mobile,B_U1004_2,False,fuel,2852.1,False,normal
txn_0001511,U1055,2026-01-22 01:24:00,1855.66,mobile,B_U1055_18,False,fuel,2454.82,False,normal
txn_0000648,U1023,2026-01-22 01:25:00,1854.39,mobile,B_U1023_9,False,peer_transfer,3158.77,False,normal
txn_0002836,U1105,2026-01-22 01:32:00,2813.53,mobile,B_U1105_17,False,peer_transfer,5101.93,False,normal
txn_0002966,U1110,2026-01-22 02:07:00,4463.74,mobile,B_U1110_40488,True,electronics,2501.88,False,normal
txn_0001755,U1064,2026-01-22 02:11:00,6496.28,atm,B_U1064_1,False,fuel,7922.85,False,normal
txn_0000513,U1018,2026-01-22 02:12:00,1809.25,web,B_U1018_10,False,investment,1714.18,False,normal
txn_0000675,U1024,2026-01-22 02:16:00,2174.77,mobile,B_U1024_5,False,groceries,3630.97,False,normal
txn_0000972,U1035,2026-01-22 02:20:00,2036.92,web,B_U1035_16,False,peer_transfer,2810.15,False,normal
txn_0002264,U1083,2026-01-22 02:23:00,5983.31,mobile,B_U1083_7,False,utilities,3626.19,False,normal
txn_0001322,U1048,2026-01-22 02:36:00,1432.81,atm,B_U1048_1,False,groceries,2557.77,False,normal
txn_0001512,U1055,2026-01-22 02:38:00,2920.31,mobile,B_U1055_13,False,investment,2454.82,False,normal
txn_0002731,U1101,2026-01-22 02:39:00,6107.82,mobile,B_U1101_16,False,investment,2326.49,False,normal
txn_0000540,U1019,2026-01-22 02:42:00,2496.67,mobile,B_U1019_14,False,dining,4323.75,False,normal
txn_0000297,U1010,2026-01-22 03:08:00,1883.16,mobile,B_U1010_6,False,investment,4545.51,False,normal
txn_0001431,U1052,2026-01-22 03:10:00,579.73,mobile,B_U1052_11,False,dining,1695.82,False,normal
txn_0000027,U1000,2026-01-22 03:11:00,1578.91,mobile,B_U1000_9,False,peer_transfer,3431.57,False,normal
txn_0000459,U1016,2026-01-22 03:17:00,1462.21,web,B_U1016_12,False,utilities,2121.6,False,normal
txn_0001241,U1045,2026-01-22 03:19:00,6748.76,mobile,B_U1045_7,False,investment,3817.05,False,normal
txn_0002446,U1090,2026-01-22 03:26:00,4006.96,mobile,B_U1090_17,False,peer_transfer,3957.38,False,normal
txn_0002316,U1085,2026-01-22 03:30:00,624.81,mobile,B_U1085_15,False,peer_transfer,1952.44,False,normal
txn_0000405,U1014,2026-01-22 03:38:00,9385.1,atm,B_U1014_3,False,electronics,5753.35,False,normal
txn_0001323,U1048,2026-01-22 03:41:00,2349.9,mobile,B_U1048_11,False,utilities,2557.77,False,normal
txn_0002628,U1097,2026-01-22 03:51:00,932.56,mobile,B_U1097_14,False,travel,1723.17,False,normal
txn_0002288,U1084,2026-01-22 03:55:00,1572.51,mobile,B_U1084_11,False,investment,1662.97,False,normal
txn_0001160,U1042,2026-01-22 03:58:00,8812.85,atm,B_U1042_10,False,peer_transfer,4610.29,False,normal
txn_0000351,U1012,2026-01-22 03:59:00,1504.9,mobile,B_U1012_11,False,dining,2152.49,False,normal
txn_0001782,U1065,2026-01-22 04:04:00,1392.08,mobile,B_U1065_13,False,peer_transfer,2907.56,False,normal
txn_0001889,U1069,2026-01-22 04:06:00,3640.69,mobile,B_U1069_9,False,dining,5981.69,False,normal
txn_0000162,U1005,2026-01-22 04:07:00,4805.91,web,B_U1005_9,False,electronics,2618.11,False,normal
txn_0000054,U1001,2026-01-22 04:41:00,3508.86,web,B_U1001_11,False,fuel,2959.57,False,normal
txn_0002575,U1095,2026-01-22 05:08:00,4643.56,mobile,B_U1095_3,False,fuel,4619.02,False,normal
txn_0002732,U1101,2026-01-22 05:10:00,2446.27,mobile,B_U1101_17,False,groceries,2326.49,False,normal
txn_0002289,U1084,2026-01-22 05:12:00,1541.71,atm,B_U1084_6,False,electronics,1662.97,False,normal
txn_0002940,U1109,2026-01-22 05:21:00,3590.36,web,B_U1109_18,False,utilities,5925.56,False,normal
txn_0000378,U1013,2026-01-22 05:27:00,697.31,atm,B_U1013_7,False,investment,4381.55,False,normal
txn_0003148,U1117,2026-01-22 05:38:00,9306.91,mobile,B_U1117_10,False,investment,3396.23,False,normal
txn_0002784,U1103,2026-01-22 05:41:00,1979.37,web,B_U1103_9,False,dining,3356.29,False,normal
txn_0001674,U1061,2026-01-22 05:48:00,8189.93,web,B_U1061_11,False,groceries,13171.59,False,normal
txn_0001161,U1042,2026-01-22 05:54:00,2901.87,mobile,B_U1042_8,False,fuel,4610.29,False,normal
txn_0001835,U1067,2026-01-22 05:54:00,2154.05,mobile,B_U1067_13,False,investment,2136.18,False,normal
txn_0002576,U1095,2026-01-22 06:14:00,3159.36,mobile,B_U1095_10,False,groceries,4619.02,False,normal
txn_0001998,U1073,2026-01-22 06:19:00,3383.86,web,B_U1073_13,False,investment,3306.92,False,normal
txn_0001890,U1069,2026-01-22 06:28:00,5492.26,mobile,B_U1069_17,False,peer_transfer,5981.69,False,normal
txn_0001836,U1067,2026-01-22 06:33:00,2184.61,web,B_U1067_64956,True,travel,2136.18,False,normal
txn_0002342,U1086,2026-01-22 06:42:00,7180.79,mobile,B_U1086_12,False,utilities,4347.82,False,normal
txn_0001376,U1050,2026-01-22 06:55:00,2346.26,web,B_U1050_17,False,travel,3695.41,False,normal
txn_0002290,U1084,2026-01-22 07:00:00,2237.4,mobile,B_U1084_16,False,dining,1662.97,False,normal
txn_0001242,U1045,2026-01-22 07:01:00,3423.93,mobile,B_U1045_16,False,electronics,3817.05,False,normal
txn_0000702,U1025,2026-01-22 07:07:00,2690.82,mobile,B_U1025_10,False,dining,2077.08,False,normal
txn_0000189,U1006,2026-01-22 07:20:00,1270.46,web,B_U1006_17,False,electronics,2287.03,False,normal
txn_0000783,U1028,2026-01-22 07:21:00,6139.58,mobile,B_U1028_12,False,electronics,4440.68,False,normal
txn_0000756,U1027,2026-01-22 07:30:00,4548.28,mobile,B_U1027_22845,True,travel,2802.86,False,normal
txn_0002238,U1082,2026-01-22 07:33:00,1943.32,web,B_U1082_18,False,travel,4569.76,False,normal
txn_0001809,U1066,2026-01-22 07:38:00,1902.11,web,B_U1066_5,False,travel,2174.71,False,normal
txn_0001377,U1050,2026-01-22 07:49:00,2917.14,atm,B_U1050_2,False,fuel,3695.41,False,normal
txn_0002680,U1099,2026-01-22 07:59:00,6293.98,atm,B_U1099_87871,True,groceries,7588.88,False,normal
txn_0003204,U1066,2026-01-01T09:34:00,60000.0,web,B_U1066_69354,True,peer_transfer,2174.71,True,device_change_transaction_velocity
txn_0003205,U1066,2026-01-01T09:37:00,60000.0,web,B_U1066_2,False,peer_transfer,2174.71,True,device_change_transaction_velocity
txn_0003206,U1066,2026-01-01T09:41:00,60000.0,web,B_U1066_7,False,peer_transfer,2174.71,True,device_change_transaction_velocity
txn_0003207,U1066,2026-01-01T09:45:00,60000.0,mobile,B_U1066_18,False,peer_transfer,2174.71,True,device_change_transaction_velocity
txn_0003244,U1025,2026-01-01T11:33:00,150000.0,mobile,B_U1025_48282,True,peer_transfer,2077.08,True,credential_stuffing_new_beneficiary
txn_0003229,U1038,2026-01-01T12:00:00,200000.0,web,B_U1038_96712,True,peer_transfer,9163.94,True,impossible_travel
txn_0003362,U1053,2026-01-01T16:42:00,200000.0,web,B_U1053_56214,True,peer_transfer,3360.77,True,impossible_travel
txn_0003315,U1056,2026-01-01T22:11:00,175000.0,web,B_U1056_11,False,investment,4117.9,True,weak_crypto_large_transfer
txn_0003391,U1073,2026-01-02T07:50:00,150000.0,mobile,B_U1073_49002,True,peer_transfer,3306.92,True,credential_stuffing_new_beneficiary
txn_0003225,U1091,2026-01-02T08:01:00,60000.0,mobile,B_U1091_52390,True,peer_transfer,1905.36,True,device_change_transaction_velocity
txn_0003226,U1091,2026-01-02T08:04:00,60000.0,mobile,B_U1091_8,False,peer_transfer,1905.36,True,device_change_transaction_velocity
txn_0003227,U1091,2026-01-02T08:08:00,60000.0,web,B_U1091_1,False,peer_transfer,1905.36,True,device_change_transaction_velocity
txn_0003228,U1091,2026-01-02T08:12:00,60000.0,web,B_U1091_17,False,peer_transfer,1905.36,True,device_change_transaction_velocity
txn_0003364,U1038,2026-01-02T09:54:00,175000.0,web,B_U1038_10,False,investment,9163.94,True,weak_crypto_large_transfer
txn_0003379,U1085,2026-01-02T11:40:00,60000.0,web,B_U1085_89411,True,peer_transfer,1952.44,True,device_change_transaction_velocity
txn_0003380,U1085,2026-01-02T11:43:00,60000.0,web,B_U1085_14,False,peer_transfer,1952.44,True,device_change_transaction_velocity
txn_0003381,U1085,2026-01-02T11:47:00,60000.0,web,B_U1085_17,False,peer_transfer,1952.44,True,device_change_transaction_velocity
txn_0003382,U1085,2026-01-02T11:51:00,60000.0,mobile,B_U1085_4,False,peer_transfer,1952.44,True,device_change_transaction_velocity
txn_0003201,U1073,2026-01-02T17:39:00,200000.0,web,B_U1073_81972,True,peer_transfer,3306.92,True,impossible_travel
txn_0003407,U1027,2026-01-02T23:13:00,60000.0,mobile,B_U1027_49142,True,peer_transfer,2802.86,True,device_change_transaction_velocity
txn_0003408,U1027,2026-01-02T23:16:00,60000.0,web,B_U1027_15,False,peer_transfer,2802.86,True,device_change_transaction_velocity
txn_0003279,U1057,2026-01-02T23:19:00,150000.0,mobile,B_U1057_98360,True,peer_transfer,6319.59,True,credential_stuffing_new_beneficiary
txn_0003409,U1027,2026-01-02T23:20:00,60000.0,web,B_U1027_3,False,peer_transfer,2802.86,True,device_change_transaction_velocity
txn_0003410,U1027,2026-01-02T23:24:00,60000.0,mobile,B_U1027_14,False,peer_transfer,2802.86,True,device_change_transaction_velocity
txn_0003350,U1087,2026-01-03T01:30:00,175000.0,web,B_U1087_16,False,investment,1419.15,True,weak_crypto_large_transfer
txn_0003299,U1088,2026-01-03T05:47:00,200000.0,web,B_U1088_95270,True,peer_transfer,1638.89,True,impossible_travel
txn_0003400,U1092,2026-01-03T20:01:00,60000.0,mobile,B_U1092_69544,True,peer_transfer,2917.77,True,device_change_transaction_velocity
txn_0003401,U1092,2026-01-03T20:04:00,60000.0,web,B_U1092_1,False,peer_transfer,2917.77,True,device_change_transaction_velocity
txn_0003402,U1092,2026-01-03T20:08:00,60000.0,web,B_U1092_16,False,peer_transfer,2917.77,True,device_change_transaction_velocity
txn_0003403,U1092,2026-01-03T20:12:00,60000.0,web,B_U1092_8,False,peer_transfer,2917.77,True,device_change_transaction_velocity
txn_0003337,U1113,2026-01-04T20:43:00,60000.0,web,B_U1113_91539,True,peer_transfer,1261.03,True,device_change_transaction_velocity
txn_0003338,U1113,2026-01-04T20:46:00,60000.0,mobile,B_U1113_1,False,peer_transfer,1261.03,True,device_change_transaction_velocity
txn_0003339,U1113,2026-01-04T20:50:00,60000.0,mobile,B_U1113_4,False,peer_transfer,1261.03,True,device_change_transaction_velocity
txn_0003340,U1113,2026-01-04T20:54:00,60000.0,mobile,B_U1113_9,False,peer_transfer,1261.03,True,device_change_transaction_velocity
txn_0003295,U1088,2026-01-04T21:07:00,60000.0,web,B_U1088_74100,True,peer_transfer,1638.89,True,device_change_transaction_velocity
txn_0003296,U1088,2026-01-04T21:10:00,60000.0,mobile,B_U1088_16,False,peer_transfer,1638.89,True,device_change_transaction_velocity
txn_0003297,U1088,2026-01-04T21:14:00,60000.0,web,B_U1088_18,False,peer_transfer,1638.89,True,device_change_transaction_velocity
txn_0003298,U1088,2026-01-04T21:18:00,60000.0,mobile,B_U1088_3,False,peer_transfer,1638.89,True,device_change_transaction_velocity
txn_0003202,U1029,2026-01-04T22:28:00,150000.0,mobile,B_U1029_24365,True,peer_transfer,2499.66,True,credential_stuffing_new_beneficiary
txn_0003313,U1025,2026-01-04T23:39:00,200000.0,web,B_U1025_27059,True,peer_transfer,2077.08,True,impossible_travel
txn_0003273,U1108,2026-01-05T04:30:00,175000.0,web,B_U1108_16,False,investment,3438.35,True,weak_crypto_large_transfer
txn_0003272,U1028,2026-01-05T04:32:00,150000.0,web,B_U1028_35169,True,peer_transfer,4440.68,True,credential_stuffing_new_beneficiary
txn_0003316,U1011,2026-01-05T09:11:00,60000.0,web,B_U1011_73172,True,peer_transfer,9375.34,True,device_change_transaction_velocity
txn_0003317,U1011,2026-01-05T09:14:00,60000.0,web,B_U1011_1,False,peer_transfer,9375.34,True,device_change_transaction_velocity
txn_0003318,U1011,2026-01-05T09:18:00,60000.0,web,B_U1011_12,False,peer_transfer,9375.34,True,device_change_transaction_velocity
txn_0003319,U1011,2026-01-05T09:22:00,60000.0,web,B_U1011_1,False,peer_transfer,9375.34,True,device_change_transaction_velocity
txn_0003306,U1004,2026-01-05T15:25:00,200000.0,web,B_U1004_31302,True,peer_transfer,2852.1,True,impossible_travel
txn_0003309,U1000,2026-01-05T19:55:00,60000.0,mobile,B_U1000_23560,True,peer_transfer,3431.57,True,device_change_transaction_velocity
txn_0003310,U1000,2026-01-05T19:58:00,60000.0,mobile,B_U1000_5,False,peer_transfer,3431.57,True,device_change_transaction_velocity
txn_0003311,U1000,2026-01-05T20:02:00,60000.0,mobile,B_U1000_2,False,peer_transfer,3431.57,True,device_change_transaction_velocity
txn_0003312,U1000,2026-01-05T20:06:00,60000.0,web,B_U1000_6,False,peer_transfer,3431.57,True,device_change_transaction_velocity
txn_0003390,U1007,2026-01-06T04:43:00,200000.0,web,B_U1007_25453,True,peer_transfer,3285.15,True,impossible_travel
txn_0003265,U1078,2026-01-06T06:26:00,150000.0,mobile,B_U1078_66611,True,peer_transfer,6944.14,True,credential_stuffing_new_beneficiary
txn_0003398,U1050,2026-01-06T07:05:00,150000.0,mobile,B_U1050_48358,True,peer_transfer,3695.41,True,credential_stuffing_new_beneficiary
txn_0003223,U1118,2026-01-06T09:44:00,150000.0,mobile,B_U1118_80603,True,peer_transfer,3428.82,True,credential_stuffing_new_beneficiary
txn_0003322,U1109,2026-01-06T19:31:00,175000.0,web,B_U1109_2,False,investment,5925.56,True,weak_crypto_large_transfer
txn_0003344,U1059,2026-01-07T01:04:00,60000.0,mobile,B_U1059_20216,True,peer_transfer,2320.66,True,device_change_transaction_velocity
txn_0003345,U1059,2026-01-07T01:07:00,60000.0,web,B_U1059_7,False,peer_transfer,2320.66,True,device_change_transaction_velocity
txn_0003346,U1059,2026-01-07T01:11:00,60000.0,mobile,B_U1059_3,False,peer_transfer,2320.66,True,device_change_transaction_velocity
txn_0003347,U1059,2026-01-07T01:15:00,60000.0,mobile,B_U1059_12,False,peer_transfer,2320.66,True,device_change_transaction_velocity
txn_0003334,U1013,2026-01-07T04:17:00,200000.0,web,B_U1013_97285,True,peer_transfer,4381.55,True,impossible_travel
txn_0003341,U1017,2026-01-07T07:31:00,200000.0,web,B_U1017_73013,True,peer_transfer,4706.98,True,impossible_travel
txn_0003336,U1021,2026-01-08T04:07:00,175000.0,web,B_U1021_13,False,investment,2094.79,True,weak_crypto_large_transfer
txn_0003335,U1035,2026-01-08T16:00:00,150000.0,mobile,B_U1035_60886,True,peer_transfer,2810.15,True,credential_stuffing_new_beneficiary
txn_0003236,U1079,2026-01-09T02:41:00,200000.0,web,B_U1079_92692,True,peer_transfer,1934.95,True,impossible_travel
txn_0003293,U1049,2026-01-09T04:17:00,150000.0,mobile,B_U1049_89133,True,peer_transfer,1500.95,True,credential_stuffing_new_beneficiary
txn_0003392,U1029,2026-01-09T05:17:00,175000.0,web,B_U1029_5,False,investment,2499.66,True,weak_crypto_large_transfer
txn_0003251,U1097,2026-01-09T08:36:00,150000.0,mobile,B_U1097_97876,True,peer_transfer,1723.17,True,credential_stuffing_new_beneficiary
txn_0003232,U1093,2026-01-09T08:48:00,60000.0,web,B_U1093_85596,True,peer_transfer,3053.67,True,device_change_transaction_velocity
txn_0003233,U1093,2026-01-09T08:51:00,60000.0,web,B_U1093_6,False,peer_transfer,3053.67,True,device_change_transaction_velocity
txn_0003234,U1093,2026-01-09T08:55:00,60000.0,mobile,B_U1093_5,False,peer_transfer,3053.67,True,device_change_transaction_velocity
txn_0003235,U1093,2026-01-09T08:59:00,60000.0,web,B_U1093_17,False,peer_transfer,3053.67,True,device_change_transaction_velocity
txn_0003342,U1064,2026-01-09T09:15:00,150000.0,mobile,B_U1064_21309,True,peer_transfer,7922.85,True,credential_stuffing_new_beneficiary
txn_0003323,U1007,2026-01-09T22:47:00,60000.0,web,B_U1007_44664,True,peer_transfer,3285.15,True,device_change_transaction_velocity
txn_0003324,U1007,2026-01-09T22:50:00,60000.0,web,B_U1007_18,False,peer_transfer,3285.15,True,device_change_transaction_velocity
txn_0003325,U1007,2026-01-09T22:54:00,60000.0,mobile,B_U1007_10,False,peer_transfer,3285.15,True,device_change_transaction_velocity
txn_0003326,U1007,2026-01-09T22:58:00,60000.0,web,B_U1007_2,False,peer_transfer,3285.15,True,device_change_transaction_velocity
txn_0003274,U1024,2026-01-10T00:35:00,60000.0,web,B_U1024_95852,True,peer_transfer,3630.97,True,device_change_transaction_velocity
txn_0003275,U1024,2026-01-10T00:38:00,60000.0,mobile,B_U1024_4,False,peer_transfer,3630.97,True,device_change_transaction_velocity
txn_0003276,U1024,2026-01-10T00:42:00,60000.0,mobile,B_U1024_17,False,peer_transfer,3630.97,True,device_change_transaction_velocity
txn_0003277,U1024,2026-01-10T00:46:00,60000.0,web,B_U1024_5,False,peer_transfer,3630.97,True,device_change_transaction_velocity
txn_0003356,U1050,2026-01-10T05:27:00,150000.0,mobile,B_U1050_58276,True,peer_transfer,3695.41,True,credential_stuffing_new_beneficiary
txn_0003294,U1076,2026-01-10T09:03:00,175000.0,web,B_U1076_12,False,investment,4907.7,True,weak_crypto_large_transfer
txn_0003320,U1110,2026-01-10T11:08:00,200000.0,web,B_U1110_29248,True,peer_transfer,2501.88,True,impossible_travel
txn_0003302,U1012,2026-01-10T11:16:00,60000.0,web,B_U1012_32076,True,peer_transfer,2152.49,True,device_change_transaction_velocity
txn_0003303,U1012,2026-01-10T11:19:00,60000.0,mobile,B_U1012_10,False,peer_transfer,2152.49,True,device_change_transaction_velocity
txn_0003304,U1012,2026-01-10T11:23:00,60000.0,web,B_U1012_9,False,peer_transfer,2152.49,True,device_change_transaction_velocity
txn_0003305,U1012,2026-01-10T11:27:00,60000.0,mobile,B_U1012_16,False,peer_transfer,2152.49,True,device_change_transaction_velocity
txn_0003238,U1028,2026-01-10T12:30:00,175000.0,web,B_U1028_8,False,investment,4440.68,True,weak_crypto_large_transfer
txn_0003365,U1082,2026-01-10T14:25:00,60000.0,web,B_U1082_39020,True,peer_transfer,4569.76,True,device_change_transaction_velocity
txn_0003366,U1082,2026-01-10T14:28:00,60000.0,web,B_U1082_13,False,peer_transfer,4569.76,True,device_change_transaction_velocity
txn_0003367,U1082,2026-01-10T14:32:00,60000.0,web,B_U1082_10,False,peer_transfer,4569.76,True,device_change_transaction_velocity
txn_0003368,U1082,2026-01-10T14:36:00,60000.0,mobile,B_U1082_14,False,peer_transfer,4569.76,True,device_change_transaction_velocity
txn_0003203,U1053,2026-01-10T14:53:00,175000.0,web,B_U1053_16,False,investment,3360.77,True,weak_crypto_large_transfer
txn_0003271,U1117,2026-01-10T21:11:00,200000.0,web,B_U1117_25483,True,peer_transfer,3396.23,True,impossible_travel
txn_0003260,U1094,2026-01-10T22:11:00,60000.0,web,B_U1094_40814,True,peer_transfer,2174.74,True,device_change_transaction_velocity
txn_0003261,U1094,2026-01-10T22:14:00,60000.0,mobile,B_U1094_5,False,peer_transfer,2174.74,True,device_change_transaction_velocity
txn_0003262,U1094,2026-01-10T22:18:00,60000.0,web,B_U1094_8,False,peer_transfer,2174.74,True,device_change_transaction_velocity
txn_0003263,U1094,2026-01-10T22:22:00,60000.0,mobile,B_U1094_18,False,peer_transfer,2174.74,True,device_change_transaction_velocity
txn_0003343,U1023,2026-01-11T02:55:00,175000.0,web,B_U1023_14,False,investment,3158.77,True,weak_crypto_large_transfer
txn_0003383,U1012,2026-01-11T03:53:00,200000.0,web,B_U1012_31472,True,peer_transfer,2152.49,True,impossible_travel
txn_0003231,U1074,2026-01-11T03:59:00,175000.0,web,B_U1074_4,False,investment,2873.53,True,weak_crypto_large_transfer
txn_0003357,U1013,2026-01-11T10:16:00,175000.0,web,B_U1013_6,False,investment,4381.55,True,weak_crypto_large_transfer
txn_0003329,U1092,2026-01-11T10:43:00,175000.0,web,B_U1092_2,False,investment,2917.77,True,weak_crypto_large_transfer
txn_0003287,U1028,2026-01-11T21:54:00,175000.0,web,B_U1028_7,False,investment,4440.68,True,weak_crypto_large_transfer
txn_0003237,U1052,2026-01-12T07:53:00,150000.0,mobile,B_U1052_66265,True,peer_transfer,1695.82,True,credential_stuffing_new_beneficiary
txn_0003372,U1049,2026-01-12T16:14:00,60000.0,web,B_U1049_59059,True,peer_transfer,1500.95,True,device_change_transaction_velocity
txn_0003373,U1049,2026-01-12T16:17:00,60000.0,web,B_U1049_8,False,peer_transfer,1500.95,True,device_change_transaction_velocity
txn_0003374,U1049,2026-01-12T16:21:00,60000.0,mobile,B_U1049_12,False,peer_transfer,1500.95,True,device_change_transaction_velocity
txn_0003375,U1049,2026-01-12T16:25:00,60000.0,mobile,B_U1049_18,False,peer_transfer,1500.95,True,device_change_transaction_velocity
txn_0003371,U1107,2026-01-12T18:01:00,175000.0,web,B_U1107_16,False,investment,2290.51,True,weak_crypto_large_transfer
txn_0003308,U1055,2026-01-12T20:34:00,175000.0,web,B_U1055_2,False,investment,2454.82,True,weak_crypto_large_transfer
txn_0003349,U1081,2026-01-13T09:16:00,150000.0,mobile,B_U1081_80023,True,peer_transfer,4023.78,True,credential_stuffing_new_beneficiary
txn_0003216,U1106,2026-01-13T13:54:00,150000.0,mobile,B_U1106_63424,True,peer_transfer,3670.02,True,credential_stuffing_new_beneficiary
txn_0003217,U1094,2026-01-13T14:17:00,175000.0,web,B_U1094_4,False,investment,2174.74,True,weak_crypto_large_transfer
txn_0003355,U1118,2026-01-13T16:47:00,200000.0,web,B_U1118_79991,True,peer_transfer,3428.82,True,impossible_travel
txn_0003301,U1050,2026-01-13T17:01:00,175000.0,web,B_U1050_6,False,investment,3695.41,True,weak_crypto_large_transfer
txn_0003278,U1118,2026-01-13T20:31:00,200000.0,web,B_U1118_73270,True,peer_transfer,3428.82,True,impossible_travel
txn_0003264,U1042,2026-01-14T16:10:00,200000.0,web,B_U1042_49727,True,peer_transfer,4610.29,True,impossible_travel
txn_0003280,U1046,2026-01-14T21:15:00,175000.0,web,B_U1046_7,False,investment,2217.91,True,weak_crypto_large_transfer
txn_0003224,U1049,2026-01-15T04:45:00,175000.0,web,B_U1049_14,False,investment,1500.95,True,weak_crypto_large_transfer
txn_0003358,U1011,2026-01-15T05:02:00,60000.0,mobile,B_U1011_74698,True,peer_transfer,9375.34,True,device_change_transaction_velocity
txn_0003359,U1011,2026-01-15T05:05:00,60000.0,mobile,B_U1011_5,False,peer_transfer,9375.34,True,device_change_transaction_velocity
txn_0003360,U1011,2026-01-15T05:09:00,60000.0,mobile,B_U1011_9,False,peer_transfer,9375.34,True,device_change_transaction_velocity
txn_0003361,U1011,2026-01-15T05:13:00,60000.0,mobile,B_U1011_11,False,peer_transfer,9375.34,True,device_change_transaction_velocity
txn_0003267,U1065,2026-01-15T06:13:00,60000.0,web,B_U1065_46533,True,peer_transfer,2907.56,True,device_change_transaction_velocity
txn_0003268,U1065,2026-01-15T06:16:00,60000.0,mobile,B_U1065_9,False,peer_transfer,2907.56,True,device_change_transaction_velocity
txn_0003269,U1065,2026-01-15T06:20:00,60000.0,web,B_U1065_11,False,peer_transfer,2907.56,True,device_change_transaction_velocity
txn_0003270,U1065,2026-01-15T06:24:00,60000.0,web,B_U1065_18,False,peer_transfer,2907.56,True,device_change_transaction_velocity
txn_0003286,U1007,2026-01-15T09:31:00,150000.0,mobile,B_U1007_84409,True,peer_transfer,3285.15,True,credential_stuffing_new_beneficiary
txn_0003218,U1110,2026-01-15T09:56:00,60000.0,web,B_U1110_92589,True,peer_transfer,2501.88,True,device_change_transaction_velocity
txn_0003219,U1110,2026-01-15T09:59:00,60000.0,web,B_U1110_3,False,peer_transfer,2501.88,True,device_change_transaction_velocity
txn_0003220,U1110,2026-01-15T10:03:00,60000.0,mobile,B_U1110_18,False,peer_transfer,2501.88,True,device_change_transaction_velocity
txn_0003221,U1110,2026-01-15T10:07:00,60000.0,mobile,B_U1110_2,False,peer_transfer,2501.88,True,device_change_transaction_velocity
txn_0003288,U1115,2026-01-16T01:14:00,60000.0,web,B_U1115_51716,True,peer_transfer,1701.41,True,device_change_transaction_velocity
txn_0003289,U1115,2026-01-16T01:17:00,60000.0,mobile,B_U1115_15,False,peer_transfer,1701.41,True,device_change_transaction_velocity
txn_0003290,U1115,2026-01-16T01:21:00,60000.0,mobile,B_U1115_9,False,peer_transfer,1701.41,True,device_change_transaction_velocity
txn_0003291,U1115,2026-01-16T01:25:00,60000.0,mobile,B_U1115_16,False,peer_transfer,1701.41,True,device_change_transaction_velocity
txn_0003239,U1108,2026-01-16T07:24:00,60000.0,web,B_U1108_75449,True,peer_transfer,3438.35,True,device_change_transaction_velocity
txn_0003384,U1067,2026-01-16T07:27:00,150000.0,mobile,B_U1067_21244,True,peer_transfer,2136.18,True,credential_stuffing_new_beneficiary
txn_0003240,U1108,2026-01-16T07:27:00,60000.0,mobile,B_U1108_1,False,peer_transfer,3438.35,True,device_change_transaction_velocity
txn_0003241,U1108,2026-01-16T07:31:00,60000.0,mobile,B_U1108_11,False,peer_transfer,3438.35,True,device_change_transaction_velocity
txn_0003242,U1108,2026-01-16T07:35:00,60000.0,mobile,B_U1108_10,False,peer_transfer,3438.35,True,device_change_transaction_velocity
txn_0003328,U1070,2026-01-16T08:41:00,150000.0,mobile,B_U1070_47759,True,peer_transfer,4224.9,True,credential_stuffing_new_beneficiary
txn_0003253,U1054,2026-01-16T10:15:00,60000.0,mobile,B_U1054_88223,True,peer_transfer,2347.07,True,device_change_transaction_velocity
txn_0003254,U1054,2026-01-16T10:18:00,60000.0,web,B_U1054_5,False,peer_transfer,2347.07,True,device_change_transaction_velocity
txn_0003255,U1054,2026-01-16T10:22:00,60000.0,web,B_U1054_9,False,peer_transfer,2347.07,True,device_change_transaction_velocity
txn_0003256,U1054,2026-01-16T10:26:00,60000.0,web,B_U1054_1,False,peer_transfer,2347.07,True,device_change_transaction_velocity
txn_0003257,U1035,2026-01-16T10:58:00,200000.0,web,B_U1035_30482,True,peer_transfer,2810.15,True,impossible_travel
txn_0003230,U1029,2026-01-16T13:00:00,150000.0,mobile,B_U1029_64638,True,peer_transfer,2499.66,True,credential_stuffing_new_beneficiary
txn_0003405,U1008,2026-01-16T13:02:00,150000.0,mobile,B_U1008_90387,True,peer_transfer,3573.17,True,credential_stuffing_new_beneficiary
txn_0003211,U1062,2026-01-16T19:49:00,60000.0,mobile,B_U1062_89719,True,peer_transfer,5313.72,True,device_change_transaction_velocity
txn_0003212,U1062,2026-01-16T19:52:00,60000.0,web,B_U1062_13,False,peer_transfer,5313.72,True,device_change_transaction_velocity
txn_0003213,U1062,2026-01-16T19:56:00,60000.0,mobile,B_U1062_17,False,peer_transfer,5313.72,True,device_change_transaction_velocity
txn_0003214,U1062,2026-01-16T20:00:00,60000.0,web,B_U1062_6,False,peer_transfer,5313.72,True,device_change_transaction_velocity
txn_0003377,U1058,2026-01-16T21:51:00,150000.0,mobile,B_U1058_83710,True,peer_transfer,4002.51,True,credential_stuffing_new_beneficiary
txn_0003397,U1033,2026-01-16T21:52:00,200000.0,web,B_U1033_28543,True,peer_transfer,2238.38,True,impossible_travel
txn_0003393,U1003,2026-01-17T00:32:00,60000.0,mobile,B_U1003_70620,True,peer_transfer,2001.51,True,device_change_transaction_velocity
txn_0003394,U1003,2026-01-17T00:35:00,60000.0,web,B_U1003_15,False,peer_transfer,2001.51,True,device_change_transaction_velocity
txn_0003395,U1003,2026-01-17T00:39:00,60000.0,web,B_U1003_16,False,peer_transfer,2001.51,True,device_change_transaction_velocity
txn_0003396,U1003,2026-01-17T00:43:00,60000.0,web,B_U1003_16,False,peer_transfer,2001.51,True,device_change_transaction_velocity
txn_0003307,U1119,2026-01-17T01:13:00,150000.0,mobile,B_U1119_50386,True,peer_transfer,2176.44,True,credential_stuffing_new_beneficiary
txn_0003208,U1112,2026-01-17T02:55:00,200000.0,web,B_U1112_74264,True,peer_transfer,5205.26,True,impossible_travel
txn_0003243,U1050,2026-01-17T20:02:00,200000.0,web,B_U1050_24120,True,peer_transfer,3695.41,True,impossible_travel
txn_0003246,U1032,2026-01-17T22:57:00,60000.0,web,B_U1032_57337,True,peer_transfer,1492.58,True,device_change_transaction_velocity
txn_0003247,U1032,2026-01-17T23:00:00,60000.0,mobile,B_U1032_2,False,peer_transfer,1492.58,True,device_change_transaction_velocity
txn_0003248,U1032,2026-01-17T23:04:00,60000.0,mobile,B_U1032_15,False,peer_transfer,1492.58,True,device_change_transaction_velocity
txn_0003249,U1032,2026-01-17T23:08:00,60000.0,web,B_U1032_6,False,peer_transfer,1492.58,True,device_change_transaction_velocity
txn_0003266,U1055,2026-01-18T05:29:00,175000.0,web,B_U1055_5,False,investment,2454.82,True,weak_crypto_large_transfer
txn_0003376,U1075,2026-01-18T07:16:00,200000.0,web,B_U1075_73849,True,peer_transfer,3596.75,True,impossible_travel
txn_0003259,U1048,2026-01-18T09:31:00,175000.0,web,B_U1048_7,False,investment,2557.77,True,weak_crypto_large_transfer
txn_0003285,U1094,2026-01-18T14:05:00,200000.0,web,B_U1094_47673,True,peer_transfer,2174.74,True,impossible_travel
txn_0003386,U1013,2026-01-18T17:14:00,60000.0,mobile,B_U1013_45379,True,peer_transfer,4381.55,True,device_change_transaction_velocity
txn_0003387,U1013,2026-01-18T17:17:00,60000.0,web,B_U1013_6,False,peer_transfer,4381.55,True,device_change_transaction_velocity
txn_0003388,U1013,2026-01-18T17:21:00,60000.0,web,B_U1013_5,False,peer_transfer,4381.55,True,device_change_transaction_velocity
txn_0003389,U1013,2026-01-18T17:25:00,60000.0,web,B_U1013_8,False,peer_transfer,4381.55,True,device_change_transaction_velocity
txn_0003245,U1095,2026-01-18T17:27:00,175000.0,web,B_U1095_5,False,investment,4619.02,True,weak_crypto_large_transfer
txn_0003363,U1011,2026-01-18T20:57:00,150000.0,mobile,B_U1011_83480,True,peer_transfer,9375.34,True,credential_stuffing_new_beneficiary
txn_0003314,U1006,2026-01-19T07:22:00,150000.0,mobile,B_U1006_49473,True,peer_transfer,2287.03,True,credential_stuffing_new_beneficiary
txn_0003210,U1033,2026-01-19T07:44:00,175000.0,web,B_U1033_1,False,investment,2238.38,True,weak_crypto_large_transfer
txn_0003385,U1103,2026-01-19T14:25:00,175000.0,web,B_U1103_3,False,investment,3356.29,True,weak_crypto_large_transfer
txn_0003370,U1089,2026-01-19T15:19:00,150000.0,mobile,B_U1089_24962,True,peer_transfer,9995.49,True,credential_stuffing_new_beneficiary
txn_0003378,U1106,2026-01-19T19:45:00,175000.0,web,B_U1106_10,False,investment,3670.02,True,weak_crypto_large_transfer
txn_0003348,U1089,2026-01-19T21:28:00,200000.0,web,B_U1089_83676,True,peer_transfer,9995.49,True,impossible_travel
txn_0003292,U1102,2026-01-19T22:03:00,200000.0,web,B_U1102_50566,True,peer_transfer,4673.84,True,impossible_travel
txn_0003215,U1012,2026-01-19T22:06:00,200000.0,web,B_U1012_37650,True,peer_transfer,2152.49,True,impossible_travel
txn_0003258,U1017,2026-01-19T22:56:00,150000.0,mobile,B_U1017_96223,True,peer_transfer,4706.98,True,credential_stuffing_new_beneficiary
txn_0003252,U1074,2026-01-20T02:39:00,175000.0,web,B_U1074_11,False,investment,2873.53,True,weak_crypto_large_transfer
txn_0003300,U1058,2026-01-20T10:01:00,150000.0,mobile,B_U1058_79157,True,peer_transfer,4002.51,True,credential_stuffing_new_beneficiary
txn_0003351,U1051,2026-01-20T12:29:00,60000.0,mobile,B_U1051_97946,True,peer_transfer,1990.06,True,device_change_transaction_velocity
txn_0003352,U1051,2026-01-20T12:32:00,60000.0,web,B_U1051_11,False,peer_transfer,1990.06,True,device_change_transaction_velocity
txn_0003353,U1051,2026-01-20T12:36:00,60000.0,web,B_U1051_15,False,peer_transfer,1990.06,True,device_change_transaction_velocity
txn_0003354,U1051,2026-01-20T12:40:00,60000.0,web,B_U1051_3,False,peer_transfer,1990.06,True,device_change_transaction_velocity
txn_0003321,U1076,2026-01-20T20:31:00,150000.0,mobile,B_U1076_78960,True,peer_transfer,4907.7,True,credential_stuffing_new_beneficiary
txn_0003209,U1081,2026-01-20T22:41:00,150000.0,mobile,B_U1081_88319,True,peer_transfer,4023.78,True,credential_stuffing_new_beneficiary
txn_0003250,U1003,2026-01-21T01:52:00,200000.0,web,B_U1003_46407,True,peer_transfer,2001.51,True,impossible_travel
txn_0003222,U1092,2026-01-21T07:27:00,200000.0,web,B_U1092_71656,True,peer_transfer,2917.77,True,impossible_travel
txn_0003327,U1079,2026-01-21T12:42:00,200000.0,web,B_U1079_58951,True,peer_transfer,1934.95,True,impossible_travel
txn_0003369,U1047,2026-01-21T16:55:00,200000.0,web,B_U1047_51311,True,peer_transfer,2870.56,True,impossible_travel
txn_0003406,U1057,2026-01-21T21:04:00,175000.0,web,B_U1057_10,False,investment,6319.59,True,weak_crypto_large_transfer
txn_0003330,U1033,2026-01-22T00:17:00,60000.0,web,B_U1033_86310,True,peer_transfer,2238.38,True,device_change_transaction_velocity
txn_0003331,U1033,2026-01-22T00:20:00,60000.0,mobile,B_U1033_14,False,peer_transfer,2238.38,True,device_change_transaction_velocity
txn_0003332,U1033,2026-01-22T00:24:00,60000.0,mobile,B_U1033_5,False,peer_transfer,2238.38,True,device_change_transaction_velocity
txn_0003333,U1033,2026-01-22T00:28:00,60000.0,web,B_U1033_2,False,peer_transfer,2238.38,True,device_change_transaction_velocity
txn_0003404,U1102,2026-01-22T00:28:00,200000.0,web,B_U1102_21313,True,peer_transfer,4673.84,True,impossible_travel
txn_0003399,U1110,2026-01-22T01:59:00,175000.0,web,B_U1110_4,False,investment,2501.88,True,weak_crypto_large_transfer
txn_0003281,U1051,2026-01-22T03:19:00,60000.0,mobile,B_U1051_59274,True,peer_transfer,1990.06,True,device_change_transaction_velocity
txn_0003282,U1051,2026-01-22T03:22:00,60000.0,web,B_U1051_6,False,peer_transfer,1990.06,True,device_change_transaction_velocity
txn_0003283,U1051,2026-01-22T03:26:00,60000.0,mobile,B_U1051_3,False,peer_transfer,1990.06,True,device_change_transaction_velocity
txn_0003284,U1051,2026-01-22T03:30:00,60000.0,mobile,B_U1051_1,False,peer_transfer,1990.06,True,device_change_transaction_velocity
